"article_id","topic_id","topic_name","topic_probability"
"1","2","Arrests, Bribery & Corruption (CIABOC)","1"
"2","1","General Sri Lanka News (Cyclone Ditwah relief, Rupee, Tourism)","1"
"3","1","General Sri Lanka News (Cyclone Ditwah relief, Rupee, Tourism)","1"
"4","1","General Sri Lanka News (Cyclone Ditwah relief, Rupee, Tourism)","1"
"5","14","US/China Trade & Tariffs","1"
"6","17","Healthcare Worker Strikes (GMOA)","1"
"7","2","Arrests, Bribery & Corruption (CIABOC)","1"
"8","10","Education & Examinations","1"
"9","0","Cricket","1"
"10","0","Cricket","1"
"11","3","Violence, Shootings & Fatal Accidents","1"
"12","7","Health & Dengue","1"
"13","3","Violence, Shootings & Fatal Accidents","1"
"14","1","General Sri Lanka News (Cyclone Ditwah relief, Rupee, Tourism)","1"
"15","3","Violence, Shootings & Fatal Accidents","1"
"16","15","Public Holidays & Special Traffic Plans","1"
"17","1","General Sri Lanka News (Cyclone Ditwah relief, Rupee, Tourism)","1"
"18","11","Wildlife & Human-Elephant Conflict","1"
"19","0","Cricket","1"
"20","1","General Sri Lanka News (Cyclone Ditwah relief, Rupee, Tourism)","1"
"21","2","Arrests, Bribery & Corruption (CIABOC)","1"
"22","4","Weather & Flood Warnings","1"
"23","1","General Sri Lanka News (Cyclone Ditwah relief, Rupee, Tourism)","1"
"24","1","General Sri Lanka News (Cyclone Ditwah relief, Rupee, Tourism)","1"
"25","3","Violence, Shootings & Fatal Accidents","1"
"26","23","Elon Musk & Global Business News","1"
"27","0","Cricket","1"
"28","0","Cricket","1"
"29","1","General Sri Lanka News (Cyclone Ditwah relief, Rupee, Tourism)","1"
"30","8","Electricity Tariffs & CEB","1"
"31","5","Iran War & Geopolitics (Trump/Hormuz)","1"
"32","8","Electricity Tariffs & CEB","1"
"33","1","General Sri Lanka News (Cyclone Ditwah relief, Rupee, Tourism)","1"
"34","0","Cricket","1"
"35","1","General Sri Lanka News (Cyclone Ditwah relief, Rupee, Tourism)","1"
"36","2","Arrests, Bribery & Corruption (CIABOC)","1"
"37","3","Violence, Shootings & Fatal Accidents","1"
"38","3","Violence, Shootings & Fatal Accidents","1"
"39","3","Violence, Shootings & Fatal Accidents","1"
"40","0","Cricket","1"
"41","3","Violence, Shootings & Fatal Accidents","1"
"42","1","General Sri Lanka News (Cyclone Ditwah relief, Rupee, Tourism)","1"
"43","3","Violence, Shootings & Fatal Accidents","1"
"44","3","Violence, Shootings & Fatal Accidents","1"
"45","2","Arrests, Bribery & Corruption (CIABOC)","1"
"46","4","Weather & Flood Warnings","1"
"47","4","Weather & Flood Warnings","1"
"48","1","General Sri Lanka News (Cyclone Ditwah relief, Rupee, Tourism)","1"
"49","0","Cricket","1"
"50","4","Weather & Flood Warnings","1"
"51","3","Violence, Shootings & Fatal Accidents","1"
"52","1","General Sri Lanka News (Cyclone Ditwah relief, Rupee, Tourism)","1"
"53","1","General Sri Lanka News (Cyclone Ditwah relief, Rupee, Tourism)","1"
"54","5","Iran War & Geopolitics (Trump/Hormuz)","1"
"55","8","Electricity Tariffs & CEB","1"
"56","0","Cricket","1"
"57","2","Arrests, Bribery & Corruption (CIABOC)","1"
"58","1","General Sri Lanka News (Cyclone Ditwah relief, Rupee, Tourism)","1"
"59","1","General Sri Lanka News (Cyclone Ditwah relief, Rupee, Tourism)","1"
"60","4","Weather & Flood Warnings","1"
"61","6","Transport & Railways","1"
"62","13","Media, Online Safety & News Digests","1"
"63","7","Health & Dengue","1"
"64","1","General Sri Lanka News (Cyclone Ditwah relief, Rupee, Tourism)","1"
"65","6","Transport & Railways","1"
"66","17","Healthcare Worker Strikes (GMOA)","1"
"67","0","Cricket","1"
"68","15","Public Holidays & Special Traffic Plans","1"
"69","1","General Sri Lanka News (Cyclone Ditwah relief, Rupee, Tourism)","1"
"70","1","General Sri Lanka News (Cyclone Ditwah relief, Rupee, Tourism)","1"
"71","4","Weather & Flood Warnings","1"
"72","1","General Sri Lanka News (Cyclone Ditwah relief, Rupee, Tourism)","1"
"73","1","General Sri Lanka News (Cyclone Ditwah relief, Rupee, Tourism)","1"
"74","11","Wildlife & Human-Elephant Conflict","1"
"75","13","Media, Online Safety & News Digests","1"
"76","0","Cricket","1"
"77","0","Cricket","1"
"78","2","Arrests, Bribery & Corruption (CIABOC)","1"
"79","1","General Sri Lanka News (Cyclone Ditwah relief, Rupee, Tourism)","1"
"80","7","Health & Dengue","1"
"81","2","Arrests, Bribery & Corruption (CIABOC)","1"
"82","1","General Sri Lanka News (Cyclone Ditwah relief, Rupee, Tourism)","1"
"83","0","Cricket","1"
"84","6","Transport & Railways","1"
"85","1","General Sri Lanka News (Cyclone Ditwah relief, Rupee, Tourism)","1"
"86","5","Iran War & Geopolitics (Trump/Hormuz)","1"
"87","10","Education & Examinations","1"
"88","10","Education & Examinations","1"
"89","3","Violence, Shootings & Fatal Accidents","1"
"90","6","Transport & Railways","1"
"91","10","Education & Examinations","1"
"92","1","General Sri Lanka News (Cyclone Ditwah relief, Rupee, Tourism)","1"
"93","1","General Sri Lanka News (Cyclone Ditwah relief, Rupee, Tourism)","1"
"94","2","Arrests, Bribery & Corruption (CIABOC)","1"
"95","0","Cricket","1"
"96","1","General Sri Lanka News (Cyclone Ditwah relief, Rupee, Tourism)","1"
"97","11","Wildlife & Human-Elephant Conflict","1"
"98","17","Healthcare Worker Strikes (GMOA)","1"
"99","0","Cricket","1"
"100","0","Cricket","1"
"101","3","Violence, Shootings & Fatal Accidents","1"
"102","4","Weather & Flood Warnings","1"
"103","0","Cricket","1"
"104","2","Arrests, Bribery & Corruption (CIABOC)","1"
"105","1","General Sri Lanka News (Cyclone Ditwah relief, Rupee, Tourism)","1"
"106","15","Public Holidays & Special Traffic Plans","1"
"107","2","Arrests, Bribery & Corruption (CIABOC)","1"
"108","7","Health & Dengue","1"
"109","3","Violence, Shootings & Fatal Accidents","1"
"110","0","Cricket","1"
"111","0","Cricket","1"
"112","3","Violence, Shootings & Fatal Accidents","1"
"113","13","Media, Online Safety & News Digests","1"
"114","0","Cricket","1"
"115","3","Violence, Shootings & Fatal Accidents","1"
"116","3","Violence, Shootings & Fatal Accidents","1"
"117","0","Cricket","1"
"118","5","Iran War & Geopolitics (Trump/Hormuz)","1"
"119","0","Cricket","1"
"120","0","Cricket","1"
"121","0","Cricket","1"
"122","0","Cricket","1"
"123","14","US/China Trade & Tariffs","1"
"124","0","Cricket","1"
"125","0","Cricket","1"
"126","2","Arrests, Bribery & Corruption (CIABOC)","1"
"127","10","Education & Examinations","1"
"128","2","Arrests, Bribery & Corruption (CIABOC)","1"
"129","5","Iran War & Geopolitics (Trump/Hormuz)","1"
"130","17","Healthcare Worker Strikes (GMOA)","1"
"131","3","Violence, Shootings & Fatal Accidents","1"
"132","8","Electricity Tariffs & CEB","1"
"133","2","Arrests, Bribery & Corruption (CIABOC)","1"
"134","3","Violence, Shootings & Fatal Accidents","1"
"135","2","Arrests, Bribery & Corruption (CIABOC)","1"
"136","0","Cricket","1"
"137","2","Arrests, Bribery & Corruption (CIABOC)","1"
"138","5","Iran War & Geopolitics (Trump/Hormuz)","1"
"139","15","Public Holidays & Special Traffic Plans","1"
"140","13","Media, Online Safety & News Digests","1"
"141","0","Cricket","1"
"142","11","Wildlife & Human-Elephant Conflict","1"
"143","0","Cricket","1"
"144","11","Wildlife & Human-Elephant Conflict","1"
"145","16","Stock Market (CSE)","1"
"146","7","Health & Dengue","1"
"147","1","General Sri Lanka News (Cyclone Ditwah relief, Rupee, Tourism)","1"
"148","6","Transport & Railways","1"
"149","1","General Sri Lanka News (Cyclone Ditwah relief, Rupee, Tourism)","1"
"150","1","General Sri Lanka News (Cyclone Ditwah relief, Rupee, Tourism)","1"
"151","1","General Sri Lanka News (Cyclone Ditwah relief, Rupee, Tourism)","1"
"152","2","Arrests, Bribery & Corruption (CIABOC)","1"
"153","1","General Sri Lanka News (Cyclone Ditwah relief, Rupee, Tourism)","1"
"154","0","Cricket","1"
"155","14","US/China Trade & Tariffs","1"
"156","2","Arrests, Bribery & Corruption (CIABOC)","1"
"157","15","Public Holidays & Special Traffic Plans","1"
"158","16","Stock Market (CSE)","1"
"159","1","General Sri Lanka News (Cyclone Ditwah relief, Rupee, Tourism)","1"
"160","0","Cricket","1"
"161","1","General Sri Lanka News (Cyclone Ditwah relief, Rupee, Tourism)","1"
"162","1","General Sri Lanka News (Cyclone Ditwah relief, Rupee, Tourism)","1"
"163","12","Consumer Prices & Food (Rice/CAA)","1"
"164","11","Wildlife & Human-Elephant Conflict","1"
"165","17","Healthcare Worker Strikes (GMOA)","1"
"166","5","Iran War & Geopolitics (Trump/Hormuz)","1"
"167","11","Wildlife & Human-Elephant Conflict","1"
"168","2","Arrests, Bribery & Corruption (CIABOC)","1"
"169","1","General Sri Lanka News (Cyclone Ditwah relief, Rupee, Tourism)","1"
"170","12","Consumer Prices & Food (Rice/CAA)","1"
"171","6","Transport & Railways","1"
"172","12","Consumer Prices & Food (Rice/CAA)","1"
"173","8","Electricity Tariffs & CEB","1"
"174","1","General Sri Lanka News (Cyclone Ditwah relief, Rupee, Tourism)","1"
"175","9","Fuel & Oil Prices (CPC)","1"
"176","8","Electricity Tariffs & CEB","1"
"177","0","Cricket","1"
"178","4","Weather & Flood Warnings","1"
"179","12","Consumer Prices & Food (Rice/CAA)","1"
"180","13","Media, Online Safety & News Digests","1"
"181","23","Elon Musk & Global Business News","1"
"182","8","Electricity Tariffs & CEB","1"
"183","19","NASA & Space (Artemis)","1"
"184","3","Violence, Shootings & Fatal Accidents","1"
"185","3","Violence, Shootings & Fatal Accidents","1"
"186","0","Cricket","1"
"187","0","Cricket","1"
"188","0","Cricket","1"
"189","1","General Sri Lanka News (Cyclone Ditwah relief, Rupee, Tourism)","1"
"190","0","Cricket","1"
"191","0","Cricket","1"
"192","2","Arrests, Bribery & Corruption (CIABOC)","1"
"193","6","Transport & Railways","1"
"194","0","Cricket","1"
"195","11","Wildlife & Human-Elephant Conflict","1"
"196","6","Transport & Railways","1"
"197","2","Arrests, Bribery & Corruption (CIABOC)","1"
"198","11","Wildlife & Human-Elephant Conflict","1"
"199","1","General Sri Lanka News (Cyclone Ditwah relief, Rupee, Tourism)","1"
"200","3","Violence, Shootings & Fatal Accidents","1"
"201","2","Arrests, Bribery & Corruption (CIABOC)","1"
"202","1","General Sri Lanka News (Cyclone Ditwah relief, Rupee, Tourism)","1"
"203","19","NASA & Space (Artemis)","1"
"204","1","General Sri Lanka News (Cyclone Ditwah relief, Rupee, Tourism)","1"
"205","4","Weather & Flood Warnings","1"
"206","13","Media, Online Safety & News Digests","1"
"207","2","Arrests, Bribery & Corruption (CIABOC)","1"
"208","2","Arrests, Bribery & Corruption (CIABOC)","1"
"209","3","Violence, Shootings & Fatal Accidents","1"
"210","16","Stock Market (CSE)","1"
"211","1","General Sri Lanka News (Cyclone Ditwah relief, Rupee, Tourism)","1"
"212","12","Consumer Prices & Food (Rice/CAA)","1"
"213","1","General Sri Lanka News (Cyclone Ditwah relief, Rupee, Tourism)","1"
"214","6","Transport & Railways","1"
"215","10","Education & Examinations","1"
"216","10","Education & Examinations","1"
"217","4","Weather & Flood Warnings","1"
"218","17","Healthcare Worker Strikes (GMOA)","1"
"219","0","Cricket","1"
"220","1","General Sri Lanka News (Cyclone Ditwah relief, Rupee, Tourism)","1"
"221","3","Violence, Shootings & Fatal Accidents","1"
"222","4","Weather & Flood Warnings","1"
"223","2","Arrests, Bribery & Corruption (CIABOC)","1"
"224","0","Cricket","1"
"225","2","Arrests, Bribery & Corruption (CIABOC)","1"
"226","1","General Sri Lanka News (Cyclone Ditwah relief, Rupee, Tourism)","1"
"227","7","Health & Dengue","1"
"228","2","Arrests, Bribery & Corruption (CIABOC)","1"
"229","1","General Sri Lanka News (Cyclone Ditwah relief, Rupee, Tourism)","1"
"230","15","Public Holidays & Special Traffic Plans","1"
"231","3","Violence, Shootings & Fatal Accidents","1"
"232","5","Iran War & Geopolitics (Trump/Hormuz)","1"
"233","2","Arrests, Bribery & Corruption (CIABOC)","1"
"234","1","General Sri Lanka News (Cyclone Ditwah relief, Rupee, Tourism)","1"
"235","0","Cricket","1"
"236","4","Weather & Flood Warnings","1"
"237","5","Iran War & Geopolitics (Trump/Hormuz)","1"
"238","2","Arrests, Bribery & Corruption (CIABOC)","1"
"239","1","General Sri Lanka News (Cyclone Ditwah relief, Rupee, Tourism)","1"
"240","4","Weather & Flood Warnings","1"
"241","0","Cricket","1"
"242","1","General Sri Lanka News (Cyclone Ditwah relief, Rupee, Tourism)","1"
"243","5","Iran War & Geopolitics (Trump/Hormuz)","1"
"244","12","Consumer Prices & Food (Rice/CAA)","1"
"245","2","Arrests, Bribery & Corruption (CIABOC)","1"
"246","1","General Sri Lanka News (Cyclone Ditwah relief, Rupee, Tourism)","1"
"247","0","Cricket","1"
"248","0","Cricket","1"
"249","7","Health & Dengue","1"
"250","3","Violence, Shootings & Fatal Accidents","1"
"251","3","Violence, Shootings & Fatal Accidents","1"
"252","5","Iran War & Geopolitics (Trump/Hormuz)","1"
"253","2","Arrests, Bribery & Corruption (CIABOC)","1"
"254","2","Arrests, Bribery & Corruption (CIABOC)","1"
"255","0","Cricket","1"
"256","0","Cricket","1"
"257","4","Weather & Flood Warnings","1"
"258","1","General Sri Lanka News (Cyclone Ditwah relief, Rupee, Tourism)","1"
"259","1","General Sri Lanka News (Cyclone Ditwah relief, Rupee, Tourism)","1"
"260","3","Violence, Shootings & Fatal Accidents","1"
"261","4","Weather & Flood Warnings","1"
"262","0","Cricket","1"
"263","1","General Sri Lanka News (Cyclone Ditwah relief, Rupee, Tourism)","1"
"264","14","US/China Trade & Tariffs","1"
"265","1","General Sri Lanka News (Cyclone Ditwah relief, Rupee, Tourism)","1"
"266","13","Media, Online Safety & News Digests","1"
"267","10","Education & Examinations","1"
"268","1","General Sri Lanka News (Cyclone Ditwah relief, Rupee, Tourism)","1"
"269","4","Weather & Flood Warnings","1"
"270","3","Violence, Shootings & Fatal Accidents","1"
"271","2","Arrests, Bribery & Corruption (CIABOC)","1"
"272","5","Iran War & Geopolitics (Trump/Hormuz)","1"
"273","2","Arrests, Bribery & Corruption (CIABOC)","1"
"274","12","Consumer Prices & Food (Rice/CAA)","1"
"275","3","Violence, Shootings & Fatal Accidents","1"
"276","0","Cricket","1"
"277","2","Arrests, Bribery & Corruption (CIABOC)","1"
"278","15","Public Holidays & Special Traffic Plans","1"
"279","0","Cricket","1"
"280","12","Consumer Prices & Food (Rice/CAA)","1"
"281","0","Cricket","1"
"282","16","Stock Market (CSE)","1"
"283","11","Wildlife & Human-Elephant Conflict","1"
"284","0","Cricket","1"
"285","2","Arrests, Bribery & Corruption (CIABOC)","1"
"286","2","Arrests, Bribery & Corruption (CIABOC)","1"
"287","0","Cricket","1"
"288","2","Arrests, Bribery & Corruption (CIABOC)","1"
"289","2","Arrests, Bribery & Corruption (CIABOC)","1"
"290","5","Iran War & Geopolitics (Trump/Hormuz)","1"
"291","0","Cricket","1"
"292","2","Arrests, Bribery & Corruption (CIABOC)","1"
"293","2","Arrests, Bribery & Corruption (CIABOC)","1"
"294","4","Weather & Flood Warnings","1"
"295","0","Cricket","1"
"296","2","Arrests, Bribery & Corruption (CIABOC)","1"
"297","2","Arrests, Bribery & Corruption (CIABOC)","1"
"298","3","Violence, Shootings & Fatal Accidents","1"
"299","1","General Sri Lanka News (Cyclone Ditwah relief, Rupee, Tourism)","1"
"300","10","Education & Examinations","1"
"301","4","Weather & Flood Warnings","1"
"302","2","Arrests, Bribery & Corruption (CIABOC)","1"
"303","2","Arrests, Bribery & Corruption (CIABOC)","1"
"304","0","Cricket","1"
"305","17","Healthcare Worker Strikes (GMOA)","1"
"306","1","General Sri Lanka News (Cyclone Ditwah relief, Rupee, Tourism)","1"
"307","8","Electricity Tariffs & CEB","1"
"308","4","Weather & Flood Warnings","1"
"309","4","Weather & Flood Warnings","1"
"310","2","Arrests, Bribery & Corruption (CIABOC)","1"
"311","2","Arrests, Bribery & Corruption (CIABOC)","1"
"312","0","Cricket","1"
"313","0","Cricket","1"
"314","7","Health & Dengue","1"
"315","11","Wildlife & Human-Elephant Conflict","1"
"316","0","Cricket","1"
"317","2","Arrests, Bribery & Corruption (CIABOC)","1"
"318","2","Arrests, Bribery & Corruption (CIABOC)","1"
"319","21","AI & Digital Education","1"
"320","3","Violence, Shootings & Fatal Accidents","1"
"321","14","US/China Trade & Tariffs","1"
"322","2","Arrests, Bribery & Corruption (CIABOC)","1"
"323","6","Transport & Railways","1"
"324","6","Transport & Railways","1"
"325","3","Violence, Shootings & Fatal Accidents","1"
"326","3","Violence, Shootings & Fatal Accidents","1"
"327","2","Arrests, Bribery & Corruption (CIABOC)","1"
"328","13","Media, Online Safety & News Digests","1"
"329","2","Arrests, Bribery & Corruption (CIABOC)","1"
"330","6","Transport & Railways","1"
"331","1","General Sri Lanka News (Cyclone Ditwah relief, Rupee, Tourism)","1"
"332","2","Arrests, Bribery & Corruption (CIABOC)","1"
"333","1","General Sri Lanka News (Cyclone Ditwah relief, Rupee, Tourism)","1"
"334","16","Stock Market (CSE)","1"
"335","2","Arrests, Bribery & Corruption (CIABOC)","1"
"336","6","Transport & Railways","1"
"337","13","Media, Online Safety & News Digests","1"
"338","1","General Sri Lanka News (Cyclone Ditwah relief, Rupee, Tourism)","1"
"339","9","Fuel & Oil Prices (CPC)","1"
"340","6","Transport & Railways","1"
"341","5","Iran War & Geopolitics (Trump/Hormuz)","1"
"342","4","Weather & Flood Warnings","1"
"343","11","Wildlife & Human-Elephant Conflict","1"
"344","1","General Sri Lanka News (Cyclone Ditwah relief, Rupee, Tourism)","1"
"345","2","Arrests, Bribery & Corruption (CIABOC)","1"
"346","7","Health & Dengue","1"
"347","0","Cricket","1"
"348","21","AI & Digital Education","1"
"349","8","Electricity Tariffs & CEB","1"
"350","4","Weather & Flood Warnings","1"
"351","9","Fuel & Oil Prices (CPC)","1"
"352","18","Easter Sunday Attacks (Retrospective/Legal)","1"
"353","1","General Sri Lanka News (Cyclone Ditwah relief, Rupee, Tourism)","1"
"354","6","Transport & Railways","1"
"355","7","Health & Dengue","1"
"356","11","Wildlife & Human-Elephant Conflict","1"
"357","6","Transport & Railways","1"
"358","2","Arrests, Bribery & Corruption (CIABOC)","1"
"359","12","Consumer Prices & Food (Rice/CAA)","1"
"360","10","Education & Examinations","1"
"361","1","General Sri Lanka News (Cyclone Ditwah relief, Rupee, Tourism)","1"
"362","0","Cricket","1"
"363","3","Violence, Shootings & Fatal Accidents","1"
"364","8","Electricity Tariffs & CEB","1"
"365","10","Education & Examinations","1"
"366","11","Wildlife & Human-Elephant Conflict","1"
"367","4","Weather & Flood Warnings","1"
"368","2","Arrests, Bribery & Corruption (CIABOC)","1"
"369","2","Arrests, Bribery & Corruption (CIABOC)","1"
"370","8","Electricity Tariffs & CEB","1"
"371","11","Wildlife & Human-Elephant Conflict","1"
"372","5","Iran War & Geopolitics (Trump/Hormuz)","1"
"373","7","Health & Dengue","1"
"374","11","Wildlife & Human-Elephant Conflict","1"
"375","0","Cricket","1"
"376","9","Fuel & Oil Prices (CPC)","1"
"377","3","Violence, Shootings & Fatal Accidents","1"
"378","0","Cricket","1"
"379","1","General Sri Lanka News (Cyclone Ditwah relief, Rupee, Tourism)","1"
"380","0","Cricket","1"
"381","4","Weather & Flood Warnings","1"
"382","1","General Sri Lanka News (Cyclone Ditwah relief, Rupee, Tourism)","1"
"383","1","General Sri Lanka News (Cyclone Ditwah relief, Rupee, Tourism)","1"
"384","1","General Sri Lanka News (Cyclone Ditwah relief, Rupee, Tourism)","1"
"385","8","Electricity Tariffs & CEB","1"
"386","0","Cricket","1"
"387","4","Weather & Flood Warnings","1"
"388","11","Wildlife & Human-Elephant Conflict","1"
"389","0","Cricket","1"
"390","3","Violence, Shootings & Fatal Accidents","1"
"391","13","Media, Online Safety & News Digests","1"
"392","11","Wildlife & Human-Elephant Conflict","1"
"393","1","General Sri Lanka News (Cyclone Ditwah relief, Rupee, Tourism)","1"
"394","8","Electricity Tariffs & CEB","1"
"395","0","Cricket","1"
"396","2","Arrests, Bribery & Corruption (CIABOC)","1"
"397","2","Arrests, Bribery & Corruption (CIABOC)","1"
"398","1","General Sri Lanka News (Cyclone Ditwah relief, Rupee, Tourism)","1"
"399","0","Cricket","1"
"400","0","Cricket","1"
"401","0","Cricket","1"
"402","16","Stock Market (CSE)","1"
"403","2","Arrests, Bribery & Corruption (CIABOC)","1"
"404","1","General Sri Lanka News (Cyclone Ditwah relief, Rupee, Tourism)","1"
"405","10","Education & Examinations","1"
"406","2","Arrests, Bribery & Corruption (CIABOC)","1"
"407","13","Media, Online Safety & News Digests","1"
"408","4","Weather & Flood Warnings","1"
"409","12","Consumer Prices & Food (Rice/CAA)","1"
"410","4","Weather & Flood Warnings","1"
"411","2","Arrests, Bribery & Corruption (CIABOC)","1"
"412","6","Transport & Railways","1"
"413","3","Violence, Shootings & Fatal Accidents","1"
"414","2","Arrests, Bribery & Corruption (CIABOC)","1"
"415","1","General Sri Lanka News (Cyclone Ditwah relief, Rupee, Tourism)","1"
"416","4","Weather & Flood Warnings","1"
"417","1","General Sri Lanka News (Cyclone Ditwah relief, Rupee, Tourism)","1"
"418","0","Cricket","1"
"419","6","Transport & Railways","1"
"420","5","Iran War & Geopolitics (Trump/Hormuz)","1"
"421","4","Weather & Flood Warnings","1"
"422","2","Arrests, Bribery & Corruption (CIABOC)","1"
"423","8","Electricity Tariffs & CEB","1"
"424","0","Cricket","1"
"425","12","Consumer Prices & Food (Rice/CAA)","1"
"426","5","Iran War & Geopolitics (Trump/Hormuz)","1"
"427","0","Cricket","1"
"428","0","Cricket","1"
"429","7","Health & Dengue","1"
"430","19","NASA & Space (Artemis)","1"
"431","3","Violence, Shootings & Fatal Accidents","1"
"432","2","Arrests, Bribery & Corruption (CIABOC)","1"
"433","13","Media, Online Safety & News Digests","1"
"434","0","Cricket","1"
"435","2","Arrests, Bribery & Corruption (CIABOC)","1"
"436","1","General Sri Lanka News (Cyclone Ditwah relief, Rupee, Tourism)","1"
"437","3","Violence, Shootings & Fatal Accidents","1"
"438","3","Violence, Shootings & Fatal Accidents","1"
"439","11","Wildlife & Human-Elephant Conflict","1"
"440","11","Wildlife & Human-Elephant Conflict","1"
"441","6","Transport & Railways","1"
"442","0","Cricket","1"
"443","1","General Sri Lanka News (Cyclone Ditwah relief, Rupee, Tourism)","1"
"444","3","Violence, Shootings & Fatal Accidents","1"
"445","3","Violence, Shootings & Fatal Accidents","1"
"446","11","Wildlife & Human-Elephant Conflict","1"
"447","3","Violence, Shootings & Fatal Accidents","1"
"448","2","Arrests, Bribery & Corruption (CIABOC)","1"
"449","5","Iran War & Geopolitics (Trump/Hormuz)","1"
"450","0","Cricket","1"
"451","2","Arrests, Bribery & Corruption (CIABOC)","1"
"452","2","Arrests, Bribery & Corruption (CIABOC)","1"
"453","4","Weather & Flood Warnings","1"
"454","10","Education & Examinations","1"
"455","0","Cricket","1"
"456","0","Cricket","1"
"457","13","Media, Online Safety & News Digests","1"
"458","10","Education & Examinations","1"
"459","2","Arrests, Bribery & Corruption (CIABOC)","1"
"460","6","Transport & Railways","1"
"461","2","Arrests, Bribery & Corruption (CIABOC)","1"
"462","0","Cricket","1"
"463","1","General Sri Lanka News (Cyclone Ditwah relief, Rupee, Tourism)","1"
"464","3","Violence, Shootings & Fatal Accidents","1"
"465","1","General Sri Lanka News (Cyclone Ditwah relief, Rupee, Tourism)","1"
"466","8","Electricity Tariffs & CEB","1"
"467","6","Transport & Railways","1"
"468","7","Health & Dengue","1"
"469","6","Transport & Railways","1"
"470","6","Transport & Railways","1"
"471","2","Arrests, Bribery & Corruption (CIABOC)","1"
"472","2","Arrests, Bribery & Corruption (CIABOC)","1"
"473","1","General Sri Lanka News (Cyclone Ditwah relief, Rupee, Tourism)","1"
"474","4","Weather & Flood Warnings","1"
"475","1","General Sri Lanka News (Cyclone Ditwah relief, Rupee, Tourism)","1"
"476","13","Media, Online Safety & News Digests","1"
"477","0","Cricket","1"
"478","0","Cricket","1"
"479","0","Cricket","1"
"480","0","Cricket","1"
"481","0","Cricket","1"
"482","23","Elon Musk & Global Business News","1"
"483","0","Cricket","1"
"484","4","Weather & Flood Warnings","1"
"485","11","Wildlife & Human-Elephant Conflict","1"
"486","7","Health & Dengue","1"
"487","2","Arrests, Bribery & Corruption (CIABOC)","1"
"488","0","Cricket","1"
"489","0","Cricket","1"
"490","6","Transport & Railways","1"
"491","9","Fuel & Oil Prices (CPC)","1"
"492","2","Arrests, Bribery & Corruption (CIABOC)","1"
"493","6","Transport & Railways","1"
"494","0","Cricket","1"
"495","0","Cricket","1"
"496","5","Iran War & Geopolitics (Trump/Hormuz)","1"
"497","9","Fuel & Oil Prices (CPC)","1"
"498","4","Weather & Flood Warnings","1"
"499","0","Cricket","1"
"500","8","Electricity Tariffs & CEB","1"
"501","0","Cricket","1"
"502","3","Violence, Shootings & Fatal Accidents","1"
"503","4","Weather & Flood Warnings","1"
"504","0","Cricket","1"
"505","0","Cricket","1"
"506","0","Cricket","1"
"507","4","Weather & Flood Warnings","1"
"508","4","Weather & Flood Warnings","1"
"509","8","Electricity Tariffs & CEB","1"
"510","4","Weather & Flood Warnings","1"
"511","4","Weather & Flood Warnings","1"
"512","10","Education & Examinations","1"
"513","10","Education & Examinations","1"
"514","0","Cricket","1"
"515","10","Education & Examinations","1"
"516","6","Transport & Railways","1"
"517","4","Weather & Flood Warnings","1"
"518","2","Arrests, Bribery & Corruption (CIABOC)","1"
"519","3","Violence, Shootings & Fatal Accidents","1"
"520","4","Weather & Flood Warnings","1"
"521","7","Health & Dengue","1"
"522","0","Cricket","1"
"523","4","Weather & Flood Warnings","1"
"524","4","Weather & Flood Warnings","1"
"525","12","Consumer Prices & Food (Rice/CAA)","1"
"526","0","Cricket","1"
"527","7","Health & Dengue","1"
"528","0","Cricket","1"
"529","2","Arrests, Bribery & Corruption (CIABOC)","1"
"530","0","Cricket","1"
"531","7","Health & Dengue","1"
"532","4","Weather & Flood Warnings","1"
"533","5","Iran War & Geopolitics (Trump/Hormuz)","1"
"534","0","Cricket","1"
"535","1","General Sri Lanka News (Cyclone Ditwah relief, Rupee, Tourism)","1"
"536","1","General Sri Lanka News (Cyclone Ditwah relief, Rupee, Tourism)","1"
"537","1","General Sri Lanka News (Cyclone Ditwah relief, Rupee, Tourism)","1"
"538","3","Violence, Shootings & Fatal Accidents","1"
"539","5","Iran War & Geopolitics (Trump/Hormuz)","1"
"540","2","Arrests, Bribery & Corruption (CIABOC)","1"
"541","12","Consumer Prices & Food (Rice/CAA)","1"
"542","2","Arrests, Bribery & Corruption (CIABOC)","1"
"543","17","Healthcare Worker Strikes (GMOA)","1"
"544","0","Cricket","1"
"545","2","Arrests, Bribery & Corruption (CIABOC)","1"
"546","0","Cricket","1"
"547","3","Violence, Shootings & Fatal Accidents","1"
"548","0","Cricket","1"
"549","0","Cricket","1"
"550","4","Weather & Flood Warnings","1"
"551","2","Arrests, Bribery & Corruption (CIABOC)","1"
"552","2","Arrests, Bribery & Corruption (CIABOC)","1"
"553","4","Weather & Flood Warnings","1"
"554","4","Weather & Flood Warnings","1"
"555","0","Cricket","1"
"556","7","Health & Dengue","1"
"557","2","Arrests, Bribery & Corruption (CIABOC)","1"
"558","2","Arrests, Bribery & Corruption (CIABOC)","1"
"559","5","Iran War & Geopolitics (Trump/Hormuz)","1"
"560","3","Violence, Shootings & Fatal Accidents","1"
"561","2","Arrests, Bribery & Corruption (CIABOC)","1"
"562","0","Cricket","1"
"563","2","Arrests, Bribery & Corruption (CIABOC)","1"
"564","10","Education & Examinations","1"
"565","2","Arrests, Bribery & Corruption (CIABOC)","1"
"566","2","Arrests, Bribery & Corruption (CIABOC)","1"
"567","0","Cricket","1"
"568","10","Education & Examinations","1"
"569","0","Cricket","1"
"570","2","Arrests, Bribery & Corruption (CIABOC)","1"
"571","3","Violence, Shootings & Fatal Accidents","1"
"572","4","Weather & Flood Warnings","1"
"573","6","Transport & Railways","1"
"574","1","General Sri Lanka News (Cyclone Ditwah relief, Rupee, Tourism)","1"
"575","1","General Sri Lanka News (Cyclone Ditwah relief, Rupee, Tourism)","1"
"576","6","Transport & Railways","1"
"577","1","General Sri Lanka News (Cyclone Ditwah relief, Rupee, Tourism)","1"
"578","4","Weather & Flood Warnings","1"
"579","0","Cricket","1"
"580","1","General Sri Lanka News (Cyclone Ditwah relief, Rupee, Tourism)","1"
"581","12","Consumer Prices & Food (Rice/CAA)","1"
"582","2","Arrests, Bribery & Corruption (CIABOC)","1"
"583","0","Cricket","1"
"584","0","Cricket","1"
"585","1","General Sri Lanka News (Cyclone Ditwah relief, Rupee, Tourism)","1"
"586","1","General Sri Lanka News (Cyclone Ditwah relief, Rupee, Tourism)","1"
"587","1","General Sri Lanka News (Cyclone Ditwah relief, Rupee, Tourism)","1"
"588","1","General Sri Lanka News (Cyclone Ditwah relief, Rupee, Tourism)","1"
"589","3","Violence, Shootings & Fatal Accidents","1"
"590","2","Arrests, Bribery & Corruption (CIABOC)","1"
"591","3","Violence, Shootings & Fatal Accidents","1"
"592","1","General Sri Lanka News (Cyclone Ditwah relief, Rupee, Tourism)","1"
"593","2","Arrests, Bribery & Corruption (CIABOC)","1"
"594","3","Violence, Shootings & Fatal Accidents","1"
"595","16","Stock Market (CSE)","1"
"596","4","Weather & Flood Warnings","1"
"597","3","Violence, Shootings & Fatal Accidents","1"
"598","0","Cricket","1"
"599","9","Fuel & Oil Prices (CPC)","1"
"600","0","Cricket","1"
"601","17","Healthcare Worker Strikes (GMOA)","1"
"602","12","Consumer Prices & Food (Rice/CAA)","1"
"603","3","Violence, Shootings & Fatal Accidents","1"
"604","0","Cricket","1"
"605","0","Cricket","1"
"606","2","Arrests, Bribery & Corruption (CIABOC)","1"
"607","0","Cricket","1"
"608","0","Cricket","1"
"609","11","Wildlife & Human-Elephant Conflict","1"
"610","4","Weather & Flood Warnings","1"
"611","1","General Sri Lanka News (Cyclone Ditwah relief, Rupee, Tourism)","1"
"612","3","Violence, Shootings & Fatal Accidents","1"
"613","10","Education & Examinations","1"
"614","3","Violence, Shootings & Fatal Accidents","1"
"615","3","Violence, Shootings & Fatal Accidents","1"
"616","4","Weather & Flood Warnings","1"
"617","4","Weather & Flood Warnings","1"
"618","11","Wildlife & Human-Elephant Conflict","1"
"619","11","Wildlife & Human-Elephant Conflict","1"
"620","7","Health & Dengue","1"
"621","0","Cricket","1"
"622","12","Consumer Prices & Food (Rice/CAA)","1"
"623","6","Transport & Railways","1"
"624","5","Iran War & Geopolitics (Trump/Hormuz)","1"
"625","2","Arrests, Bribery & Corruption (CIABOC)","1"
"626","3","Violence, Shootings & Fatal Accidents","1"
"627","1","General Sri Lanka News (Cyclone Ditwah relief, Rupee, Tourism)","1"
"628","0","Cricket","1"
"629","0","Cricket","1"
"630","6","Transport & Railways","1"
"631","2","Arrests, Bribery & Corruption (CIABOC)","1"
"632","17","Healthcare Worker Strikes (GMOA)","1"
"633","2","Arrests, Bribery & Corruption (CIABOC)","1"
"634","3","Violence, Shootings & Fatal Accidents","1"
"635","2","Arrests, Bribery & Corruption (CIABOC)","1"
"636","5","Iran War & Geopolitics (Trump/Hormuz)","1"
"637","2","Arrests, Bribery & Corruption (CIABOC)","1"
"638","0","Cricket","1"
"639","0","Cricket","1"
"640","1","General Sri Lanka News (Cyclone Ditwah relief, Rupee, Tourism)","1"
"641","3","Violence, Shootings & Fatal Accidents","1"
"642","0","Cricket","1"
"643","0","Cricket","1"
"644","0","Cricket","1"
"645","6","Transport & Railways","1"
"646","13","Media, Online Safety & News Digests","1"
"647","0","Cricket","1"
"648","0","Cricket","1"
"649","2","Arrests, Bribery & Corruption (CIABOC)","1"
"650","4","Weather & Flood Warnings","1"
"651","1","General Sri Lanka News (Cyclone Ditwah relief, Rupee, Tourism)","1"
"652","5","Iran War & Geopolitics (Trump/Hormuz)","1"
"653","14","US/China Trade & Tariffs","1"
"654","17","Healthcare Worker Strikes (GMOA)","1"
"655","7","Health & Dengue","1"
"656","0","Cricket","1"
"657","4","Weather & Flood Warnings","1"
"658","13","Media, Online Safety & News Digests","1"
"659","0","Cricket","1"
"660","3","Violence, Shootings & Fatal Accidents","1"
"661","12","Consumer Prices & Food (Rice/CAA)","1"
"662","4","Weather & Flood Warnings","1"
"663","1","General Sri Lanka News (Cyclone Ditwah relief, Rupee, Tourism)","1"
"664","0","Cricket","1"
"665","11","Wildlife & Human-Elephant Conflict","1"
"666","0","Cricket","1"
"667","12","Consumer Prices & Food (Rice/CAA)","1"
"668","0","Cricket","1"
"669","6","Transport & Railways","1"
"670","0","Cricket","1"
"671","5","Iran War & Geopolitics (Trump/Hormuz)","1"
"672","2","Arrests, Bribery & Corruption (CIABOC)","1"
"673","0","Cricket","1"
"674","0","Cricket","1"
"675","0","Cricket","1"
"676","3","Violence, Shootings & Fatal Accidents","1"
"677","16","Stock Market (CSE)","1"
"678","0","Cricket","1"
"679","12","Consumer Prices & Food (Rice/CAA)","1"
"680","0","Cricket","1"
"681","0","Cricket","1"
"682","5","Iran War & Geopolitics (Trump/Hormuz)","1"
"683","0","Cricket","1"
"684","6","Transport & Railways","1"
"685","0","Cricket","1"
"686","4","Weather & Flood Warnings","1"
"687","3","Violence, Shootings & Fatal Accidents","1"
"688","2","Arrests, Bribery & Corruption (CIABOC)","1"
"689","0","Cricket","1"
"690","1","General Sri Lanka News (Cyclone Ditwah relief, Rupee, Tourism)","1"
"691","0","Cricket","1"
"692","16","Stock Market (CSE)","1"
"693","11","Wildlife & Human-Elephant Conflict","1"
"694","7","Health & Dengue","1"
"695","1","General Sri Lanka News (Cyclone Ditwah relief, Rupee, Tourism)","1"
"696","5","Iran War & Geopolitics (Trump/Hormuz)","1"
"697","0","Cricket","1"
"698","2","Arrests, Bribery & Corruption (CIABOC)","1"
"699","4","Weather & Flood Warnings","1"
"700","4","Weather & Flood Warnings","1"
"701","1","General Sri Lanka News (Cyclone Ditwah relief, Rupee, Tourism)","1"
"702","0","Cricket","1"
"703","1","General Sri Lanka News (Cyclone Ditwah relief, Rupee, Tourism)","1"
"704","0","Cricket","1"
"705","2","Arrests, Bribery & Corruption (CIABOC)","1"
"706","4","Weather & Flood Warnings","1"
"707","6","Transport & Railways","1"
"708","1","General Sri Lanka News (Cyclone Ditwah relief, Rupee, Tourism)","1"
"709","21","AI & Digital Education","1"
"710","11","Wildlife & Human-Elephant Conflict","1"
"711","15","Public Holidays & Special Traffic Plans","1"
"712","2","Arrests, Bribery & Corruption (CIABOC)","1"
"713","2","Arrests, Bribery & Corruption (CIABOC)","1"
"714","11","Wildlife & Human-Elephant Conflict","1"
"715","11","Wildlife & Human-Elephant Conflict","1"
"716","0","Cricket","1"
"717","1","General Sri Lanka News (Cyclone Ditwah relief, Rupee, Tourism)","1"
"718","12","Consumer Prices & Food (Rice/CAA)","1"
"719","7","Health & Dengue","1"
"720","1","General Sri Lanka News (Cyclone Ditwah relief, Rupee, Tourism)","1"
"721","2","Arrests, Bribery & Corruption (CIABOC)","1"
"722","0","Cricket","1"
"723","9","Fuel & Oil Prices (CPC)","1"
"724","0","Cricket","1"
"725","0","Cricket","1"
"726","1","General Sri Lanka News (Cyclone Ditwah relief, Rupee, Tourism)","1"
"727","11","Wildlife & Human-Elephant Conflict","1"
"728","0","Cricket","1"
"729","0","Cricket","1"
"730","15","Public Holidays & Special Traffic Plans","1"
"731","2","Arrests, Bribery & Corruption (CIABOC)","1"
"732","1","General Sri Lanka News (Cyclone Ditwah relief, Rupee, Tourism)","1"
"733","5","Iran War & Geopolitics (Trump/Hormuz)","1"
"734","3","Violence, Shootings & Fatal Accidents","1"
"735","1","General Sri Lanka News (Cyclone Ditwah relief, Rupee, Tourism)","1"
"736","4","Weather & Flood Warnings","1"
"737","1","General Sri Lanka News (Cyclone Ditwah relief, Rupee, Tourism)","1"
"738","3","Violence, Shootings & Fatal Accidents","1"
"739","1","General Sri Lanka News (Cyclone Ditwah relief, Rupee, Tourism)","1"
"740","2","Arrests, Bribery & Corruption (CIABOC)","1"
"741","2","Arrests, Bribery & Corruption (CIABOC)","1"
"742","0","Cricket","1"
"743","3","Violence, Shootings & Fatal Accidents","1"
"744","3","Violence, Shootings & Fatal Accidents","1"
"745","21","AI & Digital Education","1"
"746","4","Weather & Flood Warnings","1"
"747","7","Health & Dengue","1"
"748","9","Fuel & Oil Prices (CPC)","1"
"749","0","Cricket","1"
"750","2","Arrests, Bribery & Corruption (CIABOC)","1"
"751","3","Violence, Shootings & Fatal Accidents","1"
"752","5","Iran War & Geopolitics (Trump/Hormuz)","1"
"753","9","Fuel & Oil Prices (CPC)","1"
"754","10","Education & Examinations","1"
"755","1","General Sri Lanka News (Cyclone Ditwah relief, Rupee, Tourism)","1"
"756","1","General Sri Lanka News (Cyclone Ditwah relief, Rupee, Tourism)","1"
"757","15","Public Holidays & Special Traffic Plans","1"
"758","0","Cricket","1"
"759","2","Arrests, Bribery & Corruption (CIABOC)","1"
"760","5","Iran War & Geopolitics (Trump/Hormuz)","1"
"761","4","Weather & Flood Warnings","1"
"762","10","Education & Examinations","1"
"763","5","Iran War & Geopolitics (Trump/Hormuz)","1"
"764","0","Cricket","1"
"765","10","Education & Examinations","1"
"766","5","Iran War & Geopolitics (Trump/Hormuz)","1"
"767","7","Health & Dengue","1"
"768","12","Consumer Prices & Food (Rice/CAA)","1"
"769","2","Arrests, Bribery & Corruption (CIABOC)","1"
"770","2","Arrests, Bribery & Corruption (CIABOC)","1"
"771","3","Violence, Shootings & Fatal Accidents","1"
"772","2","Arrests, Bribery & Corruption (CIABOC)","1"
"773","1","General Sri Lanka News (Cyclone Ditwah relief, Rupee, Tourism)","1"
"774","7","Health & Dengue","1"
"775","15","Public Holidays & Special Traffic Plans","1"
"776","2","Arrests, Bribery & Corruption (CIABOC)","1"
"777","3","Violence, Shootings & Fatal Accidents","1"
"778","3","Violence, Shootings & Fatal Accidents","1"
"779","3","Violence, Shootings & Fatal Accidents","1"
"780","18","Easter Sunday Attacks (Retrospective/Legal)","1"
"781","10","Education & Examinations","1"
"782","0","Cricket","1"
"783","3","Violence, Shootings & Fatal Accidents","1"
"784","5","Iran War & Geopolitics (Trump/Hormuz)","1"
"785","0","Cricket","1"
"786","0","Cricket","1"
"787","0","Cricket","1"
"788","2","Arrests, Bribery & Corruption (CIABOC)","1"
"789","0","Cricket","1"
"790","11","Wildlife & Human-Elephant Conflict","1"
"791","1","General Sri Lanka News (Cyclone Ditwah relief, Rupee, Tourism)","1"
"792","0","Cricket","1"
"793","0","Cricket","1"
"794","0","Cricket","1"
"795","12","Consumer Prices & Food (Rice/CAA)","1"
"796","12","Consumer Prices & Food (Rice/CAA)","1"
"797","7","Health & Dengue","1"
"798","1","General Sri Lanka News (Cyclone Ditwah relief, Rupee, Tourism)","1"
"799","0","Cricket","1"
"800","6","Transport & Railways","1"
"801","7","Health & Dengue","1"
"802","13","Media, Online Safety & News Digests","1"
"803","12","Consumer Prices & Food (Rice/CAA)","1"
"804","1","General Sri Lanka News (Cyclone Ditwah relief, Rupee, Tourism)","1"
"805","1","General Sri Lanka News (Cyclone Ditwah relief, Rupee, Tourism)","1"
"806","0","Cricket","1"
"807","2","Arrests, Bribery & Corruption (CIABOC)","1"
"808","1","General Sri Lanka News (Cyclone Ditwah relief, Rupee, Tourism)","1"
"809","0","Cricket","1"
"810","1","General Sri Lanka News (Cyclone Ditwah relief, Rupee, Tourism)","1"
"811","0","Cricket","1"
"812","3","Violence, Shootings & Fatal Accidents","1"
"813","12","Consumer Prices & Food (Rice/CAA)","1"
"814","4","Weather & Flood Warnings","1"
"815","2","Arrests, Bribery & Corruption (CIABOC)","1"
"816","4","Weather & Flood Warnings","1"
"817","0","Cricket","1"
"818","10","Education & Examinations","1"
"819","16","Stock Market (CSE)","1"
"820","0","Cricket","1"
"821","1","General Sri Lanka News (Cyclone Ditwah relief, Rupee, Tourism)","1"
"822","2","Arrests, Bribery & Corruption (CIABOC)","1"
"823","0","Cricket","1"
"824","2","Arrests, Bribery & Corruption (CIABOC)","1"
"825","0","Cricket","1"
"826","2","Arrests, Bribery & Corruption (CIABOC)","1"
"827","17","Healthcare Worker Strikes (GMOA)","1"
"828","11","Wildlife & Human-Elephant Conflict","1"
"829","13","Media, Online Safety & News Digests","1"
"830","2","Arrests, Bribery & Corruption (CIABOC)","1"
"831","5","Iran War & Geopolitics (Trump/Hormuz)","1"
"832","3","Violence, Shootings & Fatal Accidents","1"
"833","14","US/China Trade & Tariffs","1"
"834","7","Health & Dengue","1"
"835","0","Cricket","1"
"836","14","US/China Trade & Tariffs","1"
"837","0","Cricket","1"
"838","4","Weather & Flood Warnings","1"
"839","2","Arrests, Bribery & Corruption (CIABOC)","1"
"840","12","Consumer Prices & Food (Rice/CAA)","1"
"841","6","Transport & Railways","1"
"842","0","Cricket","1"
"843","0","Cricket","1"
"844","14","US/China Trade & Tariffs","1"
"845","1","General Sri Lanka News (Cyclone Ditwah relief, Rupee, Tourism)","1"
"846","1","General Sri Lanka News (Cyclone Ditwah relief, Rupee, Tourism)","1"
"847","1","General Sri Lanka News (Cyclone Ditwah relief, Rupee, Tourism)","1"
"848","1","General Sri Lanka News (Cyclone Ditwah relief, Rupee, Tourism)","1"
"849","14","US/China Trade & Tariffs","1"
"850","3","Violence, Shootings & Fatal Accidents","1"
"851","10","Education & Examinations","1"
"852","9","Fuel & Oil Prices (CPC)","1"
"853","0","Cricket","1"
"854","6","Transport & Railways","1"
"855","12","Consumer Prices & Food (Rice/CAA)","1"
"856","10","Education & Examinations","1"
"857","2","Arrests, Bribery & Corruption (CIABOC)","1"
"858","3","Violence, Shootings & Fatal Accidents","1"
"859","3","Violence, Shootings & Fatal Accidents","1"
"860","0","Cricket","1"
"861","2","Arrests, Bribery & Corruption (CIABOC)","1"
"862","1","General Sri Lanka News (Cyclone Ditwah relief, Rupee, Tourism)","1"
"863","6","Transport & Railways","1"
"864","2","Arrests, Bribery & Corruption (CIABOC)","1"
"865","2","Arrests, Bribery & Corruption (CIABOC)","1"
"866","3","Violence, Shootings & Fatal Accidents","1"
"867","1","General Sri Lanka News (Cyclone Ditwah relief, Rupee, Tourism)","1"
"868","7","Health & Dengue","1"
"869","7","Health & Dengue","1"
"870","3","Violence, Shootings & Fatal Accidents","1"
"871","8","Electricity Tariffs & CEB","1"
"872","0","Cricket","1"
"873","13","Media, Online Safety & News Digests","1"
"874","3","Violence, Shootings & Fatal Accidents","1"
"875","2","Arrests, Bribery & Corruption (CIABOC)","1"
"876","0","Cricket","1"
"877","5","Iran War & Geopolitics (Trump/Hormuz)","1"
"878","0","Cricket","1"
"879","0","Cricket","1"
"880","3","Violence, Shootings & Fatal Accidents","1"
"881","13","Media, Online Safety & News Digests","1"
"882","11","Wildlife & Human-Elephant Conflict","1"
"883","12","Consumer Prices & Food (Rice/CAA)","1"
"884","7","Health & Dengue","1"
"885","8","Electricity Tariffs & CEB","1"
"886","4","Weather & Flood Warnings","1"
"887","1","General Sri Lanka News (Cyclone Ditwah relief, Rupee, Tourism)","1"
"888","5","Iran War & Geopolitics (Trump/Hormuz)","1"
"889","1","General Sri Lanka News (Cyclone Ditwah relief, Rupee, Tourism)","1"
"890","0","Cricket","1"
"891","2","Arrests, Bribery & Corruption (CIABOC)","1"
"892","1","General Sri Lanka News (Cyclone Ditwah relief, Rupee, Tourism)","1"
"893","14","US/China Trade & Tariffs","1"
"894","11","Wildlife & Human-Elephant Conflict","1"
"895","2","Arrests, Bribery & Corruption (CIABOC)","1"
"896","1","General Sri Lanka News (Cyclone Ditwah relief, Rupee, Tourism)","1"
"897","4","Weather & Flood Warnings","1"
"898","11","Wildlife & Human-Elephant Conflict","1"
"899","1","General Sri Lanka News (Cyclone Ditwah relief, Rupee, Tourism)","1"
"900","3","Violence, Shootings & Fatal Accidents","1"
"901","17","Healthcare Worker Strikes (GMOA)","1"
"902","0","Cricket","1"
"903","10","Education & Examinations","1"
"904","5","Iran War & Geopolitics (Trump/Hormuz)","1"
"905","2","Arrests, Bribery & Corruption (CIABOC)","1"
"906","2","Arrests, Bribery & Corruption (CIABOC)","1"
"907","0","Cricket","1"
"908","3","Violence, Shootings & Fatal Accidents","1"
"909","1","General Sri Lanka News (Cyclone Ditwah relief, Rupee, Tourism)","1"
"910","0","Cricket","1"
"911","0","Cricket","1"
"912","5","Iran War & Geopolitics (Trump/Hormuz)","1"
"913","0","Cricket","1"
"914","0","Cricket","1"
"915","11","Wildlife & Human-Elephant Conflict","1"
"916","0","Cricket","1"
"917","0","Cricket","1"
"918","11","Wildlife & Human-Elephant Conflict","1"
"919","7","Health & Dengue","1"
"920","10","Education & Examinations","1"
"921","4","Weather & Flood Warnings","1"
"922","2","Arrests, Bribery & Corruption (CIABOC)","1"
"923","7","Health & Dengue","1"
"924","13","Media, Online Safety & News Digests","1"
"925","0","Cricket","1"
"926","1","General Sri Lanka News (Cyclone Ditwah relief, Rupee, Tourism)","1"
"927","2","Arrests, Bribery & Corruption (CIABOC)","1"
"928","1","General Sri Lanka News (Cyclone Ditwah relief, Rupee, Tourism)","1"
"929","3","Violence, Shootings & Fatal Accidents","1"
"930","1","General Sri Lanka News (Cyclone Ditwah relief, Rupee, Tourism)","1"
"931","3","Violence, Shootings & Fatal Accidents","1"
"932","3","Violence, Shootings & Fatal Accidents","1"
"933","1","General Sri Lanka News (Cyclone Ditwah relief, Rupee, Tourism)","1"
"934","3","Violence, Shootings & Fatal Accidents","1"
"935","4","Weather & Flood Warnings","1"
"936","5","Iran War & Geopolitics (Trump/Hormuz)","1"
"937","5","Iran War & Geopolitics (Trump/Hormuz)","1"
"938","2","Arrests, Bribery & Corruption (CIABOC)","1"
"939","16","Stock Market (CSE)","1"
"940","8","Electricity Tariffs & CEB","1"
"941","2","Arrests, Bribery & Corruption (CIABOC)","1"
"942","2","Arrests, Bribery & Corruption (CIABOC)","1"
"943","2","Arrests, Bribery & Corruption (CIABOC)","1"
"944","5","Iran War & Geopolitics (Trump/Hormuz)","1"
"945","16","Stock Market (CSE)","1"
"946","12","Consumer Prices & Food (Rice/CAA)","1"
"947","0","Cricket","1"
"948","7","Health & Dengue","1"
"949","2","Arrests, Bribery & Corruption (CIABOC)","1"
"950","4","Weather & Flood Warnings","1"
"951","11","Wildlife & Human-Elephant Conflict","1"
"952","7","Health & Dengue","1"
"953","8","Electricity Tariffs & CEB","1"
"954","12","Consumer Prices & Food (Rice/CAA)","1"
"955","13","Media, Online Safety & News Digests","1"
"956","1","General Sri Lanka News (Cyclone Ditwah relief, Rupee, Tourism)","1"
"957","6","Transport & Railways","1"
"958","6","Transport & Railways","1"
"959","0","Cricket","1"
"960","0","Cricket","1"
"961","5","Iran War & Geopolitics (Trump/Hormuz)","1"
"962","3","Violence, Shootings & Fatal Accidents","1"
"963","0","Cricket","1"
"964","11","Wildlife & Human-Elephant Conflict","1"
"965","11","Wildlife & Human-Elephant Conflict","1"
"966","3","Violence, Shootings & Fatal Accidents","1"
"967","13","Media, Online Safety & News Digests","1"
"968","3","Violence, Shootings & Fatal Accidents","1"
"969","1","General Sri Lanka News (Cyclone Ditwah relief, Rupee, Tourism)","1"
"970","3","Violence, Shootings & Fatal Accidents","1"
"971","12","Consumer Prices & Food (Rice/CAA)","1"
"972","10","Education & Examinations","1"
"973","3","Violence, Shootings & Fatal Accidents","1"
"974","7","Health & Dengue","1"
"975","23","Elon Musk & Global Business News","1"
"976","3","Violence, Shootings & Fatal Accidents","1"
"977","2","Arrests, Bribery & Corruption (CIABOC)","1"
"978","6","Transport & Railways","1"
"979","9","Fuel & Oil Prices (CPC)","1"
"980","0","Cricket","1"
"981","0","Cricket","1"
"982","14","US/China Trade & Tariffs","1"
"983","1","General Sri Lanka News (Cyclone Ditwah relief, Rupee, Tourism)","1"
"984","1","General Sri Lanka News (Cyclone Ditwah relief, Rupee, Tourism)","1"
"985","1","General Sri Lanka News (Cyclone Ditwah relief, Rupee, Tourism)","1"
"986","16","Stock Market (CSE)","1"
"987","10","Education & Examinations","1"
"988","8","Electricity Tariffs & CEB","1"
"989","0","Cricket","1"
"990","5","Iran War & Geopolitics (Trump/Hormuz)","1"
"991","12","Consumer Prices & Food (Rice/CAA)","1"
"992","0","Cricket","1"
"993","2","Arrests, Bribery & Corruption (CIABOC)","1"
"994","5","Iran War & Geopolitics (Trump/Hormuz)","1"
"995","8","Electricity Tariffs & CEB","1"
"996","6","Transport & Railways","1"
"997","7","Health & Dengue","1"
"998","7","Health & Dengue","1"
"999","0","Cricket","1"
"1000","3","Violence, Shootings & Fatal Accidents","1"
"1001","0","Cricket","1"
"1002","7","Health & Dengue","1"
"1003","0","Cricket","1"
"1004","3","Violence, Shootings & Fatal Accidents","1"
"1005","8","Electricity Tariffs & CEB","1"
"1006","7","Health & Dengue","1"
"1007","2","Arrests, Bribery & Corruption (CIABOC)","1"
"1008","5","Iran War & Geopolitics (Trump/Hormuz)","1"
"1009","18","Easter Sunday Attacks (Retrospective/Legal)","1"
"1010","0","Cricket","1"
"1011","3","Violence, Shootings & Fatal Accidents","1"
"1012","12","Consumer Prices & Food (Rice/CAA)","1"
"1013","2","Arrests, Bribery & Corruption (CIABOC)","1"
"1014","12","Consumer Prices & Food (Rice/CAA)","1"
"1015","17","Healthcare Worker Strikes (GMOA)","1"
"1016","2","Arrests, Bribery & Corruption (CIABOC)","1"
"1017","3","Violence, Shootings & Fatal Accidents","1"
"1018","18","Easter Sunday Attacks (Retrospective/Legal)","1"
"1019","3","Violence, Shootings & Fatal Accidents","1"
"1020","7","Health & Dengue","1"
"1021","0","Cricket","1"
"1022","0","Cricket","1"
"1023","0","Cricket","1"
"1024","0","Cricket","1"
"1025","0","Cricket","1"
"1026","12","Consumer Prices & Food (Rice/CAA)","1"
"1027","5","Iran War & Geopolitics (Trump/Hormuz)","1"
"1028","8","Electricity Tariffs & CEB","1"
"1029","1","General Sri Lanka News (Cyclone Ditwah relief, Rupee, Tourism)","1"
"1030","5","Iran War & Geopolitics (Trump/Hormuz)","1"
"1031","2","Arrests, Bribery & Corruption (CIABOC)","1"
"1032","3","Violence, Shootings & Fatal Accidents","1"
"1033","10","Education & Examinations","1"
"1034","8","Electricity Tariffs & CEB","1"
"1035","2","Arrests, Bribery & Corruption (CIABOC)","1"
"1036","2","Arrests, Bribery & Corruption (CIABOC)","1"
"1037","3","Violence, Shootings & Fatal Accidents","1"
"1038","5","Iran War & Geopolitics (Trump/Hormuz)","1"
"1039","5","Iran War & Geopolitics (Trump/Hormuz)","1"
"1040","14","US/China Trade & Tariffs","1"
"1041","0","Cricket","1"
"1042","0","Cricket","1"
"1043","0","Cricket","1"
"1044","2","Arrests, Bribery & Corruption (CIABOC)","1"
"1045","2","Arrests, Bribery & Corruption (CIABOC)","1"
"1046","1","General Sri Lanka News (Cyclone Ditwah relief, Rupee, Tourism)","1"
"1047","0","Cricket","1"
"1048","14","US/China Trade & Tariffs","1"
"1049","7","Health & Dengue","1"
"1050","4","Weather & Flood Warnings","1"
"1051","2","Arrests, Bribery & Corruption (CIABOC)","1"
"1052","12","Consumer Prices & Food (Rice/CAA)","1"
"1053","4","Weather & Flood Warnings","1"
"1054","2","Arrests, Bribery & Corruption (CIABOC)","1"
"1055","7","Health & Dengue","1"
"1056","2","Arrests, Bribery & Corruption (CIABOC)","1"
"1057","5","Iran War & Geopolitics (Trump/Hormuz)","1"
"1058","2","Arrests, Bribery & Corruption (CIABOC)","1"
"1059","3","Violence, Shootings & Fatal Accidents","1"
"1060","1","General Sri Lanka News (Cyclone Ditwah relief, Rupee, Tourism)","1"
"1061","0","Cricket","1"
"1062","0","Cricket","1"
"1063","2","Arrests, Bribery & Corruption (CIABOC)","1"
"1064","1","General Sri Lanka News (Cyclone Ditwah relief, Rupee, Tourism)","1"
"1065","1","General Sri Lanka News (Cyclone Ditwah relief, Rupee, Tourism)","1"
"1066","11","Wildlife & Human-Elephant Conflict","1"
"1067","16","Stock Market (CSE)","1"
"1068","14","US/China Trade & Tariffs","1"
"1069","3","Violence, Shootings & Fatal Accidents","1"
"1070","2","Arrests, Bribery & Corruption (CIABOC)","1"
"1071","5","Iran War & Geopolitics (Trump/Hormuz)","1"
"1072","2","Arrests, Bribery & Corruption (CIABOC)","1"
"1073","21","AI & Digital Education","1"
"1074","14","US/China Trade & Tariffs","1"
"1075","0","Cricket","1"
"1076","0","Cricket","1"
"1077","2","Arrests, Bribery & Corruption (CIABOC)","1"
"1078","6","Transport & Railways","1"
"1079","11","Wildlife & Human-Elephant Conflict","1"
"1080","3","Violence, Shootings & Fatal Accidents","1"
"1081","3","Violence, Shootings & Fatal Accidents","1"
"1082","2","Arrests, Bribery & Corruption (CIABOC)","1"
"1083","0","Cricket","1"
"1084","0","Cricket","1"
"1085","12","Consumer Prices & Food (Rice/CAA)","1"
"1086","5","Iran War & Geopolitics (Trump/Hormuz)","1"
"1087","5","Iran War & Geopolitics (Trump/Hormuz)","1"
"1088","18","Easter Sunday Attacks (Retrospective/Legal)","1"
"1089","10","Education & Examinations","1"
"1090","10","Education & Examinations","1"
"1091","12","Consumer Prices & Food (Rice/CAA)","1"
"1092","0","Cricket","1"
"1093","1","General Sri Lanka News (Cyclone Ditwah relief, Rupee, Tourism)","1"
"1094","1","General Sri Lanka News (Cyclone Ditwah relief, Rupee, Tourism)","1"
"1095","1","General Sri Lanka News (Cyclone Ditwah relief, Rupee, Tourism)","1"
"1096","1","General Sri Lanka News (Cyclone Ditwah relief, Rupee, Tourism)","1"
"1097","6","Transport & Railways","1"
"1098","3","Violence, Shootings & Fatal Accidents","1"
"1099","1","General Sri Lanka News (Cyclone Ditwah relief, Rupee, Tourism)","1"
"1100","6","Transport & Railways","1"
"1101","6","Transport & Railways","1"
"1102","7","Health & Dengue","1"
"1103","2","Arrests, Bribery & Corruption (CIABOC)","1"
"1104","1","General Sri Lanka News (Cyclone Ditwah relief, Rupee, Tourism)","1"
"1105","1","General Sri Lanka News (Cyclone Ditwah relief, Rupee, Tourism)","1"
"1106","0","Cricket","1"
"1107","8","Electricity Tariffs & CEB","1"
"1108","4","Weather & Flood Warnings","1"
"1109","11","Wildlife & Human-Elephant Conflict","1"
"1110","1","General Sri Lanka News (Cyclone Ditwah relief, Rupee, Tourism)","1"
"1111","7","Health & Dengue","1"
"1112","6","Transport & Railways","1"
"1113","2","Arrests, Bribery & Corruption (CIABOC)","1"
"1114","0","Cricket","1"
"1115","11","Wildlife & Human-Elephant Conflict","1"
"1116","5","Iran War & Geopolitics (Trump/Hormuz)","1"
"1117","2","Arrests, Bribery & Corruption (CIABOC)","1"
"1118","2","Arrests, Bribery & Corruption (CIABOC)","1"
"1119","0","Cricket","1"
"1120","0","Cricket","1"
"1121","0","Cricket","1"
"1122","0","Cricket","1"
"1123","0","Cricket","1"
"1124","0","Cricket","1"
"1125","8","Electricity Tariffs & CEB","1"
"1126","1","General Sri Lanka News (Cyclone Ditwah relief, Rupee, Tourism)","1"
"1127","0","Cricket","1"
"1128","6","Transport & Railways","1"
"1129","0","Cricket","1"
"1130","0","Cricket","1"
"1131","3","Violence, Shootings & Fatal Accidents","1"
"1132","2","Arrests, Bribery & Corruption (CIABOC)","1"
"1133","4","Weather & Flood Warnings","1"
"1134","0","Cricket","1"
"1135","0","Cricket","1"
"1136","18","Easter Sunday Attacks (Retrospective/Legal)","1"
"1137","0","Cricket","1"
"1138","1","General Sri Lanka News (Cyclone Ditwah relief, Rupee, Tourism)","1"
"1139","14","US/China Trade & Tariffs","1"
"1140","0","Cricket","1"
"1141","1","General Sri Lanka News (Cyclone Ditwah relief, Rupee, Tourism)","1"
"1142","0","Cricket","1"
"1143","11","Wildlife & Human-Elephant Conflict","1"
"1144","1","General Sri Lanka News (Cyclone Ditwah relief, Rupee, Tourism)","1"
"1145","6","Transport & Railways","1"
"1146","0","Cricket","1"
"1147","3","Violence, Shootings & Fatal Accidents","1"
"1148","15","Public Holidays & Special Traffic Plans","1"
"1149","0","Cricket","1"
"1150","11","Wildlife & Human-Elephant Conflict","1"
"1151","1","General Sri Lanka News (Cyclone Ditwah relief, Rupee, Tourism)","1"
"1152","18","Easter Sunday Attacks (Retrospective/Legal)","1"
"1153","0","Cricket","1"
"1154","2","Arrests, Bribery & Corruption (CIABOC)","1"
"1155","7","Health & Dengue","1"
"1156","0","Cricket","1"
"1157","4","Weather & Flood Warnings","1"
"1158","16","Stock Market (CSE)","1"
"1159","1","General Sri Lanka News (Cyclone Ditwah relief, Rupee, Tourism)","1"
"1160","2","Arrests, Bribery & Corruption (CIABOC)","1"
"1161","13","Media, Online Safety & News Digests","1"
"1162","5","Iran War & Geopolitics (Trump/Hormuz)","1"
"1163","1","General Sri Lanka News (Cyclone Ditwah relief, Rupee, Tourism)","1"
"1164","1","General Sri Lanka News (Cyclone Ditwah relief, Rupee, Tourism)","1"
"1165","9","Fuel & Oil Prices (CPC)","1"
"1166","7","Health & Dengue","1"
"1167","0","Cricket","1"
"1168","11","Wildlife & Human-Elephant Conflict","1"
"1169","3","Violence, Shootings & Fatal Accidents","1"
"1170","2","Arrests, Bribery & Corruption (CIABOC)","1"
"1171","1","General Sri Lanka News (Cyclone Ditwah relief, Rupee, Tourism)","1"
"1172","2","Arrests, Bribery & Corruption (CIABOC)","1"
"1173","7","Health & Dengue","1"
"1174","21","AI & Digital Education","1"
"1175","1","General Sri Lanka News (Cyclone Ditwah relief, Rupee, Tourism)","1"
"1176","2","Arrests, Bribery & Corruption (CIABOC)","1"
"1177","8","Electricity Tariffs & CEB","1"
"1178","0","Cricket","1"
"1179","0","Cricket","1"
"1180","13","Media, Online Safety & News Digests","1"
"1181","11","Wildlife & Human-Elephant Conflict","1"
"1182","0","Cricket","1"
"1183","0","Cricket","1"
"1184","5","Iran War & Geopolitics (Trump/Hormuz)","1"
"1185","1","General Sri Lanka News (Cyclone Ditwah relief, Rupee, Tourism)","1"
"1186","1","General Sri Lanka News (Cyclone Ditwah relief, Rupee, Tourism)","1"
"1187","10","Education & Examinations","1"
"1188","0","Cricket","1"
"1189","11","Wildlife & Human-Elephant Conflict","1"
"1190","1","General Sri Lanka News (Cyclone Ditwah relief, Rupee, Tourism)","1"
"1191","8","Electricity Tariffs & CEB","1"
"1192","1","General Sri Lanka News (Cyclone Ditwah relief, Rupee, Tourism)","1"
"1193","5","Iran War & Geopolitics (Trump/Hormuz)","1"
"1194","10","Education & Examinations","1"
"1195","3","Violence, Shootings & Fatal Accidents","1"
"1196","3","Violence, Shootings & Fatal Accidents","1"
"1197","1","General Sri Lanka News (Cyclone Ditwah relief, Rupee, Tourism)","1"
"1198","5","Iran War & Geopolitics (Trump/Hormuz)","1"
"1199","0","Cricket","1"
"1200","2","Arrests, Bribery & Corruption (CIABOC)","1"
"1201","1","General Sri Lanka News (Cyclone Ditwah relief, Rupee, Tourism)","1"
"1202","5","Iran War & Geopolitics (Trump/Hormuz)","1"
"1203","2","Arrests, Bribery & Corruption (CIABOC)","1"
"1204","2","Arrests, Bribery & Corruption (CIABOC)","1"
"1205","0","Cricket","1"
"1206","0","Cricket","1"
"1207","1","General Sri Lanka News (Cyclone Ditwah relief, Rupee, Tourism)","1"
"1208","10","Education & Examinations","1"
"1209","2","Arrests, Bribery & Corruption (CIABOC)","1"
"1210","2","Arrests, Bribery & Corruption (CIABOC)","1"
"1211","18","Easter Sunday Attacks (Retrospective/Legal)","1"
"1212","2","Arrests, Bribery & Corruption (CIABOC)","1"
"1213","1","General Sri Lanka News (Cyclone Ditwah relief, Rupee, Tourism)","1"
"1214","5","Iran War & Geopolitics (Trump/Hormuz)","1"
"1215","1","General Sri Lanka News (Cyclone Ditwah relief, Rupee, Tourism)","1"
"1216","5","Iran War & Geopolitics (Trump/Hormuz)","1"
"1217","0","Cricket","1"
"1218","1","General Sri Lanka News (Cyclone Ditwah relief, Rupee, Tourism)","1"
"1219","0","Cricket","1"
"1220","1","General Sri Lanka News (Cyclone Ditwah relief, Rupee, Tourism)","1"
"1221","4","Weather & Flood Warnings","1"
"1222","16","Stock Market (CSE)","1"
"1223","5","Iran War & Geopolitics (Trump/Hormuz)","1"
"1224","6","Transport & Railways","1"
"1225","0","Cricket","1"
"1226","1","General Sri Lanka News (Cyclone Ditwah relief, Rupee, Tourism)","1"
"1227","1","General Sri Lanka News (Cyclone Ditwah relief, Rupee, Tourism)","1"
"1228","1","General Sri Lanka News (Cyclone Ditwah relief, Rupee, Tourism)","1"
"1229","1","General Sri Lanka News (Cyclone Ditwah relief, Rupee, Tourism)","1"
"1230","7","Health & Dengue","1"
"1231","2","Arrests, Bribery & Corruption (CIABOC)","1"
"1232","1","General Sri Lanka News (Cyclone Ditwah relief, Rupee, Tourism)","1"
"1233","2","Arrests, Bribery & Corruption (CIABOC)","1"
"1234","1","General Sri Lanka News (Cyclone Ditwah relief, Rupee, Tourism)","1"
"1235","0","Cricket","1"
"1236","3","Violence, Shootings & Fatal Accidents","1"
"1237","3","Violence, Shootings & Fatal Accidents","1"
"1238","4","Weather & Flood Warnings","1"
"1239","5","Iran War & Geopolitics (Trump/Hormuz)","1"
"1240","3","Violence, Shootings & Fatal Accidents","1"
"1241","3","Violence, Shootings & Fatal Accidents","1"
"1242","10","Education & Examinations","1"
"1243","9","Fuel & Oil Prices (CPC)","1"
"1244","3","Violence, Shootings & Fatal Accidents","1"
"1245","5","Iran War & Geopolitics (Trump/Hormuz)","1"
"1246","7","Health & Dengue","1"
"1247","7","Health & Dengue","1"
"1248","0","Cricket","1"
"1249","2","Arrests, Bribery & Corruption (CIABOC)","1"
"1250","0","Cricket","1"
"1251","2","Arrests, Bribery & Corruption (CIABOC)","1"
"1252","1","General Sri Lanka News (Cyclone Ditwah relief, Rupee, Tourism)","1"
"1253","7","Health & Dengue","1"
"1254","1","General Sri Lanka News (Cyclone Ditwah relief, Rupee, Tourism)","1"
"1255","0","Cricket","1"
"1256","3","Violence, Shootings & Fatal Accidents","1"
"1257","5","Iran War & Geopolitics (Trump/Hormuz)","1"
"1258","7","Health & Dengue","1"
"1259","1","General Sri Lanka News (Cyclone Ditwah relief, Rupee, Tourism)","1"
"1260","0","Cricket","1"
"1261","4","Weather & Flood Warnings","1"
"1262","8","Electricity Tariffs & CEB","1"
"1263","3","Violence, Shootings & Fatal Accidents","1"
"1264","0","Cricket","1"
"1265","4","Weather & Flood Warnings","1"
"1266","2","Arrests, Bribery & Corruption (CIABOC)","1"
"1267","3","Violence, Shootings & Fatal Accidents","1"
"1268","5","Iran War & Geopolitics (Trump/Hormuz)","1"
"1269","0","Cricket","1"
"1270","5","Iran War & Geopolitics (Trump/Hormuz)","1"
"1271","0","Cricket","1"
"1272","4","Weather & Flood Warnings","1"
"1273","0","Cricket","1"
"1274","1","General Sri Lanka News (Cyclone Ditwah relief, Rupee, Tourism)","1"
"1275","2","Arrests, Bribery & Corruption (CIABOC)","1"
"1276","0","Cricket","1"
"1277","0","Cricket","1"
"1278","0","Cricket","1"
"1279","3","Violence, Shootings & Fatal Accidents","1"
"1280","1","General Sri Lanka News (Cyclone Ditwah relief, Rupee, Tourism)","1"
"1281","6","Transport & Railways","1"
"1282","14","US/China Trade & Tariffs","1"
"1283","1","General Sri Lanka News (Cyclone Ditwah relief, Rupee, Tourism)","1"
"1284","5","Iran War & Geopolitics (Trump/Hormuz)","1"
"1285","3","Violence, Shootings & Fatal Accidents","1"
"1286","10","Education & Examinations","1"
"1287","4","Weather & Flood Warnings","1"
"1288","6","Transport & Railways","1"
"1289","2","Arrests, Bribery & Corruption (CIABOC)","1"
"1290","2","Arrests, Bribery & Corruption (CIABOC)","1"
"1291","5","Iran War & Geopolitics (Trump/Hormuz)","1"
"1292","10","Education & Examinations","1"
"1293","2","Arrests, Bribery & Corruption (CIABOC)","1"
"1294","7","Health & Dengue","1"
"1295","1","General Sri Lanka News (Cyclone Ditwah relief, Rupee, Tourism)","1"
"1296","4","Weather & Flood Warnings","1"
"1297","2","Arrests, Bribery & Corruption (CIABOC)","1"
"1298","0","Cricket","1"
"1299","2","Arrests, Bribery & Corruption (CIABOC)","1"
"1300","6","Transport & Railways","1"
"1301","1","General Sri Lanka News (Cyclone Ditwah relief, Rupee, Tourism)","1"
"1302","0","Cricket","1"
"1303","2","Arrests, Bribery & Corruption (CIABOC)","1"
"1304","5","Iran War & Geopolitics (Trump/Hormuz)","1"
"1305","3","Violence, Shootings & Fatal Accidents","1"
"1306","4","Weather & Flood Warnings","1"
"1307","4","Weather & Flood Warnings","1"
"1308","11","Wildlife & Human-Elephant Conflict","1"
"1309","5","Iran War & Geopolitics (Trump/Hormuz)","1"
"1310","0","Cricket","1"
"1311","1","General Sri Lanka News (Cyclone Ditwah relief, Rupee, Tourism)","1"
"1312","12","Consumer Prices & Food (Rice/CAA)","1"
"1313","1","General Sri Lanka News (Cyclone Ditwah relief, Rupee, Tourism)","1"
"1314","1","General Sri Lanka News (Cyclone Ditwah relief, Rupee, Tourism)","1"
"1315","0","Cricket","1"
"1316","1","General Sri Lanka News (Cyclone Ditwah relief, Rupee, Tourism)","1"
"1317","0","Cricket","1"
"1318","2","Arrests, Bribery & Corruption (CIABOC)","1"
"1319","5","Iran War & Geopolitics (Trump/Hormuz)","1"
"1320","3","Violence, Shootings & Fatal Accidents","1"
"1321","8","Electricity Tariffs & CEB","1"
"1322","2","Arrests, Bribery & Corruption (CIABOC)","1"
"1323","4","Weather & Flood Warnings","1"
"1324","2","Arrests, Bribery & Corruption (CIABOC)","1"
"1325","1","General Sri Lanka News (Cyclone Ditwah relief, Rupee, Tourism)","1"
"1326","2","Arrests, Bribery & Corruption (CIABOC)","1"
"1327","1","General Sri Lanka News (Cyclone Ditwah relief, Rupee, Tourism)","1"
"1328","0","Cricket","1"
"1329","7","Health & Dengue","1"
"1330","1","General Sri Lanka News (Cyclone Ditwah relief, Rupee, Tourism)","1"
"1331","1","General Sri Lanka News (Cyclone Ditwah relief, Rupee, Tourism)","1"
"1332","0","Cricket","1"
"1333","0","Cricket","1"
"1334","5","Iran War & Geopolitics (Trump/Hormuz)","1"
"1335","6","Transport & Railways","1"
"1336","0","Cricket","1"
"1337","3","Violence, Shootings & Fatal Accidents","1"
"1338","0","Cricket","1"
"1339","2","Arrests, Bribery & Corruption (CIABOC)","1"
"1340","7","Health & Dengue","1"
"1341","1","General Sri Lanka News (Cyclone Ditwah relief, Rupee, Tourism)","1"
"1342","12","Consumer Prices & Food (Rice/CAA)","1"
"1343","7","Health & Dengue","1"
"1344","0","Cricket","1"
"1345","2","Arrests, Bribery & Corruption (CIABOC)","1"
"1346","11","Wildlife & Human-Elephant Conflict","1"
"1347","0","Cricket","1"
"1348","5","Iran War & Geopolitics (Trump/Hormuz)","1"
"1349","2","Arrests, Bribery & Corruption (CIABOC)","1"
"1350","2","Arrests, Bribery & Corruption (CIABOC)","1"
"1351","7","Health & Dengue","1"
"1352","2","Arrests, Bribery & Corruption (CIABOC)","1"
"1353","7","Health & Dengue","1"
"1354","1","General Sri Lanka News (Cyclone Ditwah relief, Rupee, Tourism)","1"
"1355","4","Weather & Flood Warnings","1"
"1356","3","Violence, Shootings & Fatal Accidents","1"
"1357","5","Iran War & Geopolitics (Trump/Hormuz)","1"
"1358","3","Violence, Shootings & Fatal Accidents","1"
"1359","0","Cricket","1"
"1360","1","General Sri Lanka News (Cyclone Ditwah relief, Rupee, Tourism)","1"
"1361","0","Cricket","1"
"1362","7","Health & Dengue","1"
"1363","12","Consumer Prices & Food (Rice/CAA)","1"
"1364","17","Healthcare Worker Strikes (GMOA)","1"
"1365","1","General Sri Lanka News (Cyclone Ditwah relief, Rupee, Tourism)","1"
"1366","6","Transport & Railways","1"
"1367","2","Arrests, Bribery & Corruption (CIABOC)","1"
"1368","3","Violence, Shootings & Fatal Accidents","1"
"1369","2","Arrests, Bribery & Corruption (CIABOC)","1"
"1370","1","General Sri Lanka News (Cyclone Ditwah relief, Rupee, Tourism)","1"
"1371","0","Cricket","1"
"1372","7","Health & Dengue","1"
"1373","10","Education & Examinations","1"
"1374","13","Media, Online Safety & News Digests","1"
"1375","6","Transport & Railways","1"
"1376","0","Cricket","1"
"1377","0","Cricket","1"
"1378","7","Health & Dengue","1"
"1379","3","Violence, Shootings & Fatal Accidents","1"
"1380","4","Weather & Flood Warnings","1"
"1381","5","Iran War & Geopolitics (Trump/Hormuz)","1"
"1382","2","Arrests, Bribery & Corruption (CIABOC)","1"
"1383","14","US/China Trade & Tariffs","1"
"1384","1","General Sri Lanka News (Cyclone Ditwah relief, Rupee, Tourism)","1"
"1385","1","General Sri Lanka News (Cyclone Ditwah relief, Rupee, Tourism)","1"
"1386","7","Health & Dengue","1"
"1387","4","Weather & Flood Warnings","1"
"1388","1","General Sri Lanka News (Cyclone Ditwah relief, Rupee, Tourism)","1"
"1389","3","Violence, Shootings & Fatal Accidents","1"
"1390","6","Transport & Railways","1"
"1391","0","Cricket","1"
"1392","6","Transport & Railways","1"
"1393","5","Iran War & Geopolitics (Trump/Hormuz)","1"
"1394","6","Transport & Railways","1"
"1395","2","Arrests, Bribery & Corruption (CIABOC)","1"
"1396","0","Cricket","1"
"1397","14","US/China Trade & Tariffs","1"
"1398","2","Arrests, Bribery & Corruption (CIABOC)","1"
"1399","2","Arrests, Bribery & Corruption (CIABOC)","1"
"1400","6","Transport & Railways","1"
"1401","0","Cricket","1"
"1402","2","Arrests, Bribery & Corruption (CIABOC)","1"
"1403","1","General Sri Lanka News (Cyclone Ditwah relief, Rupee, Tourism)","1"
"1404","7","Health & Dengue","1"
"1405","5","Iran War & Geopolitics (Trump/Hormuz)","1"
"1406","0","Cricket","1"
"1407","0","Cricket","1"
"1408","13","Media, Online Safety & News Digests","1"
"1409","12","Consumer Prices & Food (Rice/CAA)","1"
"1410","5","Iran War & Geopolitics (Trump/Hormuz)","1"
"1411","5","Iran War & Geopolitics (Trump/Hormuz)","1"
"1412","1","General Sri Lanka News (Cyclone Ditwah relief, Rupee, Tourism)","1"
"1413","12","Consumer Prices & Food (Rice/CAA)","1"
"1414","0","Cricket","1"
"1415","2","Arrests, Bribery & Corruption (CIABOC)","1"
"1416","5","Iran War & Geopolitics (Trump/Hormuz)","1"
"1417","6","Transport & Railways","1"
"1418","16","Stock Market (CSE)","1"
"1419","0","Cricket","1"
"1420","4","Weather & Flood Warnings","1"
"1421","15","Public Holidays & Special Traffic Plans","1"
"1422","10","Education & Examinations","1"
"1423","4","Weather & Flood Warnings","1"
"1424","1","General Sri Lanka News (Cyclone Ditwah relief, Rupee, Tourism)","1"
"1425","6","Transport & Railways","1"
"1426","21","AI & Digital Education","1"
"1427","8","Electricity Tariffs & CEB","1"
"1428","10","Education & Examinations","1"
"1429","6","Transport & Railways","1"
"1430","0","Cricket","1"
"1431","5","Iran War & Geopolitics (Trump/Hormuz)","1"
"1432","11","Wildlife & Human-Elephant Conflict","1"
"1433","14","US/China Trade & Tariffs","1"
"1434","2","Arrests, Bribery & Corruption (CIABOC)","1"
"1435","0","Cricket","1"
"1436","2","Arrests, Bribery & Corruption (CIABOC)","1"
"1437","2","Arrests, Bribery & Corruption (CIABOC)","1"
"1438","13","Media, Online Safety & News Digests","1"
"1439","6","Transport & Railways","1"
"1440","9","Fuel & Oil Prices (CPC)","1"
"1441","2","Arrests, Bribery & Corruption (CIABOC)","1"
"1442","0","Cricket","1"
"1443","2","Arrests, Bribery & Corruption (CIABOC)","1"
"1444","2","Arrests, Bribery & Corruption (CIABOC)","1"
"1445","6","Transport & Railways","1"
"1446","7","Health & Dengue","1"
"1447","1","General Sri Lanka News (Cyclone Ditwah relief, Rupee, Tourism)","1"
"1448","2","Arrests, Bribery & Corruption (CIABOC)","1"
"1449","2","Arrests, Bribery & Corruption (CIABOC)","1"
"1450","7","Health & Dengue","1"
"1451","6","Transport & Railways","1"
"1452","2","Arrests, Bribery & Corruption (CIABOC)","1"
"1453","11","Wildlife & Human-Elephant Conflict","1"
"1454","7","Health & Dengue","1"
"1455","1","General Sri Lanka News (Cyclone Ditwah relief, Rupee, Tourism)","1"
"1456","1","General Sri Lanka News (Cyclone Ditwah relief, Rupee, Tourism)","1"
"1457","12","Consumer Prices & Food (Rice/CAA)","1"
"1458","2","Arrests, Bribery & Corruption (CIABOC)","1"
"1459","13","Media, Online Safety & News Digests","1"
"1460","0","Cricket","1"
"1461","8","Electricity Tariffs & CEB","1"
"1462","2","Arrests, Bribery & Corruption (CIABOC)","1"
"1463","0","Cricket","1"
"1464","5","Iran War & Geopolitics (Trump/Hormuz)","1"
"1465","0","Cricket","1"
"1466","7","Health & Dengue","1"
"1467","2","Arrests, Bribery & Corruption (CIABOC)","1"
"1468","4","Weather & Flood Warnings","1"
"1469","2","Arrests, Bribery & Corruption (CIABOC)","1"
"1470","3","Violence, Shootings & Fatal Accidents","1"
"1471","14","US/China Trade & Tariffs","1"
"1472","0","Cricket","1"
"1473","5","Iran War & Geopolitics (Trump/Hormuz)","1"
"1474","11","Wildlife & Human-Elephant Conflict","1"
"1475","17","Healthcare Worker Strikes (GMOA)","1"
"1476","8","Electricity Tariffs & CEB","1"
"1477","10","Education & Examinations","1"
"1478","0","Cricket","1"
"1479","0","Cricket","1"
"1480","0","Cricket","1"
"1481","1","General Sri Lanka News (Cyclone Ditwah relief, Rupee, Tourism)","1"
"1482","8","Electricity Tariffs & CEB","1"
"1483","5","Iran War & Geopolitics (Trump/Hormuz)","1"
"1484","1","General Sri Lanka News (Cyclone Ditwah relief, Rupee, Tourism)","1"
"1485","2","Arrests, Bribery & Corruption (CIABOC)","1"
"1486","3","Violence, Shootings & Fatal Accidents","1"
"1487","7","Health & Dengue","1"
"1488","6","Transport & Railways","1"
"1489","2","Arrests, Bribery & Corruption (CIABOC)","1"
"1490","16","Stock Market (CSE)","1"
"1491","7","Health & Dengue","1"
"1492","14","US/China Trade & Tariffs","1"
"1493","6","Transport & Railways","1"
"1494","2","Arrests, Bribery & Corruption (CIABOC)","1"
"1495","2","Arrests, Bribery & Corruption (CIABOC)","1"
"1496","6","Transport & Railways","1"
"1497","0","Cricket","1"
"1498","2","Arrests, Bribery & Corruption (CIABOC)","1"
"1499","0","Cricket","1"
"1500","5","Iran War & Geopolitics (Trump/Hormuz)","1"
"1501","0","Cricket","1"
"1502","8","Electricity Tariffs & CEB","1"
"1503","1","General Sri Lanka News (Cyclone Ditwah relief, Rupee, Tourism)","1"
"1504","0","Cricket","1"
"1505","0","Cricket","1"
"1506","1","General Sri Lanka News (Cyclone Ditwah relief, Rupee, Tourism)","1"
"1507","6","Transport & Railways","1"
"1508","3","Violence, Shootings & Fatal Accidents","1"
"1509","0","Cricket","1"
"1510","0","Cricket","1"
"1511","5","Iran War & Geopolitics (Trump/Hormuz)","1"
"1512","2","Arrests, Bribery & Corruption (CIABOC)","1"
"1513","5","Iran War & Geopolitics (Trump/Hormuz)","1"
"1514","2","Arrests, Bribery & Corruption (CIABOC)","1"
"1515","0","Cricket","1"
"1516","2","Arrests, Bribery & Corruption (CIABOC)","1"
"1517","6","Transport & Railways","1"
"1518","2","Arrests, Bribery & Corruption (CIABOC)","1"
"1519","7","Health & Dengue","1"
"1520","2","Arrests, Bribery & Corruption (CIABOC)","1"
"1521","2","Arrests, Bribery & Corruption (CIABOC)","1"
"1522","5","Iran War & Geopolitics (Trump/Hormuz)","1"
"1523","1","General Sri Lanka News (Cyclone Ditwah relief, Rupee, Tourism)","1"
"1524","0","Cricket","1"
"1525","1","General Sri Lanka News (Cyclone Ditwah relief, Rupee, Tourism)","1"
"1526","3","Violence, Shootings & Fatal Accidents","1"
"1527","3","Violence, Shootings & Fatal Accidents","1"
"1528","2","Arrests, Bribery & Corruption (CIABOC)","1"
"1529","7","Health & Dengue","1"
"1530","2","Arrests, Bribery & Corruption (CIABOC)","1"
"1531","0","Cricket","1"
"1532","0","Cricket","1"
"1533","4","Weather & Flood Warnings","1"
"1534","12","Consumer Prices & Food (Rice/CAA)","1"
"1535","4","Weather & Flood Warnings","1"
"1536","1","General Sri Lanka News (Cyclone Ditwah relief, Rupee, Tourism)","1"
"1537","2","Arrests, Bribery & Corruption (CIABOC)","1"
"1538","15","Public Holidays & Special Traffic Plans","1"
"1539","6","Transport & Railways","1"
"1540","2","Arrests, Bribery & Corruption (CIABOC)","1"
"1541","11","Wildlife & Human-Elephant Conflict","1"
"1542","2","Arrests, Bribery & Corruption (CIABOC)","1"
"1543","1","General Sri Lanka News (Cyclone Ditwah relief, Rupee, Tourism)","1"
"1544","2","Arrests, Bribery & Corruption (CIABOC)","1"
"1545","16","Stock Market (CSE)","1"
"1546","2","Arrests, Bribery & Corruption (CIABOC)","1"
"1547","11","Wildlife & Human-Elephant Conflict","1"
"1548","7","Health & Dengue","1"
"1549","8","Electricity Tariffs & CEB","1"
"1550","2","Arrests, Bribery & Corruption (CIABOC)","1"
"1551","7","Health & Dengue","1"
"1552","2","Arrests, Bribery & Corruption (CIABOC)","1"
"1553","2","Arrests, Bribery & Corruption (CIABOC)","1"
"1554","2","Arrests, Bribery & Corruption (CIABOC)","1"
"1555","14","US/China Trade & Tariffs","1"
"1556","0","Cricket","1"
"1557","2","Arrests, Bribery & Corruption (CIABOC)","1"
"1558","2","Arrests, Bribery & Corruption (CIABOC)","1"
"1559","13","Media, Online Safety & News Digests","1"
"1560","1","General Sri Lanka News (Cyclone Ditwah relief, Rupee, Tourism)","1"
"1561","2","Arrests, Bribery & Corruption (CIABOC)","1"
"1562","2","Arrests, Bribery & Corruption (CIABOC)","1"
"1563","7","Health & Dengue","1"
"1564","1","General Sri Lanka News (Cyclone Ditwah relief, Rupee, Tourism)","1"
"1565","3","Violence, Shootings & Fatal Accidents","1"
"1566","2","Arrests, Bribery & Corruption (CIABOC)","1"
"1567","3","Violence, Shootings & Fatal Accidents","1"
"1568","6","Transport & Railways","1"
"1569","3","Violence, Shootings & Fatal Accidents","1"
"1570","0","Cricket","1"
"1571","1","General Sri Lanka News (Cyclone Ditwah relief, Rupee, Tourism)","1"
"1572","2","Arrests, Bribery & Corruption (CIABOC)","1"
"1573","20","Fuel Quota & QR System","1"
"1574","1","General Sri Lanka News (Cyclone Ditwah relief, Rupee, Tourism)","1"
"1575","0","Cricket","1"
"1576","6","Transport & Railways","1"
"1577","1","General Sri Lanka News (Cyclone Ditwah relief, Rupee, Tourism)","1"
"1578","1","General Sri Lanka News (Cyclone Ditwah relief, Rupee, Tourism)","1"
"1579","8","Electricity Tariffs & CEB","1"
"1580","0","Cricket","1"
"1581","0","Cricket","1"
"1582","5","Iran War & Geopolitics (Trump/Hormuz)","1"
"1583","0","Cricket","1"
"1584","5","Iran War & Geopolitics (Trump/Hormuz)","1"
"1585","0","Cricket","1"
"1586","2","Arrests, Bribery & Corruption (CIABOC)","1"
"1587","0","Cricket","1"
"1588","2","Arrests, Bribery & Corruption (CIABOC)","1"
"1589","3","Violence, Shootings & Fatal Accidents","1"
"1590","2","Arrests, Bribery & Corruption (CIABOC)","1"
"1591","3","Violence, Shootings & Fatal Accidents","1"
"1592","2","Arrests, Bribery & Corruption (CIABOC)","1"
"1593","9","Fuel & Oil Prices (CPC)","1"
"1594","23","Elon Musk & Global Business News","1"
"1595","1","General Sri Lanka News (Cyclone Ditwah relief, Rupee, Tourism)","1"
"1596","0","Cricket","1"
"1597","0","Cricket","1"
"1598","5","Iran War & Geopolitics (Trump/Hormuz)","1"
"1599","14","US/China Trade & Tariffs","1"
"1600","1","General Sri Lanka News (Cyclone Ditwah relief, Rupee, Tourism)","1"
"1601","10","Education & Examinations","1"
"1602","6","Transport & Railways","1"
"1603","6","Transport & Railways","1"
"1604","10","Education & Examinations","1"
"1605","5","Iran War & Geopolitics (Trump/Hormuz)","1"
"1606","0","Cricket","1"
"1607","0","Cricket","1"
"1608","18","Easter Sunday Attacks (Retrospective/Legal)","1"
"1609","7","Health & Dengue","1"
"1610","0","Cricket","1"
"1611","1","General Sri Lanka News (Cyclone Ditwah relief, Rupee, Tourism)","1"
"1612","4","Weather & Flood Warnings","1"
"1613","16","Stock Market (CSE)","1"
"1614","12","Consumer Prices & Food (Rice/CAA)","1"
"1615","11","Wildlife & Human-Elephant Conflict","1"
"1616","0","Cricket","1"
"1617","5","Iran War & Geopolitics (Trump/Hormuz)","1"
"1618","11","Wildlife & Human-Elephant Conflict","1"
"1619","7","Health & Dengue","1"
"1620","3","Violence, Shootings & Fatal Accidents","1"
"1621","2","Arrests, Bribery & Corruption (CIABOC)","1"
"1622","7","Health & Dengue","1"
"1623","0","Cricket","1"
"1624","6","Transport & Railways","1"
"1625","9","Fuel & Oil Prices (CPC)","1"
"1626","10","Education & Examinations","1"
"1627","1","General Sri Lanka News (Cyclone Ditwah relief, Rupee, Tourism)","1"
"1628","0","Cricket","1"
"1629","5","Iran War & Geopolitics (Trump/Hormuz)","1"
"1630","17","Healthcare Worker Strikes (GMOA)","1"
"1631","13","Media, Online Safety & News Digests","1"
"1632","5","Iran War & Geopolitics (Trump/Hormuz)","1"
"1633","6","Transport & Railways","1"
"1634","9","Fuel & Oil Prices (CPC)","1"
"1635","4","Weather & Flood Warnings","1"
"1636","0","Cricket","1"
"1637","2","Arrests, Bribery & Corruption (CIABOC)","1"
"1638","16","Stock Market (CSE)","1"
"1639","9","Fuel & Oil Prices (CPC)","1"
"1640","0","Cricket","1"
"1641","23","Elon Musk & Global Business News","1"
"1642","0","Cricket","1"
"1643","3","Violence, Shootings & Fatal Accidents","1"
"1644","2","Arrests, Bribery & Corruption (CIABOC)","1"
"1645","2","Arrests, Bribery & Corruption (CIABOC)","1"
"1646","0","Cricket","1"
"1647","6","Transport & Railways","1"
"1648","6","Transport & Railways","1"
"1649","15","Public Holidays & Special Traffic Plans","1"
"1650","11","Wildlife & Human-Elephant Conflict","1"
"1651","6","Transport & Railways","1"
"1652","1","General Sri Lanka News (Cyclone Ditwah relief, Rupee, Tourism)","1"
"1653","4","Weather & Flood Warnings","1"
"1654","0","Cricket","1"
"1655","3","Violence, Shootings & Fatal Accidents","1"
"1656","3","Violence, Shootings & Fatal Accidents","1"
"1657","4","Weather & Flood Warnings","1"
"1658","5","Iran War & Geopolitics (Trump/Hormuz)","1"
"1659","2","Arrests, Bribery & Corruption (CIABOC)","1"
"1660","0","Cricket","1"
"1661","14","US/China Trade & Tariffs","1"
"1662","2","Arrests, Bribery & Corruption (CIABOC)","1"
"1663","9","Fuel & Oil Prices (CPC)","1"
"1664","11","Wildlife & Human-Elephant Conflict","1"
"1665","14","US/China Trade & Tariffs","1"
"1666","1","General Sri Lanka News (Cyclone Ditwah relief, Rupee, Tourism)","1"
"1667","0","Cricket","1"
"1668","3","Violence, Shootings & Fatal Accidents","1"
"1669","1","General Sri Lanka News (Cyclone Ditwah relief, Rupee, Tourism)","1"
"1670","1","General Sri Lanka News (Cyclone Ditwah relief, Rupee, Tourism)","1"
"1671","1","General Sri Lanka News (Cyclone Ditwah relief, Rupee, Tourism)","1"
"1672","1","General Sri Lanka News (Cyclone Ditwah relief, Rupee, Tourism)","1"
"1673","2","Arrests, Bribery & Corruption (CIABOC)","1"
"1674","2","Arrests, Bribery & Corruption (CIABOC)","1"
"1675","0","Cricket","1"
"1676","0","Cricket","1"
"1677","6","Transport & Railways","1"
"1678","1","General Sri Lanka News (Cyclone Ditwah relief, Rupee, Tourism)","1"
"1679","4","Weather & Flood Warnings","1"
"1680","3","Violence, Shootings & Fatal Accidents","1"
"1681","22","Liquor Shop Regulations","1"
"1682","16","Stock Market (CSE)","1"
"1683","8","Electricity Tariffs & CEB","1"
"1684","2","Arrests, Bribery & Corruption (CIABOC)","1"
"1685","1","General Sri Lanka News (Cyclone Ditwah relief, Rupee, Tourism)","1"
"1686","0","Cricket","1"
"1687","2","Arrests, Bribery & Corruption (CIABOC)","1"
"1688","0","Cricket","1"
"1689","0","Cricket","1"
"1690","7","Health & Dengue","1"
"1691","3","Violence, Shootings & Fatal Accidents","1"
"1692","15","Public Holidays & Special Traffic Plans","1"
"1693","0","Cricket","1"
"1694","2","Arrests, Bribery & Corruption (CIABOC)","1"
"1695","2","Arrests, Bribery & Corruption (CIABOC)","1"
"1696","5","Iran War & Geopolitics (Trump/Hormuz)","1"
"1697","6","Transport & Railways","1"
"1698","0","Cricket","1"
"1699","2","Arrests, Bribery & Corruption (CIABOC)","1"
"1700","1","General Sri Lanka News (Cyclone Ditwah relief, Rupee, Tourism)","1"
"1701","1","General Sri Lanka News (Cyclone Ditwah relief, Rupee, Tourism)","1"
"1702","1","General Sri Lanka News (Cyclone Ditwah relief, Rupee, Tourism)","1"
"1703","3","Violence, Shootings & Fatal Accidents","1"
"1704","8","Electricity Tariffs & CEB","1"
"1705","13","Media, Online Safety & News Digests","1"
"1706","0","Cricket","1"
"1707","0","Cricket","1"
"1708","17","Healthcare Worker Strikes (GMOA)","1"
"1709","7","Health & Dengue","1"
"1710","2","Arrests, Bribery & Corruption (CIABOC)","1"
"1711","12","Consumer Prices & Food (Rice/CAA)","1"
"1712","7","Health & Dengue","1"
"1713","4","Weather & Flood Warnings","1"
"1714","5","Iran War & Geopolitics (Trump/Hormuz)","1"
"1715","1","General Sri Lanka News (Cyclone Ditwah relief, Rupee, Tourism)","1"
"1716","1","General Sri Lanka News (Cyclone Ditwah relief, Rupee, Tourism)","1"
"1717","18","Easter Sunday Attacks (Retrospective/Legal)","1"
"1718","2","Arrests, Bribery & Corruption (CIABOC)","1"
"1719","7","Health & Dengue","1"
"1720","8","Electricity Tariffs & CEB","1"
"1721","16","Stock Market (CSE)","1"
"1722","0","Cricket","1"
"1723","1","General Sri Lanka News (Cyclone Ditwah relief, Rupee, Tourism)","1"
"1724","2","Arrests, Bribery & Corruption (CIABOC)","1"
"1725","0","Cricket","1"
"1726","1","General Sri Lanka News (Cyclone Ditwah relief, Rupee, Tourism)","1"
"1727","9","Fuel & Oil Prices (CPC)","1"
"1728","3","Violence, Shootings & Fatal Accidents","1"
"1729","2","Arrests, Bribery & Corruption (CIABOC)","1"
"1730","14","US/China Trade & Tariffs","1"
"1731","4","Weather & Flood Warnings","1"
"1732","5","Iran War & Geopolitics (Trump/Hormuz)","1"
"1733","1","General Sri Lanka News (Cyclone Ditwah relief, Rupee, Tourism)","1"
"1734","3","Violence, Shootings & Fatal Accidents","1"
"1735","1","General Sri Lanka News (Cyclone Ditwah relief, Rupee, Tourism)","1"
"1736","16","Stock Market (CSE)","1"
"1737","1","General Sri Lanka News (Cyclone Ditwah relief, Rupee, Tourism)","1"
"1738","3","Violence, Shootings & Fatal Accidents","1"
"1739","0","Cricket","1"
"1740","0","Cricket","1"
"1741","0","Cricket","1"
"1742","1","General Sri Lanka News (Cyclone Ditwah relief, Rupee, Tourism)","1"
"1743","6","Transport & Railways","1"
"1744","4","Weather & Flood Warnings","1"
"1745","0","Cricket","1"
"1746","2","Arrests, Bribery & Corruption (CIABOC)","1"
"1747","3","Violence, Shootings & Fatal Accidents","1"
"1748","5","Iran War & Geopolitics (Trump/Hormuz)","1"
"1749","0","Cricket","1"
"1750","11","Wildlife & Human-Elephant Conflict","1"
"1751","10","Education & Examinations","1"
"1752","3","Violence, Shootings & Fatal Accidents","1"
"1753","6","Transport & Railways","1"
"1754","13","Media, Online Safety & News Digests","1"
"1755","11","Wildlife & Human-Elephant Conflict","1"
"1756","11","Wildlife & Human-Elephant Conflict","1"
"1757","4","Weather & Flood Warnings","1"
"1758","3","Violence, Shootings & Fatal Accidents","1"
"1759","18","Easter Sunday Attacks (Retrospective/Legal)","1"
"1760","2","Arrests, Bribery & Corruption (CIABOC)","1"
"1761","6","Transport & Railways","1"
"1762","2","Arrests, Bribery & Corruption (CIABOC)","1"
"1763","0","Cricket","1"
"1764","10","Education & Examinations","1"
"1765","7","Health & Dengue","1"
"1766","1","General Sri Lanka News (Cyclone Ditwah relief, Rupee, Tourism)","1"
"1767","13","Media, Online Safety & News Digests","1"
"1768","1","General Sri Lanka News (Cyclone Ditwah relief, Rupee, Tourism)","1"
"1769","1","General Sri Lanka News (Cyclone Ditwah relief, Rupee, Tourism)","1"
"1770","1","General Sri Lanka News (Cyclone Ditwah relief, Rupee, Tourism)","1"
"1771","0","Cricket","1"
"1772","5","Iran War & Geopolitics (Trump/Hormuz)","1"
"1773","2","Arrests, Bribery & Corruption (CIABOC)","1"
"1774","1","General Sri Lanka News (Cyclone Ditwah relief, Rupee, Tourism)","1"
"1775","12","Consumer Prices & Food (Rice/CAA)","1"
"1776","2","Arrests, Bribery & Corruption (CIABOC)","1"
"1777","11","Wildlife & Human-Elephant Conflict","1"
"1778","3","Violence, Shootings & Fatal Accidents","1"
"1779","5","Iran War & Geopolitics (Trump/Hormuz)","1"
"1780","1","General Sri Lanka News (Cyclone Ditwah relief, Rupee, Tourism)","1"
"1781","4","Weather & Flood Warnings","1"
"1782","4","Weather & Flood Warnings","1"
"1783","23","Elon Musk & Global Business News","1"
"1784","1","General Sri Lanka News (Cyclone Ditwah relief, Rupee, Tourism)","1"
"1785","1","General Sri Lanka News (Cyclone Ditwah relief, Rupee, Tourism)","1"
"1786","1","General Sri Lanka News (Cyclone Ditwah relief, Rupee, Tourism)","1"
"1787","6","Transport & Railways","1"
"1788","6","Transport & Railways","1"
"1789","1","General Sri Lanka News (Cyclone Ditwah relief, Rupee, Tourism)","1"
"1790","14","US/China Trade & Tariffs","1"
"1791","11","Wildlife & Human-Elephant Conflict","1"
"1792","12","Consumer Prices & Food (Rice/CAA)","1"
"1793","0","Cricket","1"
"1794","7","Health & Dengue","1"
"1795","1","General Sri Lanka News (Cyclone Ditwah relief, Rupee, Tourism)","1"
"1796","16","Stock Market (CSE)","1"
"1797","3","Violence, Shootings & Fatal Accidents","1"
"1798","1","General Sri Lanka News (Cyclone Ditwah relief, Rupee, Tourism)","1"
"1799","0","Cricket","1"
"1800","1","General Sri Lanka News (Cyclone Ditwah relief, Rupee, Tourism)","1"
"1801","0","Cricket","1"
"1802","0","Cricket","1"
"1803","2","Arrests, Bribery & Corruption (CIABOC)","1"
"1804","1","General Sri Lanka News (Cyclone Ditwah relief, Rupee, Tourism)","1"
"1805","5","Iran War & Geopolitics (Trump/Hormuz)","1"
"1806","6","Transport & Railways","1"
"1807","13","Media, Online Safety & News Digests","1"
"1808","2","Arrests, Bribery & Corruption (CIABOC)","1"
"1809","2","Arrests, Bribery & Corruption (CIABOC)","1"
"1810","2","Arrests, Bribery & Corruption (CIABOC)","1"
"1811","2","Arrests, Bribery & Corruption (CIABOC)","1"
"1812","0","Cricket","1"
"1813","2","Arrests, Bribery & Corruption (CIABOC)","1"
"1814","1","General Sri Lanka News (Cyclone Ditwah relief, Rupee, Tourism)","1"
"1815","2","Arrests, Bribery & Corruption (CIABOC)","1"
"1816","2","Arrests, Bribery & Corruption (CIABOC)","1"
"1817","8","Electricity Tariffs & CEB","1"
"1818","1","General Sri Lanka News (Cyclone Ditwah relief, Rupee, Tourism)","1"
"1819","22","Liquor Shop Regulations","1"
"1820","9","Fuel & Oil Prices (CPC)","1"
"1821","3","Violence, Shootings & Fatal Accidents","1"
"1822","0","Cricket","1"
"1823","4","Weather & Flood Warnings","1"
"1824","5","Iran War & Geopolitics (Trump/Hormuz)","1"
"1825","1","General Sri Lanka News (Cyclone Ditwah relief, Rupee, Tourism)","1"
"1826","3","Violence, Shootings & Fatal Accidents","1"
"1827","2","Arrests, Bribery & Corruption (CIABOC)","1"
"1828","2","Arrests, Bribery & Corruption (CIABOC)","1"
"1829","13","Media, Online Safety & News Digests","1"
"1830","9","Fuel & Oil Prices (CPC)","1"
"1831","0","Cricket","1"
"1832","2","Arrests, Bribery & Corruption (CIABOC)","1"
"1833","8","Electricity Tariffs & CEB","1"
"1834","1","General Sri Lanka News (Cyclone Ditwah relief, Rupee, Tourism)","1"
"1835","18","Easter Sunday Attacks (Retrospective/Legal)","1"
"1836","0","Cricket","1"
"1837","16","Stock Market (CSE)","1"
"1838","7","Health & Dengue","1"
"1839","3","Violence, Shootings & Fatal Accidents","1"
"1840","3","Violence, Shootings & Fatal Accidents","1"
"1841","2","Arrests, Bribery & Corruption (CIABOC)","1"
"1842","1","General Sri Lanka News (Cyclone Ditwah relief, Rupee, Tourism)","1"
"1843","11","Wildlife & Human-Elephant Conflict","1"
"1844","0","Cricket","1"
"1845","22","Liquor Shop Regulations","1"
"1846","3","Violence, Shootings & Fatal Accidents","1"
"1847","3","Violence, Shootings & Fatal Accidents","1"
"1848","1","General Sri Lanka News (Cyclone Ditwah relief, Rupee, Tourism)","1"
"1849","2","Arrests, Bribery & Corruption (CIABOC)","1"
"1850","0","Cricket","1"
"1851","8","Electricity Tariffs & CEB","1"
"1852","7","Health & Dengue","1"
"1853","7","Health & Dengue","1"
"1854","3","Violence, Shootings & Fatal Accidents","1"
"1855","0","Cricket","1"
"1856","0","Cricket","1"
"1857","7","Health & Dengue","1"
"1858","4","Weather & Flood Warnings","1"
"1859","0","Cricket","1"
"1860","0","Cricket","1"
"1861","1","General Sri Lanka News (Cyclone Ditwah relief, Rupee, Tourism)","1"
"1862","0","Cricket","1"
"1863","2","Arrests, Bribery & Corruption (CIABOC)","1"
"1864","0","Cricket","1"
"1865","9","Fuel & Oil Prices (CPC)","1"
"1866","3","Violence, Shootings & Fatal Accidents","1"
"1867","7","Health & Dengue","1"
"1868","3","Violence, Shootings & Fatal Accidents","1"
"1869","7","Health & Dengue","1"
"1870","0","Cricket","1"
"1871","6","Transport & Railways","1"
"1872","2","Arrests, Bribery & Corruption (CIABOC)","1"
"1873","7","Health & Dengue","1"
"1874","4","Weather & Flood Warnings","1"
"1875","7","Health & Dengue","1"
"1876","5","Iran War & Geopolitics (Trump/Hormuz)","1"
"1877","6","Transport & Railways","1"
"1878","12","Consumer Prices & Food (Rice/CAA)","1"
"1879","7","Health & Dengue","1"
"1880","4","Weather & Flood Warnings","1"
"1881","0","Cricket","1"
"1882","1","General Sri Lanka News (Cyclone Ditwah relief, Rupee, Tourism)","1"
"1883","2","Arrests, Bribery & Corruption (CIABOC)","1"
"1884","2","Arrests, Bribery & Corruption (CIABOC)","1"
"1885","0","Cricket","1"
"1886","3","Violence, Shootings & Fatal Accidents","1"
"1887","4","Weather & Flood Warnings","1"
"1888","4","Weather & Flood Warnings","1"
"1889","15","Public Holidays & Special Traffic Plans","1"
"1890","22","Liquor Shop Regulations","1"
"1891","1","General Sri Lanka News (Cyclone Ditwah relief, Rupee, Tourism)","1"
"1892","3","Violence, Shootings & Fatal Accidents","1"
"1893","13","Media, Online Safety & News Digests","1"
"1894","5","Iran War & Geopolitics (Trump/Hormuz)","1"
"1895","2","Arrests, Bribery & Corruption (CIABOC)","1"
"1896","13","Media, Online Safety & News Digests","1"
"1897","1","General Sri Lanka News (Cyclone Ditwah relief, Rupee, Tourism)","1"
"1898","3","Violence, Shootings & Fatal Accidents","1"
"1899","12","Consumer Prices & Food (Rice/CAA)","1"
"1900","1","General Sri Lanka News (Cyclone Ditwah relief, Rupee, Tourism)","1"
"1901","1","General Sri Lanka News (Cyclone Ditwah relief, Rupee, Tourism)","1"
"1902","12","Consumer Prices & Food (Rice/CAA)","1"
"1903","1","General Sri Lanka News (Cyclone Ditwah relief, Rupee, Tourism)","1"
"1904","1","General Sri Lanka News (Cyclone Ditwah relief, Rupee, Tourism)","1"
"1905","1","General Sri Lanka News (Cyclone Ditwah relief, Rupee, Tourism)","1"
"1906","7","Health & Dengue","1"
"1907","9","Fuel & Oil Prices (CPC)","1"
"1908","14","US/China Trade & Tariffs","1"
"1909","16","Stock Market (CSE)","1"
"1910","10","Education & Examinations","1"
"1911","0","Cricket","1"
"1912","2","Arrests, Bribery & Corruption (CIABOC)","1"
"1913","0","Cricket","1"
"1914","2","Arrests, Bribery & Corruption (CIABOC)","1"
"1915","4","Weather & Flood Warnings","1"
"1916","1","General Sri Lanka News (Cyclone Ditwah relief, Rupee, Tourism)","1"
"1917","13","Media, Online Safety & News Digests","1"
"1918","12","Consumer Prices & Food (Rice/CAA)","1"
"1919","2","Arrests, Bribery & Corruption (CIABOC)","1"
"1920","21","AI & Digital Education","1"
"1921","0","Cricket","1"
"1922","0","Cricket","1"
"1923","0","Cricket","1"
"1924","2","Arrests, Bribery & Corruption (CIABOC)","1"
"1925","0","Cricket","1"
"1926","23","Elon Musk & Global Business News","1"
"1927","0","Cricket","1"
"1928","0","Cricket","1"
"1929","13","Media, Online Safety & News Digests","1"
"1930","9","Fuel & Oil Prices (CPC)","1"
"1931","5","Iran War & Geopolitics (Trump/Hormuz)","1"
"1932","7","Health & Dengue","1"
"1933","13","Media, Online Safety & News Digests","1"
"1934","5","Iran War & Geopolitics (Trump/Hormuz)","1"
"1935","2","Arrests, Bribery & Corruption (CIABOC)","1"
"1936","7","Health & Dengue","1"
"1937","7","Health & Dengue","1"
"1938","6","Transport & Railways","1"
"1939","9","Fuel & Oil Prices (CPC)","1"
"1940","3","Violence, Shootings & Fatal Accidents","1"
"1941","0","Cricket","1"
"1942","1","General Sri Lanka News (Cyclone Ditwah relief, Rupee, Tourism)","1"
"1943","2","Arrests, Bribery & Corruption (CIABOC)","1"
"1944","3","Violence, Shootings & Fatal Accidents","1"
"1945","0","Cricket","1"
"1946","11","Wildlife & Human-Elephant Conflict","1"
"1947","8","Electricity Tariffs & CEB","1"
"1948","1","General Sri Lanka News (Cyclone Ditwah relief, Rupee, Tourism)","1"
"1949","7","Health & Dengue","1"
"1950","6","Transport & Railways","1"
"1951","2","Arrests, Bribery & Corruption (CIABOC)","1"
"1952","3","Violence, Shootings & Fatal Accidents","1"
"1953","2","Arrests, Bribery & Corruption (CIABOC)","1"
"1954","4","Weather & Flood Warnings","1"
"1955","3","Violence, Shootings & Fatal Accidents","1"
"1956","23","Elon Musk & Global Business News","1"
"1957","2","Arrests, Bribery & Corruption (CIABOC)","1"
"1958","2","Arrests, Bribery & Corruption (CIABOC)","1"
"1959","0","Cricket","1"
"1960","10","Education & Examinations","1"
"1961","13","Media, Online Safety & News Digests","1"
"1962","4","Weather & Flood Warnings","1"
"1963","0","Cricket","1"
"1964","0","Cricket","1"
"1965","7","Health & Dengue","1"
"1966","17","Healthcare Worker Strikes (GMOA)","1"
"1967","5","Iran War & Geopolitics (Trump/Hormuz)","1"
"1968","5","Iran War & Geopolitics (Trump/Hormuz)","1"
"1969","1","General Sri Lanka News (Cyclone Ditwah relief, Rupee, Tourism)","1"
"1970","0","Cricket","1"
"1971","2","Arrests, Bribery & Corruption (CIABOC)","1"
"1972","2","Arrests, Bribery & Corruption (CIABOC)","1"
"1973","13","Media, Online Safety & News Digests","1"
"1974","10","Education & Examinations","1"
"1975","1","General Sri Lanka News (Cyclone Ditwah relief, Rupee, Tourism)","1"
"1976","12","Consumer Prices & Food (Rice/CAA)","1"
"1977","4","Weather & Flood Warnings","1"
"1978","7","Health & Dengue","1"
"1979","0","Cricket","1"
"1980","12","Consumer Prices & Food (Rice/CAA)","1"
"1981","1","General Sri Lanka News (Cyclone Ditwah relief, Rupee, Tourism)","1"
"1982","2","Arrests, Bribery & Corruption (CIABOC)","1"
"1983","2","Arrests, Bribery & Corruption (CIABOC)","1"
"1984","2","Arrests, Bribery & Corruption (CIABOC)","1"
"1985","1","General Sri Lanka News (Cyclone Ditwah relief, Rupee, Tourism)","1"
"1986","2","Arrests, Bribery & Corruption (CIABOC)","1"
"1987","5","Iran War & Geopolitics (Trump/Hormuz)","1"
"1988","8","Electricity Tariffs & CEB","1"
"1989","8","Electricity Tariffs & CEB","1"
"1990","2","Arrests, Bribery & Corruption (CIABOC)","1"
"1991","0","Cricket","1"
"1992","0","Cricket","1"
"1993","6","Transport & Railways","1"
"1994","1","General Sri Lanka News (Cyclone Ditwah relief, Rupee, Tourism)","1"
"1995","7","Health & Dengue","1"
"1996","1","General Sri Lanka News (Cyclone Ditwah relief, Rupee, Tourism)","1"
"1997","10","Education & Examinations","1"
"1998","1","General Sri Lanka News (Cyclone Ditwah relief, Rupee, Tourism)","1"
"1999","9","Fuel & Oil Prices (CPC)","1"
"2000","2","Arrests, Bribery & Corruption (CIABOC)","1"
"2001","8","Electricity Tariffs & CEB","1"
"2002","0","Cricket","1"
"2003","4","Weather & Flood Warnings","1"
"2004","0","Cricket","1"
"2005","22","Liquor Shop Regulations","1"
"2006","3","Violence, Shootings & Fatal Accidents","1"
"2007","14","US/China Trade & Tariffs","1"
"2008","13","Media, Online Safety & News Digests","1"
"2009","1","General Sri Lanka News (Cyclone Ditwah relief, Rupee, Tourism)","1"
"2010","8","Electricity Tariffs & CEB","1"
"2011","4","Weather & Flood Warnings","1"
"2012","10","Education & Examinations","1"
"2013","8","Electricity Tariffs & CEB","1"
"2014","5","Iran War & Geopolitics (Trump/Hormuz)","1"
"2015","7","Health & Dengue","1"
"2016","7","Health & Dengue","1"
"2017","0","Cricket","1"
"2018","0","Cricket","1"
"2019","0","Cricket","1"
"2020","2","Arrests, Bribery & Corruption (CIABOC)","1"
"2021","8","Electricity Tariffs & CEB","1"
"2022","5","Iran War & Geopolitics (Trump/Hormuz)","1"
"2023","5","Iran War & Geopolitics (Trump/Hormuz)","1"
"2024","0","Cricket","1"
"2025","7","Health & Dengue","1"
"2026","7","Health & Dengue","1"
"2027","7","Health & Dengue","1"
"2028","5","Iran War & Geopolitics (Trump/Hormuz)","1"
"2029","4","Weather & Flood Warnings","1"
"2030","1","General Sri Lanka News (Cyclone Ditwah relief, Rupee, Tourism)","1"
"2031","2","Arrests, Bribery & Corruption (CIABOC)","1"
"2032","4","Weather & Flood Warnings","1"
"2033","3","Violence, Shootings & Fatal Accidents","1"
"2034","2","Arrests, Bribery & Corruption (CIABOC)","1"
"2035","0","Cricket","1"
"2036","0","Cricket","1"
"2037","0","Cricket","1"
"2038","13","Media, Online Safety & News Digests","1"
"2039","0","Cricket","1"
"2040","9","Fuel & Oil Prices (CPC)","1"
"2041","1","General Sri Lanka News (Cyclone Ditwah relief, Rupee, Tourism)","1"
"2042","0","Cricket","1"
"2043","3","Violence, Shootings & Fatal Accidents","1"
"2044","16","Stock Market (CSE)","1"
"2045","3","Violence, Shootings & Fatal Accidents","1"
"2046","0","Cricket","1"
"2047","0","Cricket","1"
"2048","3","Violence, Shootings & Fatal Accidents","1"
"2049","0","Cricket","1"
"2050","6","Transport & Railways","1"
"2051","0","Cricket","1"
"2052","0","Cricket","1"
"2053","1","General Sri Lanka News (Cyclone Ditwah relief, Rupee, Tourism)","1"
"2054","0","Cricket","1"
"2055","9","Fuel & Oil Prices (CPC)","1"
"2056","3","Violence, Shootings & Fatal Accidents","1"
"2057","7","Health & Dengue","1"
"2058","0","Cricket","1"
"2059","3","Violence, Shootings & Fatal Accidents","1"
"2060","7","Health & Dengue","1"
"2061","8","Electricity Tariffs & CEB","1"
"2062","0","Cricket","1"
"2063","2","Arrests, Bribery & Corruption (CIABOC)","1"
"2064","2","Arrests, Bribery & Corruption (CIABOC)","1"
"2065","1","General Sri Lanka News (Cyclone Ditwah relief, Rupee, Tourism)","1"
"2066","9","Fuel & Oil Prices (CPC)","1"
"2067","2","Arrests, Bribery & Corruption (CIABOC)","1"
"2068","7","Health & Dengue","1"
"2069","0","Cricket","1"
"2070","7","Health & Dengue","1"
"2071","2","Arrests, Bribery & Corruption (CIABOC)","1"
"2072","0","Cricket","1"
"2073","1","General Sri Lanka News (Cyclone Ditwah relief, Rupee, Tourism)","1"
"2074","5","Iran War & Geopolitics (Trump/Hormuz)","1"
"2075","3","Violence, Shootings & Fatal Accidents","1"
"2076","0","Cricket","1"
"2077","1","General Sri Lanka News (Cyclone Ditwah relief, Rupee, Tourism)","1"
"2078","1","General Sri Lanka News (Cyclone Ditwah relief, Rupee, Tourism)","1"
"2079","1","General Sri Lanka News (Cyclone Ditwah relief, Rupee, Tourism)","1"
"2080","6","Transport & Railways","1"
"2081","0","Cricket","1"
"2082","5","Iran War & Geopolitics (Trump/Hormuz)","1"
"2083","0","Cricket","1"
"2084","0","Cricket","1"
"2085","22","Liquor Shop Regulations","1"
"2086","2","Arrests, Bribery & Corruption (CIABOC)","1"
"2087","9","Fuel & Oil Prices (CPC)","1"
"2088","0","Cricket","1"
"2089","0","Cricket","1"
"2090","5","Iran War & Geopolitics (Trump/Hormuz)","1"
"2091","2","Arrests, Bribery & Corruption (CIABOC)","1"
"2092","1","General Sri Lanka News (Cyclone Ditwah relief, Rupee, Tourism)","1"
"2093","1","General Sri Lanka News (Cyclone Ditwah relief, Rupee, Tourism)","1"
"2094","5","Iran War & Geopolitics (Trump/Hormuz)","1"
"2095","9","Fuel & Oil Prices (CPC)","1"
"2096","6","Transport & Railways","1"
"2097","9","Fuel & Oil Prices (CPC)","1"
"2098","5","Iran War & Geopolitics (Trump/Hormuz)","1"
"2099","11","Wildlife & Human-Elephant Conflict","1"
"2100","3","Violence, Shootings & Fatal Accidents","1"
"2101","6","Transport & Railways","1"
"2102","7","Health & Dengue","1"
"2103","2","Arrests, Bribery & Corruption (CIABOC)","1"
"2104","15","Public Holidays & Special Traffic Plans","1"
"2105","7","Health & Dengue","1"
"2106","1","General Sri Lanka News (Cyclone Ditwah relief, Rupee, Tourism)","1"
"2107","13","Media, Online Safety & News Digests","1"
"2108","0","Cricket","1"
"2109","13","Media, Online Safety & News Digests","1"
"2110","10","Education & Examinations","1"
"2111","2","Arrests, Bribery & Corruption (CIABOC)","1"
"2112","14","US/China Trade & Tariffs","1"
"2113","0","Cricket","1"
"2114","1","General Sri Lanka News (Cyclone Ditwah relief, Rupee, Tourism)","1"
"2115","2","Arrests, Bribery & Corruption (CIABOC)","1"
"2116","4","Weather & Flood Warnings","1"
"2117","5","Iran War & Geopolitics (Trump/Hormuz)","1"
"2118","0","Cricket","1"
"2119","3","Violence, Shootings & Fatal Accidents","1"
"2120","14","US/China Trade & Tariffs","1"
"2121","16","Stock Market (CSE)","1"
"2122","0","Cricket","1"
"2123","5","Iran War & Geopolitics (Trump/Hormuz)","1"
"2124","2","Arrests, Bribery & Corruption (CIABOC)","1"
"2125","0","Cricket","1"
"2126","0","Cricket","1"
"2127","2","Arrests, Bribery & Corruption (CIABOC)","1"
"2128","0","Cricket","1"
"2129","3","Violence, Shootings & Fatal Accidents","1"
"2130","19","NASA & Space (Artemis)","1"
"2131","5","Iran War & Geopolitics (Trump/Hormuz)","1"
"2132","1","General Sri Lanka News (Cyclone Ditwah relief, Rupee, Tourism)","1"
"2133","1","General Sri Lanka News (Cyclone Ditwah relief, Rupee, Tourism)","1"
"2134","7","Health & Dengue","1"
"2135","0","Cricket","1"
"2136","2","Arrests, Bribery & Corruption (CIABOC)","1"
"2137","4","Weather & Flood Warnings","1"
"2138","7","Health & Dengue","1"
"2139","1","General Sri Lanka News (Cyclone Ditwah relief, Rupee, Tourism)","1"
"2140","7","Health & Dengue","1"
"2141","1","General Sri Lanka News (Cyclone Ditwah relief, Rupee, Tourism)","1"
"2142","10","Education & Examinations","1"
"2143","1","General Sri Lanka News (Cyclone Ditwah relief, Rupee, Tourism)","1"
"2144","1","General Sri Lanka News (Cyclone Ditwah relief, Rupee, Tourism)","1"
"2145","1","General Sri Lanka News (Cyclone Ditwah relief, Rupee, Tourism)","1"
"2146","4","Weather & Flood Warnings","1"
"2147","3","Violence, Shootings & Fatal Accidents","1"
"2148","0","Cricket","1"
"2149","5","Iran War & Geopolitics (Trump/Hormuz)","1"
"2150","0","Cricket","1"
"2151","1","General Sri Lanka News (Cyclone Ditwah relief, Rupee, Tourism)","1"
"2152","4","Weather & Flood Warnings","1"
"2153","17","Healthcare Worker Strikes (GMOA)","1"
"2154","0","Cricket","1"
"2155","2","Arrests, Bribery & Corruption (CIABOC)","1"
"2156","0","Cricket","1"
"2157","5","Iran War & Geopolitics (Trump/Hormuz)","1"
"2158","2","Arrests, Bribery & Corruption (CIABOC)","1"
"2159","0","Cricket","1"
"2160","1","General Sri Lanka News (Cyclone Ditwah relief, Rupee, Tourism)","1"
"2161","3","Violence, Shootings & Fatal Accidents","1"
"2162","1","General Sri Lanka News (Cyclone Ditwah relief, Rupee, Tourism)","1"
"2163","7","Health & Dengue","1"
"2164","1","General Sri Lanka News (Cyclone Ditwah relief, Rupee, Tourism)","1"
"2165","3","Violence, Shootings & Fatal Accidents","1"
"2166","1","General Sri Lanka News (Cyclone Ditwah relief, Rupee, Tourism)","1"
"2167","1","General Sri Lanka News (Cyclone Ditwah relief, Rupee, Tourism)","1"
"2168","12","Consumer Prices & Food (Rice/CAA)","1"
"2169","1","General Sri Lanka News (Cyclone Ditwah relief, Rupee, Tourism)","1"
"2170","0","Cricket","1"
"2171","3","Violence, Shootings & Fatal Accidents","1"
"2172","3","Violence, Shootings & Fatal Accidents","1"
"2173","7","Health & Dengue","1"
"2174","14","US/China Trade & Tariffs","1"
"2175","0","Cricket","1"
"2176","1","General Sri Lanka News (Cyclone Ditwah relief, Rupee, Tourism)","1"
"2177","5","Iran War & Geopolitics (Trump/Hormuz)","1"
"2178","1","General Sri Lanka News (Cyclone Ditwah relief, Rupee, Tourism)","1"
"2179","2","Arrests, Bribery & Corruption (CIABOC)","1"
"2180","16","Stock Market (CSE)","1"
"2181","2","Arrests, Bribery & Corruption (CIABOC)","1"
"2182","8","Electricity Tariffs & CEB","1"
"2183","0","Cricket","1"
"2184","8","Electricity Tariffs & CEB","1"
"2185","18","Easter Sunday Attacks (Retrospective/Legal)","1"
"2186","1","General Sri Lanka News (Cyclone Ditwah relief, Rupee, Tourism)","1"
"2187","10","Education & Examinations","1"
"2188","13","Media, Online Safety & News Digests","1"
"2189","2","Arrests, Bribery & Corruption (CIABOC)","1"
"2190","4","Weather & Flood Warnings","1"
"2191","10","Education & Examinations","1"
"2192","1","General Sri Lanka News (Cyclone Ditwah relief, Rupee, Tourism)","1"
"2193","10","Education & Examinations","1"
"2194","21","AI & Digital Education","1"
"2195","0","Cricket","1"
"2196","14","US/China Trade & Tariffs","1"
"2197","7","Health & Dengue","1"
"2198","5","Iran War & Geopolitics (Trump/Hormuz)","1"
"2199","11","Wildlife & Human-Elephant Conflict","1"
"2200","5","Iran War & Geopolitics (Trump/Hormuz)","1"
"2201","2","Arrests, Bribery & Corruption (CIABOC)","1"
"2202","0","Cricket","1"
"2203","0","Cricket","1"
"2204","5","Iran War & Geopolitics (Trump/Hormuz)","1"
"2205","3","Violence, Shootings & Fatal Accidents","1"
"2206","4","Weather & Flood Warnings","1"
"2207","9","Fuel & Oil Prices (CPC)","1"
"2208","12","Consumer Prices & Food (Rice/CAA)","1"
"2209","15","Public Holidays & Special Traffic Plans","1"
"2210","2","Arrests, Bribery & Corruption (CIABOC)","1"
"2211","4","Weather & Flood Warnings","1"
"2212","7","Health & Dengue","1"
"2213","10","Education & Examinations","1"
"2214","9","Fuel & Oil Prices (CPC)","1"
"2215","10","Education & Examinations","1"
"2216","5","Iran War & Geopolitics (Trump/Hormuz)","1"
"2217","1","General Sri Lanka News (Cyclone Ditwah relief, Rupee, Tourism)","1"
"2218","5","Iran War & Geopolitics (Trump/Hormuz)","1"
"2219","1","General Sri Lanka News (Cyclone Ditwah relief, Rupee, Tourism)","1"
"2220","7","Health & Dengue","1"
"2221","1","General Sri Lanka News (Cyclone Ditwah relief, Rupee, Tourism)","1"
"2222","5","Iran War & Geopolitics (Trump/Hormuz)","1"
"2223","7","Health & Dengue","1"
"2224","5","Iran War & Geopolitics (Trump/Hormuz)","1"
"2225","12","Consumer Prices & Food (Rice/CAA)","1"
"2226","5","Iran War & Geopolitics (Trump/Hormuz)","1"
"2227","0","Cricket","1"
"2228","16","Stock Market (CSE)","1"
"2229","6","Transport & Railways","1"
"2230","7","Health & Dengue","1"
"2231","9","Fuel & Oil Prices (CPC)","1"
"2232","11","Wildlife & Human-Elephant Conflict","1"
"2233","3","Violence, Shootings & Fatal Accidents","1"
"2234","23","Elon Musk & Global Business News","1"
"2235","1","General Sri Lanka News (Cyclone Ditwah relief, Rupee, Tourism)","1"
"2236","5","Iran War & Geopolitics (Trump/Hormuz)","1"
"2237","2","Arrests, Bribery & Corruption (CIABOC)","1"
"2238","6","Transport & Railways","1"
"2239","0","Cricket","1"
"2240","13","Media, Online Safety & News Digests","1"
"2241","1","General Sri Lanka News (Cyclone Ditwah relief, Rupee, Tourism)","1"
"2242","0","Cricket","1"
"2243","10","Education & Examinations","1"
"2244","11","Wildlife & Human-Elephant Conflict","1"
"2245","2","Arrests, Bribery & Corruption (CIABOC)","1"
"2246","2","Arrests, Bribery & Corruption (CIABOC)","1"
"2247","18","Easter Sunday Attacks (Retrospective/Legal)","1"
"2248","1","General Sri Lanka News (Cyclone Ditwah relief, Rupee, Tourism)","1"
"2249","7","Health & Dengue","1"
"2250","10","Education & Examinations","1"
"2251","8","Electricity Tariffs & CEB","1"
"2252","0","Cricket","1"
"2253","0","Cricket","1"
"2254","5","Iran War & Geopolitics (Trump/Hormuz)","1"
"2255","12","Consumer Prices & Food (Rice/CAA)","1"
"2256","2","Arrests, Bribery & Corruption (CIABOC)","1"
"2257","5","Iran War & Geopolitics (Trump/Hormuz)","1"
"2258","4","Weather & Flood Warnings","1"
"2259","5","Iran War & Geopolitics (Trump/Hormuz)","1"
"2260","0","Cricket","1"
"2261","9","Fuel & Oil Prices (CPC)","1"
"2262","12","Consumer Prices & Food (Rice/CAA)","1"
"2263","6","Transport & Railways","1"
"2264","1","General Sri Lanka News (Cyclone Ditwah relief, Rupee, Tourism)","1"
"2265","6","Transport & Railways","1"
"2266","0","Cricket","1"
"2267","7","Health & Dengue","1"
"2268","1","General Sri Lanka News (Cyclone Ditwah relief, Rupee, Tourism)","1"
"2269","7","Health & Dengue","1"
"2270","1","General Sri Lanka News (Cyclone Ditwah relief, Rupee, Tourism)","1"
"2271","1","General Sri Lanka News (Cyclone Ditwah relief, Rupee, Tourism)","1"
"2272","1","General Sri Lanka News (Cyclone Ditwah relief, Rupee, Tourism)","1"
"2273","1","General Sri Lanka News (Cyclone Ditwah relief, Rupee, Tourism)","1"
"2274","23","Elon Musk & Global Business News","1"
"2275","0","Cricket","1"
"2276","6","Transport & Railways","1"
"2277","7","Health & Dengue","1"
"2278","0","Cricket","1"
"2279","2","Arrests, Bribery & Corruption (CIABOC)","1"
"2280","0","Cricket","1"
"2281","2","Arrests, Bribery & Corruption (CIABOC)","1"
"2282","1","General Sri Lanka News (Cyclone Ditwah relief, Rupee, Tourism)","1"
"2283","16","Stock Market (CSE)","1"
"2284","2","Arrests, Bribery & Corruption (CIABOC)","1"
"2285","3","Violence, Shootings & Fatal Accidents","1"
"2286","2","Arrests, Bribery & Corruption (CIABOC)","1"
"2287","7","Health & Dengue","1"
"2288","4","Weather & Flood Warnings","1"
"2289","0","Cricket","1"
"2290","6","Transport & Railways","1"
"2291","0","Cricket","1"
"2292","2","Arrests, Bribery & Corruption (CIABOC)","1"
"2293","3","Violence, Shootings & Fatal Accidents","1"
"2294","1","General Sri Lanka News (Cyclone Ditwah relief, Rupee, Tourism)","1"
"2295","7","Health & Dengue","1"
"2296","6","Transport & Railways","1"
"2297","0","Cricket","1"
"2298","6","Transport & Railways","1"
"2299","10","Education & Examinations","1"
"2300","11","Wildlife & Human-Elephant Conflict","1"
"2301","8","Electricity Tariffs & CEB","1"
"2302","1","General Sri Lanka News (Cyclone Ditwah relief, Rupee, Tourism)","1"
"2303","12","Consumer Prices & Food (Rice/CAA)","1"
"2304","0","Cricket","1"
"2305","13","Media, Online Safety & News Digests","1"
"2306","2","Arrests, Bribery & Corruption (CIABOC)","1"
"2307","12","Consumer Prices & Food (Rice/CAA)","1"
"2308","9","Fuel & Oil Prices (CPC)","1"
"2309","4","Weather & Flood Warnings","1"
"2310","13","Media, Online Safety & News Digests","1"
"2311","8","Electricity Tariffs & CEB","1"
"2312","4","Weather & Flood Warnings","1"
"2313","7","Health & Dengue","1"
"2314","2","Arrests, Bribery & Corruption (CIABOC)","1"
"2315","11","Wildlife & Human-Elephant Conflict","1"
"2316","6","Transport & Railways","1"
"2317","6","Transport & Railways","1"
"2318","0","Cricket","1"
"2319","3","Violence, Shootings & Fatal Accidents","1"
"2320","1","General Sri Lanka News (Cyclone Ditwah relief, Rupee, Tourism)","1"
"2321","5","Iran War & Geopolitics (Trump/Hormuz)","1"
"2322","7","Health & Dengue","1"
"2323","2","Arrests, Bribery & Corruption (CIABOC)","1"
"2324","1","General Sri Lanka News (Cyclone Ditwah relief, Rupee, Tourism)","1"
"2325","2","Arrests, Bribery & Corruption (CIABOC)","1"
"2326","0","Cricket","1"
"2327","2","Arrests, Bribery & Corruption (CIABOC)","1"
"2328","2","Arrests, Bribery & Corruption (CIABOC)","1"
"2329","0","Cricket","1"
"2330","3","Violence, Shootings & Fatal Accidents","1"
"2331","2","Arrests, Bribery & Corruption (CIABOC)","1"
"2332","2","Arrests, Bribery & Corruption (CIABOC)","1"
"2333","16","Stock Market (CSE)","1"
"2334","5","Iran War & Geopolitics (Trump/Hormuz)","1"
"2335","0","Cricket","1"
"2336","21","AI & Digital Education","1"
"2337","7","Health & Dengue","1"
"2338","1","General Sri Lanka News (Cyclone Ditwah relief, Rupee, Tourism)","1"
"2339","5","Iran War & Geopolitics (Trump/Hormuz)","1"
"2340","1","General Sri Lanka News (Cyclone Ditwah relief, Rupee, Tourism)","1"
"2341","0","Cricket","1"
"2342","2","Arrests, Bribery & Corruption (CIABOC)","1"
"2343","11","Wildlife & Human-Elephant Conflict","1"
"2344","5","Iran War & Geopolitics (Trump/Hormuz)","1"
"2345","11","Wildlife & Human-Elephant Conflict","1"
"2346","16","Stock Market (CSE)","1"
"2347","6","Transport & Railways","1"
"2348","13","Media, Online Safety & News Digests","1"
"2349","2","Arrests, Bribery & Corruption (CIABOC)","1"
"2350","2","Arrests, Bribery & Corruption (CIABOC)","1"
"2351","5","Iran War & Geopolitics (Trump/Hormuz)","1"
"2352","1","General Sri Lanka News (Cyclone Ditwah relief, Rupee, Tourism)","1"
"2353","4","Weather & Flood Warnings","1"
"2354","7","Health & Dengue","1"
"2355","5","Iran War & Geopolitics (Trump/Hormuz)","1"
"2356","13","Media, Online Safety & News Digests","1"
"2357","1","General Sri Lanka News (Cyclone Ditwah relief, Rupee, Tourism)","1"
"2358","0","Cricket","1"
"2359","12","Consumer Prices & Food (Rice/CAA)","1"
"2360","2","Arrests, Bribery & Corruption (CIABOC)","1"
"2361","1","General Sri Lanka News (Cyclone Ditwah relief, Rupee, Tourism)","1"
"2362","4","Weather & Flood Warnings","1"
"2363","1","General Sri Lanka News (Cyclone Ditwah relief, Rupee, Tourism)","1"
"2364","7","Health & Dengue","1"
"2365","9","Fuel & Oil Prices (CPC)","1"
"2366","1","General Sri Lanka News (Cyclone Ditwah relief, Rupee, Tourism)","1"
"2367","8","Electricity Tariffs & CEB","1"
"2368","1","General Sri Lanka News (Cyclone Ditwah relief, Rupee, Tourism)","1"
"2369","0","Cricket","1"
"2370","3","Violence, Shootings & Fatal Accidents","1"
"2371","1","General Sri Lanka News (Cyclone Ditwah relief, Rupee, Tourism)","1"
"2372","0","Cricket","1"
"2373","16","Stock Market (CSE)","1"
"2374","0","Cricket","1"
"2375","13","Media, Online Safety & News Digests","1"
"2376","13","Media, Online Safety & News Digests","1"
"2377","5","Iran War & Geopolitics (Trump/Hormuz)","1"
"2378","1","General Sri Lanka News (Cyclone Ditwah relief, Rupee, Tourism)","1"
"2379","1","General Sri Lanka News (Cyclone Ditwah relief, Rupee, Tourism)","1"
"2380","1","General Sri Lanka News (Cyclone Ditwah relief, Rupee, Tourism)","1"
"2381","0","Cricket","1"
"2382","1","General Sri Lanka News (Cyclone Ditwah relief, Rupee, Tourism)","1"
"2383","0","Cricket","1"
"2384","7","Health & Dengue","1"
"2385","4","Weather & Flood Warnings","1"
"2386","5","Iran War & Geopolitics (Trump/Hormuz)","1"
"2387","1","General Sri Lanka News (Cyclone Ditwah relief, Rupee, Tourism)","1"
"2388","2","Arrests, Bribery & Corruption (CIABOC)","1"
"2389","0","Cricket","1"
"2390","1","General Sri Lanka News (Cyclone Ditwah relief, Rupee, Tourism)","1"
"2391","2","Arrests, Bribery & Corruption (CIABOC)","1"
"2392","0","Cricket","1"
"2393","0","Cricket","1"
"2394","0","Cricket","1"
"2395","0","Cricket","1"
"2396","7","Health & Dengue","1"
"2397","1","General Sri Lanka News (Cyclone Ditwah relief, Rupee, Tourism)","1"
"2398","10","Education & Examinations","1"
"2399","2","Arrests, Bribery & Corruption (CIABOC)","1"
"2400","1","General Sri Lanka News (Cyclone Ditwah relief, Rupee, Tourism)","1"
"2401","3","Violence, Shootings & Fatal Accidents","1"
"2402","1","General Sri Lanka News (Cyclone Ditwah relief, Rupee, Tourism)","1"
"2403","10","Education & Examinations","1"
"2404","6","Transport & Railways","1"
"2405","1","General Sri Lanka News (Cyclone Ditwah relief, Rupee, Tourism)","1"
"2406","2","Arrests, Bribery & Corruption (CIABOC)","1"
"2407","0","Cricket","1"
"2408","1","General Sri Lanka News (Cyclone Ditwah relief, Rupee, Tourism)","1"
"2409","3","Violence, Shootings & Fatal Accidents","1"
"2410","2","Arrests, Bribery & Corruption (CIABOC)","1"
"2411","4","Weather & Flood Warnings","1"
"2412","1","General Sri Lanka News (Cyclone Ditwah relief, Rupee, Tourism)","1"
"2413","6","Transport & Railways","1"
"2414","1","General Sri Lanka News (Cyclone Ditwah relief, Rupee, Tourism)","1"
"2415","4","Weather & Flood Warnings","1"
"2416","3","Violence, Shootings & Fatal Accidents","1"
"2417","5","Iran War & Geopolitics (Trump/Hormuz)","1"
"2418","1","General Sri Lanka News (Cyclone Ditwah relief, Rupee, Tourism)","1"
"2419","7","Health & Dengue","1"
"2420","1","General Sri Lanka News (Cyclone Ditwah relief, Rupee, Tourism)","1"
"2421","2","Arrests, Bribery & Corruption (CIABOC)","1"
"2422","0","Cricket","1"
"2423","0","Cricket","1"
"2424","1","General Sri Lanka News (Cyclone Ditwah relief, Rupee, Tourism)","1"
"2425","7","Health & Dengue","1"
"2426","1","General Sri Lanka News (Cyclone Ditwah relief, Rupee, Tourism)","1"
"2427","7","Health & Dengue","1"
"2428","3","Violence, Shootings & Fatal Accidents","1"
"2429","9","Fuel & Oil Prices (CPC)","1"
"2430","0","Cricket","1"
"2431","1","General Sri Lanka News (Cyclone Ditwah relief, Rupee, Tourism)","1"
"2432","0","Cricket","1"
"2433","9","Fuel & Oil Prices (CPC)","1"
"2434","1","General Sri Lanka News (Cyclone Ditwah relief, Rupee, Tourism)","1"
"2435","0","Cricket","1"
"2436","13","Media, Online Safety & News Digests","1"
"2437","10","Education & Examinations","1"
"2438","2","Arrests, Bribery & Corruption (CIABOC)","1"
"2439","5","Iran War & Geopolitics (Trump/Hormuz)","1"
"2440","1","General Sri Lanka News (Cyclone Ditwah relief, Rupee, Tourism)","1"
"2441","15","Public Holidays & Special Traffic Plans","1"
"2442","3","Violence, Shootings & Fatal Accidents","1"
"2443","0","Cricket","1"
"2444","4","Weather & Flood Warnings","1"
"2445","5","Iran War & Geopolitics (Trump/Hormuz)","1"
"2446","5","Iran War & Geopolitics (Trump/Hormuz)","1"
"2447","13","Media, Online Safety & News Digests","1"
"2448","1","General Sri Lanka News (Cyclone Ditwah relief, Rupee, Tourism)","1"
"2449","10","Education & Examinations","1"
"2450","3","Violence, Shootings & Fatal Accidents","1"
"2451","2","Arrests, Bribery & Corruption (CIABOC)","1"
"2452","5","Iran War & Geopolitics (Trump/Hormuz)","1"
"2453","1","General Sri Lanka News (Cyclone Ditwah relief, Rupee, Tourism)","1"
"2454","1","General Sri Lanka News (Cyclone Ditwah relief, Rupee, Tourism)","1"
"2455","2","Arrests, Bribery & Corruption (CIABOC)","1"
"2456","3","Violence, Shootings & Fatal Accidents","1"
"2457","12","Consumer Prices & Food (Rice/CAA)","1"
"2458","3","Violence, Shootings & Fatal Accidents","1"
"2459","8","Electricity Tariffs & CEB","1"
"2460","8","Electricity Tariffs & CEB","1"
"2461","1","General Sri Lanka News (Cyclone Ditwah relief, Rupee, Tourism)","1"
"2462","4","Weather & Flood Warnings","1"
"2463","1","General Sri Lanka News (Cyclone Ditwah relief, Rupee, Tourism)","1"
"2464","3","Violence, Shootings & Fatal Accidents","1"
"2465","1","General Sri Lanka News (Cyclone Ditwah relief, Rupee, Tourism)","1"
"2466","2","Arrests, Bribery & Corruption (CIABOC)","1"
"2467","2","Arrests, Bribery & Corruption (CIABOC)","1"
"2468","1","General Sri Lanka News (Cyclone Ditwah relief, Rupee, Tourism)","1"
"2469","7","Health & Dengue","1"
"2470","17","Healthcare Worker Strikes (GMOA)","1"
"2471","3","Violence, Shootings & Fatal Accidents","1"
"2472","2","Arrests, Bribery & Corruption (CIABOC)","1"
"2473","2","Arrests, Bribery & Corruption (CIABOC)","1"
"2474","1","General Sri Lanka News (Cyclone Ditwah relief, Rupee, Tourism)","1"
"2475","2","Arrests, Bribery & Corruption (CIABOC)","1"
"2476","4","Weather & Flood Warnings","1"
"2477","2","Arrests, Bribery & Corruption (CIABOC)","1"
"2478","3","Violence, Shootings & Fatal Accidents","1"
"2479","1","General Sri Lanka News (Cyclone Ditwah relief, Rupee, Tourism)","1"
"2480","1","General Sri Lanka News (Cyclone Ditwah relief, Rupee, Tourism)","1"
"2481","0","Cricket","1"
"2482","19","NASA & Space (Artemis)","1"
"2483","0","Cricket","1"
"2484","1","General Sri Lanka News (Cyclone Ditwah relief, Rupee, Tourism)","1"
"2485","0","Cricket","1"
"2486","0","Cricket","1"
"2487","3","Violence, Shootings & Fatal Accidents","1"
"2488","0","Cricket","1"
"2489","2","Arrests, Bribery & Corruption (CIABOC)","1"
"2490","2","Arrests, Bribery & Corruption (CIABOC)","1"
"2491","1","General Sri Lanka News (Cyclone Ditwah relief, Rupee, Tourism)","1"
"2492","1","General Sri Lanka News (Cyclone Ditwah relief, Rupee, Tourism)","1"
"2493","5","Iran War & Geopolitics (Trump/Hormuz)","1"
"2494","19","NASA & Space (Artemis)","1"
"2495","5","Iran War & Geopolitics (Trump/Hormuz)","1"
"2496","5","Iran War & Geopolitics (Trump/Hormuz)","1"
"2497","5","Iran War & Geopolitics (Trump/Hormuz)","1"
"2498","17","Healthcare Worker Strikes (GMOA)","1"
"2499","18","Easter Sunday Attacks (Retrospective/Legal)","1"
"2500","5","Iran War & Geopolitics (Trump/Hormuz)","1"
"2501","8","Electricity Tariffs & CEB","1"
"2502","0","Cricket","1"
"2503","6","Transport & Railways","1"
"2504","16","Stock Market (CSE)","1"
"2505","4","Weather & Flood Warnings","1"
"2506","0","Cricket","1"
"2507","5","Iran War & Geopolitics (Trump/Hormuz)","1"
"2508","0","Cricket","1"
"2509","7","Health & Dengue","1"
"2510","8","Electricity Tariffs & CEB","1"
"2511","4","Weather & Flood Warnings","1"
"2512","12","Consumer Prices & Food (Rice/CAA)","1"
"2513","4","Weather & Flood Warnings","1"
"2514","0","Cricket","1"
"2515","7","Health & Dengue","1"
"2516","4","Weather & Flood Warnings","1"
"2517","1","General Sri Lanka News (Cyclone Ditwah relief, Rupee, Tourism)","1"
"2518","5","Iran War & Geopolitics (Trump/Hormuz)","1"
"2519","4","Weather & Flood Warnings","1"
"2520","1","General Sri Lanka News (Cyclone Ditwah relief, Rupee, Tourism)","1"
"2521","2","Arrests, Bribery & Corruption (CIABOC)","1"
"2522","0","Cricket","1"
"2523","6","Transport & Railways","1"
"2524","6","Transport & Railways","1"
"2525","1","General Sri Lanka News (Cyclone Ditwah relief, Rupee, Tourism)","1"
"2526","3","Violence, Shootings & Fatal Accidents","1"
"2527","2","Arrests, Bribery & Corruption (CIABOC)","1"
"2528","1","General Sri Lanka News (Cyclone Ditwah relief, Rupee, Tourism)","1"
"2529","1","General Sri Lanka News (Cyclone Ditwah relief, Rupee, Tourism)","1"
"2530","1","General Sri Lanka News (Cyclone Ditwah relief, Rupee, Tourism)","1"
"2531","1","General Sri Lanka News (Cyclone Ditwah relief, Rupee, Tourism)","1"
"2532","5","Iran War & Geopolitics (Trump/Hormuz)","1"
"2533","1","General Sri Lanka News (Cyclone Ditwah relief, Rupee, Tourism)","1"
"2534","13","Media, Online Safety & News Digests","1"
"2535","3","Violence, Shootings & Fatal Accidents","1"
"2536","13","Media, Online Safety & News Digests","1"
"2537","6","Transport & Railways","1"
"2538","2","Arrests, Bribery & Corruption (CIABOC)","1"
"2539","2","Arrests, Bribery & Corruption (CIABOC)","1"
"2540","21","AI & Digital Education","1"
"2541","0","Cricket","1"
"2542","4","Weather & Flood Warnings","1"
"2543","15","Public Holidays & Special Traffic Plans","1"
"2544","1","General Sri Lanka News (Cyclone Ditwah relief, Rupee, Tourism)","1"
"2545","1","General Sri Lanka News (Cyclone Ditwah relief, Rupee, Tourism)","1"
"2546","5","Iran War & Geopolitics (Trump/Hormuz)","1"
"2547","2","Arrests, Bribery & Corruption (CIABOC)","1"
"2548","0","Cricket","1"
"2549","3","Violence, Shootings & Fatal Accidents","1"
"2550","0","Cricket","1"
"2551","0","Cricket","1"
"2552","5","Iran War & Geopolitics (Trump/Hormuz)","1"
"2553","6","Transport & Railways","1"
"2554","2","Arrests, Bribery & Corruption (CIABOC)","1"
"2555","2","Arrests, Bribery & Corruption (CIABOC)","1"
"2556","3","Violence, Shootings & Fatal Accidents","1"
"2557","4","Weather & Flood Warnings","1"
"2558","7","Health & Dengue","1"
"2559","10","Education & Examinations","1"
"2560","2","Arrests, Bribery & Corruption (CIABOC)","1"
"2561","11","Wildlife & Human-Elephant Conflict","1"
"2562","16","Stock Market (CSE)","1"
"2563","2","Arrests, Bribery & Corruption (CIABOC)","1"
"2564","2","Arrests, Bribery & Corruption (CIABOC)","1"
"2565","2","Arrests, Bribery & Corruption (CIABOC)","1"
"2566","5","Iran War & Geopolitics (Trump/Hormuz)","1"
"2567","6","Transport & Railways","1"
"2568","5","Iran War & Geopolitics (Trump/Hormuz)","1"
"2569","0","Cricket","1"
"2570","0","Cricket","1"
"2571","1","General Sri Lanka News (Cyclone Ditwah relief, Rupee, Tourism)","1"
"2572","14","US/China Trade & Tariffs","1"
"2573","2","Arrests, Bribery & Corruption (CIABOC)","1"
"2574","7","Health & Dengue","1"
"2575","3","Violence, Shootings & Fatal Accidents","1"
"2576","4","Weather & Flood Warnings","1"
"2577","2","Arrests, Bribery & Corruption (CIABOC)","1"
"2578","1","General Sri Lanka News (Cyclone Ditwah relief, Rupee, Tourism)","1"
"2579","0","Cricket","1"
"2580","4","Weather & Flood Warnings","1"
"2581","2","Arrests, Bribery & Corruption (CIABOC)","1"
"2582","0","Cricket","1"
"2583","0","Cricket","1"
"2584","13","Media, Online Safety & News Digests","1"
"2585","5","Iran War & Geopolitics (Trump/Hormuz)","1"
"2586","4","Weather & Flood Warnings","1"
"2587","1","General Sri Lanka News (Cyclone Ditwah relief, Rupee, Tourism)","1"
"2588","9","Fuel & Oil Prices (CPC)","1"
"2589","5","Iran War & Geopolitics (Trump/Hormuz)","1"
"2590","2","Arrests, Bribery & Corruption (CIABOC)","1"
"2591","7","Health & Dengue","1"
"2592","2","Arrests, Bribery & Corruption (CIABOC)","1"
"2593","4","Weather & Flood Warnings","1"
"2594","0","Cricket","1"
"2595","15","Public Holidays & Special Traffic Plans","1"
"2596","18","Easter Sunday Attacks (Retrospective/Legal)","1"
"2597","12","Consumer Prices & Food (Rice/CAA)","1"
"2598","6","Transport & Railways","1"
"2599","0","Cricket","1"
"2600","2","Arrests, Bribery & Corruption (CIABOC)","1"
"2601","2","Arrests, Bribery & Corruption (CIABOC)","1"
"2602","0","Cricket","1"
"2603","21","AI & Digital Education","1"
"2604","4","Weather & Flood Warnings","1"
"2605","4","Weather & Flood Warnings","1"
"2606","0","Cricket","1"
"2607","5","Iran War & Geopolitics (Trump/Hormuz)","1"
"2608","3","Violence, Shootings & Fatal Accidents","1"
"2609","0","Cricket","1"
"2610","3","Violence, Shootings & Fatal Accidents","1"
"2611","10","Education & Examinations","1"
"2612","5","Iran War & Geopolitics (Trump/Hormuz)","1"
"2613","0","Cricket","1"
"2614","3","Violence, Shootings & Fatal Accidents","1"
"2615","2","Arrests, Bribery & Corruption (CIABOC)","1"
"2616","0","Cricket","1"
"2617","3","Violence, Shootings & Fatal Accidents","1"
"2618","4","Weather & Flood Warnings","1"
"2619","0","Cricket","1"
"2620","14","US/China Trade & Tariffs","1"
"2621","7","Health & Dengue","1"
"2622","7","Health & Dengue","1"
"2623","0","Cricket","1"
"2624","0","Cricket","1"
"2625","11","Wildlife & Human-Elephant Conflict","1"
"2626","7","Health & Dengue","1"
"2627","4","Weather & Flood Warnings","1"
"2628","12","Consumer Prices & Food (Rice/CAA)","1"
"2629","6","Transport & Railways","1"
"2630","3","Violence, Shootings & Fatal Accidents","1"
"2631","12","Consumer Prices & Food (Rice/CAA)","1"
"2632","2","Arrests, Bribery & Corruption (CIABOC)","1"
"2633","0","Cricket","1"
"2634","5","Iran War & Geopolitics (Trump/Hormuz)","1"
"2635","7","Health & Dengue","1"
"2636","7","Health & Dengue","1"
"2637","1","General Sri Lanka News (Cyclone Ditwah relief, Rupee, Tourism)","1"
"2638","3","Violence, Shootings & Fatal Accidents","1"
"2639","14","US/China Trade & Tariffs","1"
"2640","13","Media, Online Safety & News Digests","1"
"2641","1","General Sri Lanka News (Cyclone Ditwah relief, Rupee, Tourism)","1"
"2642","3","Violence, Shootings & Fatal Accidents","1"
"2643","3","Violence, Shootings & Fatal Accidents","1"
"2644","3","Violence, Shootings & Fatal Accidents","1"
"2645","5","Iran War & Geopolitics (Trump/Hormuz)","1"
"2646","8","Electricity Tariffs & CEB","1"
"2647","0","Cricket","1"
"2648","1","General Sri Lanka News (Cyclone Ditwah relief, Rupee, Tourism)","1"
"2649","0","Cricket","1"
"2650","0","Cricket","1"
"2651","1","General Sri Lanka News (Cyclone Ditwah relief, Rupee, Tourism)","1"
"2652","0","Cricket","1"
"2653","16","Stock Market (CSE)","1"
"2654","2","Arrests, Bribery & Corruption (CIABOC)","1"
"2655","1","General Sri Lanka News (Cyclone Ditwah relief, Rupee, Tourism)","1"
"2656","0","Cricket","1"
"2657","7","Health & Dengue","1"
"2658","2","Arrests, Bribery & Corruption (CIABOC)","1"
"2659","0","Cricket","1"
"2660","1","General Sri Lanka News (Cyclone Ditwah relief, Rupee, Tourism)","1"
"2661","1","General Sri Lanka News (Cyclone Ditwah relief, Rupee, Tourism)","1"
"2662","9","Fuel & Oil Prices (CPC)","1"
"2663","3","Violence, Shootings & Fatal Accidents","1"
"2664","0","Cricket","1"
"2665","3","Violence, Shootings & Fatal Accidents","1"
"2666","0","Cricket","1"
"2667","7","Health & Dengue","1"
"2668","2","Arrests, Bribery & Corruption (CIABOC)","1"
"2669","0","Cricket","1"
"2670","15","Public Holidays & Special Traffic Plans","1"
"2671","14","US/China Trade & Tariffs","1"
"2672","2","Arrests, Bribery & Corruption (CIABOC)","1"
"2673","5","Iran War & Geopolitics (Trump/Hormuz)","1"
"2674","3","Violence, Shootings & Fatal Accidents","1"
"2675","6","Transport & Railways","1"
"2676","3","Violence, Shootings & Fatal Accidents","1"
"2677","11","Wildlife & Human-Elephant Conflict","1"
"2678","4","Weather & Flood Warnings","1"
"2679","7","Health & Dengue","1"
"2680","0","Cricket","1"
"2681","3","Violence, Shootings & Fatal Accidents","1"
"2682","17","Healthcare Worker Strikes (GMOA)","1"
"2683","7","Health & Dengue","1"
"2684","1","General Sri Lanka News (Cyclone Ditwah relief, Rupee, Tourism)","1"
"2685","4","Weather & Flood Warnings","1"
"2686","4","Weather & Flood Warnings","1"
"2687","1","General Sri Lanka News (Cyclone Ditwah relief, Rupee, Tourism)","1"
"2688","8","Electricity Tariffs & CEB","1"
"2689","7","Health & Dengue","1"
"2690","4","Weather & Flood Warnings","1"
"2691","1","General Sri Lanka News (Cyclone Ditwah relief, Rupee, Tourism)","1"
"2692","1","General Sri Lanka News (Cyclone Ditwah relief, Rupee, Tourism)","1"
"2693","7","Health & Dengue","1"
"2694","9","Fuel & Oil Prices (CPC)","1"
"2695","10","Education & Examinations","1"
"2696","16","Stock Market (CSE)","1"
"2697","2","Arrests, Bribery & Corruption (CIABOC)","1"
"2698","5","Iran War & Geopolitics (Trump/Hormuz)","1"
"2699","0","Cricket","1"
"2700","3","Violence, Shootings & Fatal Accidents","1"
"2701","2","Arrests, Bribery & Corruption (CIABOC)","1"
"2702","1","General Sri Lanka News (Cyclone Ditwah relief, Rupee, Tourism)","1"
"2703","1","General Sri Lanka News (Cyclone Ditwah relief, Rupee, Tourism)","1"
"2704","4","Weather & Flood Warnings","1"
"2705","1","General Sri Lanka News (Cyclone Ditwah relief, Rupee, Tourism)","1"
"2706","5","Iran War & Geopolitics (Trump/Hormuz)","1"
"2707","1","General Sri Lanka News (Cyclone Ditwah relief, Rupee, Tourism)","1"
"2708","0","Cricket","1"
"2709","2","Arrests, Bribery & Corruption (CIABOC)","1"
"2710","6","Transport & Railways","1"
"2711","21","AI & Digital Education","1"
"2712","3","Violence, Shootings & Fatal Accidents","1"
"2713","7","Health & Dengue","1"
"2714","6","Transport & Railways","1"
"2715","2","Arrests, Bribery & Corruption (CIABOC)","1"
"2716","5","Iran War & Geopolitics (Trump/Hormuz)","1"
"2717","9","Fuel & Oil Prices (CPC)","1"
"2718","9","Fuel & Oil Prices (CPC)","1"
"2719","3","Violence, Shootings & Fatal Accidents","1"
"2720","0","Cricket","1"
"2721","3","Violence, Shootings & Fatal Accidents","1"
"2722","1","General Sri Lanka News (Cyclone Ditwah relief, Rupee, Tourism)","1"
"2723","5","Iran War & Geopolitics (Trump/Hormuz)","1"
"2724","0","Cricket","1"
"2725","9","Fuel & Oil Prices (CPC)","1"
"2726","6","Transport & Railways","1"
"2727","0","Cricket","1"
"2729","5","Iran War & Geopolitics (Trump/Hormuz)","1"
"2730","6","Transport & Railways","1"
"2731","3","Violence, Shootings & Fatal Accidents","1"
"2732","10","Education & Examinations","1"
"2733","7","Health & Dengue","1"
"2734","2","Arrests, Bribery & Corruption (CIABOC)","1"
"2735","0","Cricket","1"
"2736","16","Stock Market (CSE)","1"
"2737","10","Education & Examinations","1"
"2738","0","Cricket","1"
"2739","1","General Sri Lanka News (Cyclone Ditwah relief, Rupee, Tourism)","1"
"2740","2","Arrests, Bribery & Corruption (CIABOC)","1"
"2741","1","General Sri Lanka News (Cyclone Ditwah relief, Rupee, Tourism)","1"
"2742","3","Violence, Shootings & Fatal Accidents","1"
"2743","23","Elon Musk & Global Business News","1"
"2744","2","Arrests, Bribery & Corruption (CIABOC)","1"
"2745","0","Cricket","1"
"2746","0","Cricket","1"
"2747","14","US/China Trade & Tariffs","1"
"2748","2","Arrests, Bribery & Corruption (CIABOC)","1"
"2749","1","General Sri Lanka News (Cyclone Ditwah relief, Rupee, Tourism)","1"
"2750","5","Iran War & Geopolitics (Trump/Hormuz)","1"
"2751","1","General Sri Lanka News (Cyclone Ditwah relief, Rupee, Tourism)","1"
"2752","1","General Sri Lanka News (Cyclone Ditwah relief, Rupee, Tourism)","1"
"2753","1","General Sri Lanka News (Cyclone Ditwah relief, Rupee, Tourism)","1"
"2754","9","Fuel & Oil Prices (CPC)","1"
"2755","17","Healthcare Worker Strikes (GMOA)","1"
"2756","3","Violence, Shootings & Fatal Accidents","1"
"2757","2","Arrests, Bribery & Corruption (CIABOC)","1"
"2758","5","Iran War & Geopolitics (Trump/Hormuz)","1"
"2759","9","Fuel & Oil Prices (CPC)","1"
"2760","10","Education & Examinations","1"
"2761","0","Cricket","1"
"2762","1","General Sri Lanka News (Cyclone Ditwah relief, Rupee, Tourism)","1"
"2763","0","Cricket","1"
"2764","4","Weather & Flood Warnings","1"
"2765","5","Iran War & Geopolitics (Trump/Hormuz)","1"
"2766","1","General Sri Lanka News (Cyclone Ditwah relief, Rupee, Tourism)","1"
"2767","1","General Sri Lanka News (Cyclone Ditwah relief, Rupee, Tourism)","1"
"2768","0","Cricket","1"
"2769","1","General Sri Lanka News (Cyclone Ditwah relief, Rupee, Tourism)","1"
"2770","0","Cricket","1"
"2771","2","Arrests, Bribery & Corruption (CIABOC)","1"
"2772","8","Electricity Tariffs & CEB","1"
"2773","16","Stock Market (CSE)","1"
"2774","6","Transport & Railways","1"
"2775","5","Iran War & Geopolitics (Trump/Hormuz)","1"
"2776","0","Cricket","1"
"2777","1","General Sri Lanka News (Cyclone Ditwah relief, Rupee, Tourism)","1"
"2778","4","Weather & Flood Warnings","1"
"2779","1","General Sri Lanka News (Cyclone Ditwah relief, Rupee, Tourism)","1"
"2780","6","Transport & Railways","1"
"2781","8","Electricity Tariffs & CEB","1"
"2782","0","Cricket","1"
"2783","9","Fuel & Oil Prices (CPC)","1"
"2784","1","General Sri Lanka News (Cyclone Ditwah relief, Rupee, Tourism)","1"
"2785","4","Weather & Flood Warnings","1"
"2786","1","General Sri Lanka News (Cyclone Ditwah relief, Rupee, Tourism)","1"
"2787","2","Arrests, Bribery & Corruption (CIABOC)","1"
"2788","5","Iran War & Geopolitics (Trump/Hormuz)","1"
"2789","2","Arrests, Bribery & Corruption (CIABOC)","1"
"2790","0","Cricket","1"
"2791","15","Public Holidays & Special Traffic Plans","1"
"2792","1","General Sri Lanka News (Cyclone Ditwah relief, Rupee, Tourism)","1"
"2793","1","General Sri Lanka News (Cyclone Ditwah relief, Rupee, Tourism)","1"
"2794","1","General Sri Lanka News (Cyclone Ditwah relief, Rupee, Tourism)","1"
"2795","11","Wildlife & Human-Elephant Conflict","1"
"2796","1","General Sri Lanka News (Cyclone Ditwah relief, Rupee, Tourism)","1"
"2797","14","US/China Trade & Tariffs","1"
"2798","3","Violence, Shootings & Fatal Accidents","1"
"2799","0","Cricket","1"
"2800","9","Fuel & Oil Prices (CPC)","1"
"2801","2","Arrests, Bribery & Corruption (CIABOC)","1"
"2802","6","Transport & Railways","1"
"2803","10","Education & Examinations","1"
"2804","2","Arrests, Bribery & Corruption (CIABOC)","1"
"2805","11","Wildlife & Human-Elephant Conflict","1"
"2806","2","Arrests, Bribery & Corruption (CIABOC)","1"
"2807","6","Transport & Railways","1"
"2808","0","Cricket","1"
"2809","0","Cricket","1"
"2810","1","General Sri Lanka News (Cyclone Ditwah relief, Rupee, Tourism)","1"
"2811","18","Easter Sunday Attacks (Retrospective/Legal)","1"
"2812","0","Cricket","1"
"2813","13","Media, Online Safety & News Digests","1"
"2814","7","Health & Dengue","1"
"2815","3","Violence, Shootings & Fatal Accidents","1"
"2816","0","Cricket","1"
"2817","7","Health & Dengue","1"
"2818","0","Cricket","1"
"2819","1","General Sri Lanka News (Cyclone Ditwah relief, Rupee, Tourism)","1"
"2820","0","Cricket","1"
"2821","20","Fuel Quota & QR System","1"
"2822","1","General Sri Lanka News (Cyclone Ditwah relief, Rupee, Tourism)","1"
"2823","3","Violence, Shootings & Fatal Accidents","1"
"2824","5","Iran War & Geopolitics (Trump/Hormuz)","1"
"2825","0","Cricket","1"
"2826","7","Health & Dengue","1"
"2827","1","General Sri Lanka News (Cyclone Ditwah relief, Rupee, Tourism)","1"
"2828","2","Arrests, Bribery & Corruption (CIABOC)","1"
"2829","1","General Sri Lanka News (Cyclone Ditwah relief, Rupee, Tourism)","1"
"2830","14","US/China Trade & Tariffs","1"
"2831","0","Cricket","1"
"2832","9","Fuel & Oil Prices (CPC)","1"
"2833","3","Violence, Shootings & Fatal Accidents","1"
"2834","0","Cricket","1"
"2835","0","Cricket","1"
"2836","0","Cricket","1"
"2837","0","Cricket","1"
"2838","2","Arrests, Bribery & Corruption (CIABOC)","1"
"2839","7","Health & Dengue","1"
"2840","5","Iran War & Geopolitics (Trump/Hormuz)","1"
"2841","7","Health & Dengue","1"
"2842","5","Iran War & Geopolitics (Trump/Hormuz)","1"
"2843","7","Health & Dengue","1"
"2844","0","Cricket","1"
"2845","2","Arrests, Bribery & Corruption (CIABOC)","1"
"2846","6","Transport & Railways","1"
"2847","1","General Sri Lanka News (Cyclone Ditwah relief, Rupee, Tourism)","1"
"2848","13","Media, Online Safety & News Digests","1"
"2849","9","Fuel & Oil Prices (CPC)","1"
"2850","3","Violence, Shootings & Fatal Accidents","1"
"2851","2","Arrests, Bribery & Corruption (CIABOC)","1"
"2852","0","Cricket","1"
"2853","9","Fuel & Oil Prices (CPC)","1"
"2854","0","Cricket","1"
"2855","7","Health & Dengue","1"
"2856","9","Fuel & Oil Prices (CPC)","1"
"2857","3","Violence, Shootings & Fatal Accidents","1"
"2858","5","Iran War & Geopolitics (Trump/Hormuz)","1"
"2859","1","General Sri Lanka News (Cyclone Ditwah relief, Rupee, Tourism)","1"
"2860","7","Health & Dengue","1"
"2861","0","Cricket","1"
"2862","3","Violence, Shootings & Fatal Accidents","1"
"2863","6","Transport & Railways","1"
"2864","0","Cricket","1"
"2865","15","Public Holidays & Special Traffic Plans","1"
"2866","8","Electricity Tariffs & CEB","1"
"2867","5","Iran War & Geopolitics (Trump/Hormuz)","1"
"2868","15","Public Holidays & Special Traffic Plans","1"
"2869","0","Cricket","1"
"2870","0","Cricket","1"
"2871","1","General Sri Lanka News (Cyclone Ditwah relief, Rupee, Tourism)","1"
"2872","4","Weather & Flood Warnings","1"
"2873","1","General Sri Lanka News (Cyclone Ditwah relief, Rupee, Tourism)","1"
"2874","16","Stock Market (CSE)","1"
"2875","7","Health & Dengue","1"
"2876","0","Cricket","1"
"2877","7","Health & Dengue","1"
"2878","0","Cricket","1"
"2879","1","General Sri Lanka News (Cyclone Ditwah relief, Rupee, Tourism)","1"
"2880","6","Transport & Railways","1"
"2881","5","Iran War & Geopolitics (Trump/Hormuz)","1"
"2882","11","Wildlife & Human-Elephant Conflict","1"
"2883","4","Weather & Flood Warnings","1"
"2884","11","Wildlife & Human-Elephant Conflict","1"
"2885","1","General Sri Lanka News (Cyclone Ditwah relief, Rupee, Tourism)","1"
"2886","2","Arrests, Bribery & Corruption (CIABOC)","1"
"2887","5","Iran War & Geopolitics (Trump/Hormuz)","1"
"2888","9","Fuel & Oil Prices (CPC)","1"
"2889","0","Cricket","1"
"2890","11","Wildlife & Human-Elephant Conflict","1"
"2891","0","Cricket","1"
"2892","0","Cricket","1"
"2893","4","Weather & Flood Warnings","1"
"2894","1","General Sri Lanka News (Cyclone Ditwah relief, Rupee, Tourism)","1"
"2895","15","Public Holidays & Special Traffic Plans","1"
"2896","1","General Sri Lanka News (Cyclone Ditwah relief, Rupee, Tourism)","1"
"2897","2","Arrests, Bribery & Corruption (CIABOC)","1"
"2898","7","Health & Dengue","1"
"2899","0","Cricket","1"
"2900","0","Cricket","1"
"2901","5","Iran War & Geopolitics (Trump/Hormuz)","1"
"2902","3","Violence, Shootings & Fatal Accidents","1"
"2903","1","General Sri Lanka News (Cyclone Ditwah relief, Rupee, Tourism)","1"
"2904","2","Arrests, Bribery & Corruption (CIABOC)","1"
"2905","1","General Sri Lanka News (Cyclone Ditwah relief, Rupee, Tourism)","1"
"2906","2","Arrests, Bribery & Corruption (CIABOC)","1"
"2907","3","Violence, Shootings & Fatal Accidents","1"
"2908","1","General Sri Lanka News (Cyclone Ditwah relief, Rupee, Tourism)","1"
"2909","18","Easter Sunday Attacks (Retrospective/Legal)","1"
"2910","1","General Sri Lanka News (Cyclone Ditwah relief, Rupee, Tourism)","1"
"2911","11","Wildlife & Human-Elephant Conflict","1"
"2912","15","Public Holidays & Special Traffic Plans","1"
"2913","15","Public Holidays & Special Traffic Plans","1"
"2914","1","General Sri Lanka News (Cyclone Ditwah relief, Rupee, Tourism)","1"
"2915","4","Weather & Flood Warnings","1"
"2916","5","Iran War & Geopolitics (Trump/Hormuz)","1"
"2917","4","Weather & Flood Warnings","1"
"2918","9","Fuel & Oil Prices (CPC)","1"
"2919","10","Education & Examinations","1"
"2920","0","Cricket","1"
"2921","0","Cricket","1"
"2922","6","Transport & Railways","1"
"2923","10","Education & Examinations","1"
"2924","8","Electricity Tariffs & CEB","1"
"2925","22","Liquor Shop Regulations","1"
"2926","7","Health & Dengue","1"
"2927","13","Media, Online Safety & News Digests","1"
"2928","0","Cricket","1"
"2929","0","Cricket","1"
"2930","6","Transport & Railways","1"
"2931","2","Arrests, Bribery & Corruption (CIABOC)","1"
"2932","6","Transport & Railways","1"
"2933","4","Weather & Flood Warnings","1"
"2934","22","Liquor Shop Regulations","1"
"2935","7","Health & Dengue","1"
"2936","17","Healthcare Worker Strikes (GMOA)","1"
"2937","7","Health & Dengue","1"
"2938","1","General Sri Lanka News (Cyclone Ditwah relief, Rupee, Tourism)","1"
"2939","5","Iran War & Geopolitics (Trump/Hormuz)","1"
"2940","2","Arrests, Bribery & Corruption (CIABOC)","1"
"2941","7","Health & Dengue","1"
"2942","3","Violence, Shootings & Fatal Accidents","1"
"2943","8","Electricity Tariffs & CEB","1"
"2944","19","NASA & Space (Artemis)","1"
"2945","6","Transport & Railways","1"
"2946","0","Cricket","1"
"2947","1","General Sri Lanka News (Cyclone Ditwah relief, Rupee, Tourism)","1"
"2948","2","Arrests, Bribery & Corruption (CIABOC)","1"
"2949","9","Fuel & Oil Prices (CPC)","1"
"2950","5","Iran War & Geopolitics (Trump/Hormuz)","1"
"2951","0","Cricket","1"
"2952","7","Health & Dengue","1"
"2953","0","Cricket","1"
"2954","0","Cricket","1"
"2955","1","General Sri Lanka News (Cyclone Ditwah relief, Rupee, Tourism)","1"
"2956","1","General Sri Lanka News (Cyclone Ditwah relief, Rupee, Tourism)","1"
"2957","6","Transport & Railways","1"
"2958","0","Cricket","1"
"2959","0","Cricket","1"
"2960","5","Iran War & Geopolitics (Trump/Hormuz)","1"
"2961","0","Cricket","1"
"2962","2","Arrests, Bribery & Corruption (CIABOC)","1"
"2963","3","Violence, Shootings & Fatal Accidents","1"
"2964","4","Weather & Flood Warnings","1"
"2965","14","US/China Trade & Tariffs","1"
"2966","1","General Sri Lanka News (Cyclone Ditwah relief, Rupee, Tourism)","1"
"2967","0","Cricket","1"
"2968","0","Cricket","1"
"2969","7","Health & Dengue","1"
"2970","2","Arrests, Bribery & Corruption (CIABOC)","1"
"2971","15","Public Holidays & Special Traffic Plans","1"
"2972","5","Iran War & Geopolitics (Trump/Hormuz)","1"
"2973","2","Arrests, Bribery & Corruption (CIABOC)","1"
"2974","0","Cricket","1"
"2975","12","Consumer Prices & Food (Rice/CAA)","1"
"2976","0","Cricket","1"
"2977","1","General Sri Lanka News (Cyclone Ditwah relief, Rupee, Tourism)","1"
"2978","9","Fuel & Oil Prices (CPC)","1"
"2979","3","Violence, Shootings & Fatal Accidents","1"
"2980","10","Education & Examinations","1"
"2981","0","Cricket","1"
"2982","0","Cricket","1"
"2983","0","Cricket","1"
"2984","4","Weather & Flood Warnings","1"
"2985","9","Fuel & Oil Prices (CPC)","1"
"2986","1","General Sri Lanka News (Cyclone Ditwah relief, Rupee, Tourism)","1"
"2987","4","Weather & Flood Warnings","1"
"2988","13","Media, Online Safety & News Digests","1"
"2989","15","Public Holidays & Special Traffic Plans","1"
"2990","0","Cricket","1"
"2991","6","Transport & Railways","1"
"2992","2","Arrests, Bribery & Corruption (CIABOC)","1"
"2993","0","Cricket","1"
"2994","1","General Sri Lanka News (Cyclone Ditwah relief, Rupee, Tourism)","1"
"2995","1","General Sri Lanka News (Cyclone Ditwah relief, Rupee, Tourism)","1"
"2996","1","General Sri Lanka News (Cyclone Ditwah relief, Rupee, Tourism)","1"
"2997","4","Weather & Flood Warnings","1"
"2998","5","Iran War & Geopolitics (Trump/Hormuz)","1"
"2999","7","Health & Dengue","1"
"3000","1","General Sri Lanka News (Cyclone Ditwah relief, Rupee, Tourism)","1"
"3001","1","General Sri Lanka News (Cyclone Ditwah relief, Rupee, Tourism)","1"
"3002","2","Arrests, Bribery & Corruption (CIABOC)","1"
"3003","2","Arrests, Bribery & Corruption (CIABOC)","1"
"3004","5","Iran War & Geopolitics (Trump/Hormuz)","1"
"3005","1","General Sri Lanka News (Cyclone Ditwah relief, Rupee, Tourism)","1"
"3006","7","Health & Dengue","1"
"3007","1","General Sri Lanka News (Cyclone Ditwah relief, Rupee, Tourism)","1"
"3008","7","Health & Dengue","1"
"3009","18","Easter Sunday Attacks (Retrospective/Legal)","1"
"3010","2","Arrests, Bribery & Corruption (CIABOC)","1"
"3011","4","Weather & Flood Warnings","1"
"3012","3","Violence, Shootings & Fatal Accidents","1"
"3013","6","Transport & Railways","1"
"3014","0","Cricket","1"
"3015","13","Media, Online Safety & News Digests","1"
"3016","2","Arrests, Bribery & Corruption (CIABOC)","1"
"3017","16","Stock Market (CSE)","1"
"3018","7","Health & Dengue","1"
"3019","4","Weather & Flood Warnings","1"
"3020","5","Iran War & Geopolitics (Trump/Hormuz)","1"
"3021","1","General Sri Lanka News (Cyclone Ditwah relief, Rupee, Tourism)","1"
"3022","2","Arrests, Bribery & Corruption (CIABOC)","1"
"3023","0","Cricket","1"
"3024","15","Public Holidays & Special Traffic Plans","1"
"3025","15","Public Holidays & Special Traffic Plans","1"
"3026","6","Transport & Railways","1"
"3027","19","NASA & Space (Artemis)","1"
"3028","14","US/China Trade & Tariffs","1"
"3029","0","Cricket","1"
"3030","1","General Sri Lanka News (Cyclone Ditwah relief, Rupee, Tourism)","1"
"3031","3","Violence, Shootings & Fatal Accidents","1"
"3032","4","Weather & Flood Warnings","1"
"3033","0","Cricket","1"
"3034","10","Education & Examinations","1"
"3035","4","Weather & Flood Warnings","1"
"3036","1","General Sri Lanka News (Cyclone Ditwah relief, Rupee, Tourism)","1"
"3037","2","Arrests, Bribery & Corruption (CIABOC)","1"
"3038","3","Violence, Shootings & Fatal Accidents","1"
"3039","3","Violence, Shootings & Fatal Accidents","1"
"3040","4","Weather & Flood Warnings","1"
"3041","7","Health & Dengue","1"
"3042","1","General Sri Lanka News (Cyclone Ditwah relief, Rupee, Tourism)","1"
"3043","13","Media, Online Safety & News Digests","1"
"3044","2","Arrests, Bribery & Corruption (CIABOC)","1"
"3045","1","General Sri Lanka News (Cyclone Ditwah relief, Rupee, Tourism)","1"
"3046","1","General Sri Lanka News (Cyclone Ditwah relief, Rupee, Tourism)","1"
"3047","12","Consumer Prices & Food (Rice/CAA)","1"
"3048","0","Cricket","1"
"3049","7","Health & Dengue","1"
"3050","17","Healthcare Worker Strikes (GMOA)","1"
"3051","9","Fuel & Oil Prices (CPC)","1"
"3052","2","Arrests, Bribery & Corruption (CIABOC)","1"
"3053","3","Violence, Shootings & Fatal Accidents","1"
"3054","1","General Sri Lanka News (Cyclone Ditwah relief, Rupee, Tourism)","1"
"3055","5","Iran War & Geopolitics (Trump/Hormuz)","1"
"3056","0","Cricket","1"
"3057","0","Cricket","1"
"3058","0","Cricket","1"
"3059","5","Iran War & Geopolitics (Trump/Hormuz)","1"
"3060","0","Cricket","1"
"3061","1","General Sri Lanka News (Cyclone Ditwah relief, Rupee, Tourism)","1"
"3062","18","Easter Sunday Attacks (Retrospective/Legal)","1"
"3063","5","Iran War & Geopolitics (Trump/Hormuz)","1"
"3064","1","General Sri Lanka News (Cyclone Ditwah relief, Rupee, Tourism)","1"
"3065","4","Weather & Flood Warnings","1"
"3066","6","Transport & Railways","1"
"3067","3","Violence, Shootings & Fatal Accidents","1"
"3068","3","Violence, Shootings & Fatal Accidents","1"
"3069","15","Public Holidays & Special Traffic Plans","1"
"3070","2","Arrests, Bribery & Corruption (CIABOC)","1"
"3071","7","Health & Dengue","1"
"3072","19","NASA & Space (Artemis)","1"
"3073","1","General Sri Lanka News (Cyclone Ditwah relief, Rupee, Tourism)","1"
"3074","1","General Sri Lanka News (Cyclone Ditwah relief, Rupee, Tourism)","1"
"3075","15","Public Holidays & Special Traffic Plans","1"
"3076","5","Iran War & Geopolitics (Trump/Hormuz)","1"
"3077","19","NASA & Space (Artemis)","1"
"3078","3","Violence, Shootings & Fatal Accidents","1"
"3079","1","General Sri Lanka News (Cyclone Ditwah relief, Rupee, Tourism)","1"
"3080","1","General Sri Lanka News (Cyclone Ditwah relief, Rupee, Tourism)","1"
"3081","1","General Sri Lanka News (Cyclone Ditwah relief, Rupee, Tourism)","1"
"3082","2","Arrests, Bribery & Corruption (CIABOC)","1"
"3083","2","Arrests, Bribery & Corruption (CIABOC)","1"
"3084","7","Health & Dengue","1"
"3085","4","Weather & Flood Warnings","1"
"3086","4","Weather & Flood Warnings","1"
"3087","4","Weather & Flood Warnings","1"
"3088","4","Weather & Flood Warnings","1"
"3089","18","Easter Sunday Attacks (Retrospective/Legal)","1"
"3090","19","NASA & Space (Artemis)","1"
"3091","4","Weather & Flood Warnings","1"
"3092","10","Education & Examinations","1"
"3093","15","Public Holidays & Special Traffic Plans","1"
"3094","1","General Sri Lanka News (Cyclone Ditwah relief, Rupee, Tourism)","1"
"3095","1","General Sri Lanka News (Cyclone Ditwah relief, Rupee, Tourism)","1"
"3096","0","Cricket","1"
"3097","0","Cricket","1"
"3098","7","Health & Dengue","1"
"3099","7","Health & Dengue","1"
"3100","3","Violence, Shootings & Fatal Accidents","1"
"3101","12","Consumer Prices & Food (Rice/CAA)","1"
"3102","2","Arrests, Bribery & Corruption (CIABOC)","1"
"3103","2","Arrests, Bribery & Corruption (CIABOC)","1"
"3104","9","Fuel & Oil Prices (CPC)","1"
"3105","0","Cricket","1"
"3106","11","Wildlife & Human-Elephant Conflict","1"
"3107","1","General Sri Lanka News (Cyclone Ditwah relief, Rupee, Tourism)","1"
"3108","4","Weather & Flood Warnings","1"
"3109","1","General Sri Lanka News (Cyclone Ditwah relief, Rupee, Tourism)","1"
"3110","1","General Sri Lanka News (Cyclone Ditwah relief, Rupee, Tourism)","1"
"3111","1","General Sri Lanka News (Cyclone Ditwah relief, Rupee, Tourism)","1"
"3112","1","General Sri Lanka News (Cyclone Ditwah relief, Rupee, Tourism)","1"
"3113","6","Transport & Railways","1"
"3114","0","Cricket","1"
"3115","4","Weather & Flood Warnings","1"
"3116","16","Stock Market (CSE)","1"
"3117","1","General Sri Lanka News (Cyclone Ditwah relief, Rupee, Tourism)","1"
"3118","8","Electricity Tariffs & CEB","1"
"3119","4","Weather & Flood Warnings","1"
"3120","1","General Sri Lanka News (Cyclone Ditwah relief, Rupee, Tourism)","1"
"3121","7","Health & Dengue","1"
"3122","2","Arrests, Bribery & Corruption (CIABOC)","1"
"3123","3","Violence, Shootings & Fatal Accidents","1"
"3124","2","Arrests, Bribery & Corruption (CIABOC)","1"
"3125","1","General Sri Lanka News (Cyclone Ditwah relief, Rupee, Tourism)","1"
"3126","2","Arrests, Bribery & Corruption (CIABOC)","1"
"3127","1","General Sri Lanka News (Cyclone Ditwah relief, Rupee, Tourism)","1"
"3128","6","Transport & Railways","1"
"3129","1","General Sri Lanka News (Cyclone Ditwah relief, Rupee, Tourism)","1"
"3130","2","Arrests, Bribery & Corruption (CIABOC)","1"
"3131","13","Media, Online Safety & News Digests","1"
"3132","4","Weather & Flood Warnings","1"
"3133","7","Health & Dengue","1"
"3134","1","General Sri Lanka News (Cyclone Ditwah relief, Rupee, Tourism)","1"
"3135","1","General Sri Lanka News (Cyclone Ditwah relief, Rupee, Tourism)","1"
"3136","2","Arrests, Bribery & Corruption (CIABOC)","1"
"3137","1","General Sri Lanka News (Cyclone Ditwah relief, Rupee, Tourism)","1"
"3138","8","Electricity Tariffs & CEB","1"
"3139","1","General Sri Lanka News (Cyclone Ditwah relief, Rupee, Tourism)","1"
"3140","1","General Sri Lanka News (Cyclone Ditwah relief, Rupee, Tourism)","1"
"3141","0","Cricket","1"
"3142","0","Cricket","1"
"3143","7","Health & Dengue","1"
"3144","0","Cricket","1"
"3145","5","Iran War & Geopolitics (Trump/Hormuz)","1"
"3146","4","Weather & Flood Warnings","1"
"3147","4","Weather & Flood Warnings","1"
"3148","6","Transport & Railways","1"
"3149","4","Weather & Flood Warnings","1"
"3150","1","General Sri Lanka News (Cyclone Ditwah relief, Rupee, Tourism)","1"
"3151","1","General Sri Lanka News (Cyclone Ditwah relief, Rupee, Tourism)","1"
"3152","0","Cricket","1"
"3153","7","Health & Dengue","1"
"3154","7","Health & Dengue","1"
"3155","4","Weather & Flood Warnings","1"
"3156","4","Weather & Flood Warnings","1"
"3157","0","Cricket","1"
"3158","0","Cricket","1"
"3159","3","Violence, Shootings & Fatal Accidents","1"
"3160","0","Cricket","1"
"3161","0","Cricket","1"
"3162","8","Electricity Tariffs & CEB","1"
"3163","8","Electricity Tariffs & CEB","1"
"3164","2","Arrests, Bribery & Corruption (CIABOC)","1"
"3165","15","Public Holidays & Special Traffic Plans","1"
"3166","13","Media, Online Safety & News Digests","1"
"3167","4","Weather & Flood Warnings","1"
"3168","0","Cricket","1"
"3169","5","Iran War & Geopolitics (Trump/Hormuz)","1"
"3170","15","Public Holidays & Special Traffic Plans","1"
"3171","16","Stock Market (CSE)","1"
"3172","8","Electricity Tariffs & CEB","1"
"3173","0","Cricket","1"
"3174","0","Cricket","1"
"3175","0","Cricket","1"
"3176","22","Liquor Shop Regulations","1"
"3177","18","Easter Sunday Attacks (Retrospective/Legal)","1"
"3178","7","Health & Dengue","1"
"3179","5","Iran War & Geopolitics (Trump/Hormuz)","1"
"3180","15","Public Holidays & Special Traffic Plans","1"
"3181","1","General Sri Lanka News (Cyclone Ditwah relief, Rupee, Tourism)","1"
"3182","1","General Sri Lanka News (Cyclone Ditwah relief, Rupee, Tourism)","1"
"3183","1","General Sri Lanka News (Cyclone Ditwah relief, Rupee, Tourism)","1"
"3184","23","Elon Musk & Global Business News","1"
"3185","1","General Sri Lanka News (Cyclone Ditwah relief, Rupee, Tourism)","1"
"3186","2","Arrests, Bribery & Corruption (CIABOC)","1"
"3187","2","Arrests, Bribery & Corruption (CIABOC)","1"
"3188","0","Cricket","1"
"3189","7","Health & Dengue","1"
"3190","1","General Sri Lanka News (Cyclone Ditwah relief, Rupee, Tourism)","1"
"3191","1","General Sri Lanka News (Cyclone Ditwah relief, Rupee, Tourism)","1"
"3192","2","Arrests, Bribery & Corruption (CIABOC)","1"
"3193","6","Transport & Railways","1"
"3194","11","Wildlife & Human-Elephant Conflict","1"
"3195","15","Public Holidays & Special Traffic Plans","1"
"3196","2","Arrests, Bribery & Corruption (CIABOC)","1"
"3197","10","Education & Examinations","1"
"3198","10","Education & Examinations","1"
"3199","9","Fuel & Oil Prices (CPC)","1"
"3200","0","Cricket","1"
"3201","7","Health & Dengue","1"
"3202","18","Easter Sunday Attacks (Retrospective/Legal)","1"
"3203","7","Health & Dengue","1"
"3204","5","Iran War & Geopolitics (Trump/Hormuz)","1"
"3205","1","General Sri Lanka News (Cyclone Ditwah relief, Rupee, Tourism)","1"
"3206","9","Fuel & Oil Prices (CPC)","1"
"3207","0","Cricket","1"
"3208","7","Health & Dengue","1"
"3209","1","General Sri Lanka News (Cyclone Ditwah relief, Rupee, Tourism)","1"
"3210","2","Arrests, Bribery & Corruption (CIABOC)","1"
"3211","2","Arrests, Bribery & Corruption (CIABOC)","1"
"3212","1","General Sri Lanka News (Cyclone Ditwah relief, Rupee, Tourism)","1"
"3213","16","Stock Market (CSE)","1"
"3214","6","Transport & Railways","1"
"3215","7","Health & Dengue","1"
"3216","14","US/China Trade & Tariffs","1"
"3217","0","Cricket","1"
"3218","2","Arrests, Bribery & Corruption (CIABOC)","1"
"3219","12","Consumer Prices & Food (Rice/CAA)","1"
"3220","0","Cricket","1"
"3221","12","Consumer Prices & Food (Rice/CAA)","1"
"3222","0","Cricket","1"
"3223","0","Cricket","1"
"3224","5","Iran War & Geopolitics (Trump/Hormuz)","1"
"3225","4","Weather & Flood Warnings","1"
"3226","0","Cricket","1"
"3227","6","Transport & Railways","1"
"3228","12","Consumer Prices & Food (Rice/CAA)","1"
"3229","1","General Sri Lanka News (Cyclone Ditwah relief, Rupee, Tourism)","1"
"3230","7","Health & Dengue","1"
"3231","9","Fuel & Oil Prices (CPC)","1"
"3232","15","Public Holidays & Special Traffic Plans","1"
"3233","2","Arrests, Bribery & Corruption (CIABOC)","1"
"3234","0","Cricket","1"
"3235","1","General Sri Lanka News (Cyclone Ditwah relief, Rupee, Tourism)","1"
"3236","12","Consumer Prices & Food (Rice/CAA)","1"
"3237","7","Health & Dengue","1"
"3238","1","General Sri Lanka News (Cyclone Ditwah relief, Rupee, Tourism)","1"
"3239","0","Cricket","1"
"3240","14","US/China Trade & Tariffs","1"
"3241","8","Electricity Tariffs & CEB","1"
"3242","1","General Sri Lanka News (Cyclone Ditwah relief, Rupee, Tourism)","1"
"3243","13","Media, Online Safety & News Digests","1"
"3244","2","Arrests, Bribery & Corruption (CIABOC)","1"
"3245","7","Health & Dengue","1"
"3246","1","General Sri Lanka News (Cyclone Ditwah relief, Rupee, Tourism)","1"
"3247","0","Cricket","1"
"3248","0","Cricket","1"
"3249","7","Health & Dengue","1"
"3250","2","Arrests, Bribery & Corruption (CIABOC)","1"
"3251","0","Cricket","1"
"3252","7","Health & Dengue","1"
"3253","16","Stock Market (CSE)","1"
"3254","6","Transport & Railways","1"
"3255","0","Cricket","1"
"3256","4","Weather & Flood Warnings","1"
"3257","8","Electricity Tariffs & CEB","1"
"3258","5","Iran War & Geopolitics (Trump/Hormuz)","1"
"3259","0","Cricket","1"
"3260","10","Education & Examinations","1"
"3261","2","Arrests, Bribery & Corruption (CIABOC)","1"
"3262","7","Health & Dengue","1"
"3263","0","Cricket","1"
"3264","4","Weather & Flood Warnings","1"
"3265","0","Cricket","1"
"3266","7","Health & Dengue","1"
"3267","23","Elon Musk & Global Business News","1"
"3268","0","Cricket","1"
"3269","2","Arrests, Bribery & Corruption (CIABOC)","1"
"3270","1","General Sri Lanka News (Cyclone Ditwah relief, Rupee, Tourism)","1"
"3271","0","Cricket","1"
"3272","7","Health & Dengue","1"
"3273","12","Consumer Prices & Food (Rice/CAA)","1"
"3274","0","Cricket","1"
"3275","1","General Sri Lanka News (Cyclone Ditwah relief, Rupee, Tourism)","1"
"3276","9","Fuel & Oil Prices (CPC)","1"
"3277","0","Cricket","1"
"3278","1","General Sri Lanka News (Cyclone Ditwah relief, Rupee, Tourism)","1"
"3279","1","General Sri Lanka News (Cyclone Ditwah relief, Rupee, Tourism)","1"
"3280","3","Violence, Shootings & Fatal Accidents","1"
"3281","0","Cricket","1"
"3282","2","Arrests, Bribery & Corruption (CIABOC)","1"
"3283","1","General Sri Lanka News (Cyclone Ditwah relief, Rupee, Tourism)","1"
"3284","1","General Sri Lanka News (Cyclone Ditwah relief, Rupee, Tourism)","1"
"3285","0","Cricket","1"
"3286","1","General Sri Lanka News (Cyclone Ditwah relief, Rupee, Tourism)","1"
"3287","12","Consumer Prices & Food (Rice/CAA)","1"
"3288","2","Arrests, Bribery & Corruption (CIABOC)","1"
"3289","17","Healthcare Worker Strikes (GMOA)","1"
"3290","13","Media, Online Safety & News Digests","1"
"3291","12","Consumer Prices & Food (Rice/CAA)","1"
"3292","10","Education & Examinations","1"
"3293","2","Arrests, Bribery & Corruption (CIABOC)","1"
"3294","2","Arrests, Bribery & Corruption (CIABOC)","1"
"3295","0","Cricket","1"
"3296","15","Public Holidays & Special Traffic Plans","1"
"3297","11","Wildlife & Human-Elephant Conflict","1"
"3298","1","General Sri Lanka News (Cyclone Ditwah relief, Rupee, Tourism)","1"
"3299","2","Arrests, Bribery & Corruption (CIABOC)","1"
"3300","15","Public Holidays & Special Traffic Plans","1"
"3301","13","Media, Online Safety & News Digests","1"
"3302","23","Elon Musk & Global Business News","1"
"3303","0","Cricket","1"
"3304","2","Arrests, Bribery & Corruption (CIABOC)","1"
"3305","2","Arrests, Bribery & Corruption (CIABOC)","1"
"3306","7","Health & Dengue","1"
"3307","1","General Sri Lanka News (Cyclone Ditwah relief, Rupee, Tourism)","1"
"3308","5","Iran War & Geopolitics (Trump/Hormuz)","1"
"3309","0","Cricket","1"
"3310","7","Health & Dengue","1"
"3311","1","General Sri Lanka News (Cyclone Ditwah relief, Rupee, Tourism)","1"
"3312","0","Cricket","1"
"3313","1","General Sri Lanka News (Cyclone Ditwah relief, Rupee, Tourism)","1"
"3314","3","Violence, Shootings & Fatal Accidents","1"
"3315","2","Arrests, Bribery & Corruption (CIABOC)","1"
"3316","3","Violence, Shootings & Fatal Accidents","1"
"3317","16","Stock Market (CSE)","1"
"3318","2","Arrests, Bribery & Corruption (CIABOC)","1"
"3319","6","Transport & Railways","1"
"3320","5","Iran War & Geopolitics (Trump/Hormuz)","1"
"3321","2","Arrests, Bribery & Corruption (CIABOC)","1"
"3322","6","Transport & Railways","1"
"3323","5","Iran War & Geopolitics (Trump/Hormuz)","1"
"3324","17","Healthcare Worker Strikes (GMOA)","1"
"3325","15","Public Holidays & Special Traffic Plans","1"
"3326","0","Cricket","1"
"3327","0","Cricket","1"
"3328","4","Weather & Flood Warnings","1"
"3329","0","Cricket","1"
"3330","8","Electricity Tariffs & CEB","1"
"3331","2","Arrests, Bribery & Corruption (CIABOC)","1"
"3332","0","Cricket","1"
"3333","3","Violence, Shootings & Fatal Accidents","1"
"3334","1","General Sri Lanka News (Cyclone Ditwah relief, Rupee, Tourism)","1"
"3335","10","Education & Examinations","1"
"3336","4","Weather & Flood Warnings","1"
"3337","7","Health & Dengue","1"
"3338","5","Iran War & Geopolitics (Trump/Hormuz)","1"
"3339","9","Fuel & Oil Prices (CPC)","1"
"3340","13","Media, Online Safety & News Digests","1"
"3341","1","General Sri Lanka News (Cyclone Ditwah relief, Rupee, Tourism)","1"
"3342","11","Wildlife & Human-Elephant Conflict","1"
"3343","0","Cricket","1"
"3344","3","Violence, Shootings & Fatal Accidents","1"
"3345","0","Cricket","1"
"3346","3","Violence, Shootings & Fatal Accidents","1"
"3347","15","Public Holidays & Special Traffic Plans","1"
"3348","0","Cricket","1"
"3349","3","Violence, Shootings & Fatal Accidents","1"
"3350","5","Iran War & Geopolitics (Trump/Hormuz)","1"
"3351","0","Cricket","1"
"3352","3","Violence, Shootings & Fatal Accidents","1"
"3353","15","Public Holidays & Special Traffic Plans","1"
"3354","4","Weather & Flood Warnings","1"
"3355","2","Arrests, Bribery & Corruption (CIABOC)","1"
"3356","1","General Sri Lanka News (Cyclone Ditwah relief, Rupee, Tourism)","1"
"3357","7","Health & Dengue","1"
"3358","2","Arrests, Bribery & Corruption (CIABOC)","1"
"3359","1","General Sri Lanka News (Cyclone Ditwah relief, Rupee, Tourism)","1"
"3360","3","Violence, Shootings & Fatal Accidents","1"
"3361","5","Iran War & Geopolitics (Trump/Hormuz)","1"
"3362","1","General Sri Lanka News (Cyclone Ditwah relief, Rupee, Tourism)","1"
"3363","7","Health & Dengue","1"
"3364","11","Wildlife & Human-Elephant Conflict","1"
"3365","1","General Sri Lanka News (Cyclone Ditwah relief, Rupee, Tourism)","1"
"3366","9","Fuel & Oil Prices (CPC)","1"
"3367","1","General Sri Lanka News (Cyclone Ditwah relief, Rupee, Tourism)","1"
"3368","1","General Sri Lanka News (Cyclone Ditwah relief, Rupee, Tourism)","1"
"3369","4","Weather & Flood Warnings","1"
"3370","12","Consumer Prices & Food (Rice/CAA)","1"
"3371","5","Iran War & Geopolitics (Trump/Hormuz)","1"
"3372","3","Violence, Shootings & Fatal Accidents","1"
"3373","0","Cricket","1"
"3374","0","Cricket","1"
"3375","14","US/China Trade & Tariffs","1"
"3376","9","Fuel & Oil Prices (CPC)","1"
"3377","12","Consumer Prices & Food (Rice/CAA)","1"
"3378","2","Arrests, Bribery & Corruption (CIABOC)","1"
"3379","2","Arrests, Bribery & Corruption (CIABOC)","1"
"3380","1","General Sri Lanka News (Cyclone Ditwah relief, Rupee, Tourism)","1"
"3381","0","Cricket","1"
"3382","2","Arrests, Bribery & Corruption (CIABOC)","1"
"3383","7","Health & Dengue","1"
"3384","5","Iran War & Geopolitics (Trump/Hormuz)","1"
"3385","4","Weather & Flood Warnings","1"
"3386","0","Cricket","1"
"3387","1","General Sri Lanka News (Cyclone Ditwah relief, Rupee, Tourism)","1"
"3388","0","Cricket","1"
"3389","4","Weather & Flood Warnings","1"
"3390","4","Weather & Flood Warnings","1"
"3391","14","US/China Trade & Tariffs","1"
"3392","5","Iran War & Geopolitics (Trump/Hormuz)","1"
"3393","16","Stock Market (CSE)","1"
"3394","4","Weather & Flood Warnings","1"
"3395","2","Arrests, Bribery & Corruption (CIABOC)","1"
"3396","7","Health & Dengue","1"
"3397","0","Cricket","1"
"3398","2","Arrests, Bribery & Corruption (CIABOC)","1"
"3399","5","Iran War & Geopolitics (Trump/Hormuz)","1"
"3400","1","General Sri Lanka News (Cyclone Ditwah relief, Rupee, Tourism)","1"
"3401","4","Weather & Flood Warnings","1"
"3402","14","US/China Trade & Tariffs","1"
"3403","2","Arrests, Bribery & Corruption (CIABOC)","1"
"3404","14","US/China Trade & Tariffs","1"
"3405","22","Liquor Shop Regulations","1"
"3406","14","US/China Trade & Tariffs","1"
"3407","4","Weather & Flood Warnings","1"
"3408","5","Iran War & Geopolitics (Trump/Hormuz)","1"
"3409","0","Cricket","1"
"3410","1","General Sri Lanka News (Cyclone Ditwah relief, Rupee, Tourism)","1"
"3411","4","Weather & Flood Warnings","1"
"3412","2","Arrests, Bribery & Corruption (CIABOC)","1"
"3413","21","AI & Digital Education","1"
"3414","3","Violence, Shootings & Fatal Accidents","1"
"3415","8","Electricity Tariffs & CEB","1"
"3416","3","Violence, Shootings & Fatal Accidents","1"
"3417","1","General Sri Lanka News (Cyclone Ditwah relief, Rupee, Tourism)","1"
"3418","1","General Sri Lanka News (Cyclone Ditwah relief, Rupee, Tourism)","1"
"3419","4","Weather & Flood Warnings","1"
"3420","18","Easter Sunday Attacks (Retrospective/Legal)","1"
"3421","0","Cricket","1"
"3422","14","US/China Trade & Tariffs","1"
"3423","13","Media, Online Safety & News Digests","1"
"3424","4","Weather & Flood Warnings","1"
"3425","11","Wildlife & Human-Elephant Conflict","1"
"3426","0","Cricket","1"
"3427","7","Health & Dengue","1"
"3428","9","Fuel & Oil Prices (CPC)","1"
"3429","4","Weather & Flood Warnings","1"
"3430","1","General Sri Lanka News (Cyclone Ditwah relief, Rupee, Tourism)","1"
"3431","1","General Sri Lanka News (Cyclone Ditwah relief, Rupee, Tourism)","1"
"3432","1","General Sri Lanka News (Cyclone Ditwah relief, Rupee, Tourism)","1"
"3433","2","Arrests, Bribery & Corruption (CIABOC)","1"
"3434","14","US/China Trade & Tariffs","1"
"3435","7","Health & Dengue","1"
"3436","6","Transport & Railways","1"
"3437","1","General Sri Lanka News (Cyclone Ditwah relief, Rupee, Tourism)","1"
"3438","0","Cricket","1"
"3439","2","Arrests, Bribery & Corruption (CIABOC)","1"
"3440","16","Stock Market (CSE)","1"
"3441","14","US/China Trade & Tariffs","1"
"3442","0","Cricket","1"
"3443","8","Electricity Tariffs & CEB","1"
"3444","5","Iran War & Geopolitics (Trump/Hormuz)","1"
"3445","4","Weather & Flood Warnings","1"
"3446","6","Transport & Railways","1"
"3447","7","Health & Dengue","1"
"3448","1","General Sri Lanka News (Cyclone Ditwah relief, Rupee, Tourism)","1"
"3449","4","Weather & Flood Warnings","1"
"3450","13","Media, Online Safety & News Digests","1"
"3451","4","Weather & Flood Warnings","1"
"3452","2","Arrests, Bribery & Corruption (CIABOC)","1"
"3453","4","Weather & Flood Warnings","1"
"3454","1","General Sri Lanka News (Cyclone Ditwah relief, Rupee, Tourism)","1"
"3455","15","Public Holidays & Special Traffic Plans","1"
"3456","2","Arrests, Bribery & Corruption (CIABOC)","1"
"3457","3","Violence, Shootings & Fatal Accidents","1"
"3458","23","Elon Musk & Global Business News","1"
"3459","6","Transport & Railways","1"
"3460","2","Arrests, Bribery & Corruption (CIABOC)","1"
"3461","1","General Sri Lanka News (Cyclone Ditwah relief, Rupee, Tourism)","1"
"3462","14","US/China Trade & Tariffs","1"
"3463","7","Health & Dengue","1"
"3464","14","US/China Trade & Tariffs","1"
"3465","2","Arrests, Bribery & Corruption (CIABOC)","1"
"3466","4","Weather & Flood Warnings","1"
"3467","7","Health & Dengue","1"
"3468","2","Arrests, Bribery & Corruption (CIABOC)","1"
"3469","0","Cricket","1"
"3470","1","General Sri Lanka News (Cyclone Ditwah relief, Rupee, Tourism)","1"
"3471","7","Health & Dengue","1"
"3472","0","Cricket","1"
"3473","16","Stock Market (CSE)","1"
"3474","8","Electricity Tariffs & CEB","1"
"3475","0","Cricket","1"
"3476","7","Health & Dengue","1"
"3477","0","Cricket","1"
"3478","3","Violence, Shootings & Fatal Accidents","1"
"3479","7","Health & Dengue","1"
"3480","4","Weather & Flood Warnings","1"
"3481","2","Arrests, Bribery & Corruption (CIABOC)","1"
"3482","2","Arrests, Bribery & Corruption (CIABOC)","1"
"3483","2","Arrests, Bribery & Corruption (CIABOC)","1"
"3484","15","Public Holidays & Special Traffic Plans","1"
"3485","1","General Sri Lanka News (Cyclone Ditwah relief, Rupee, Tourism)","1"
"3486","2","Arrests, Bribery & Corruption (CIABOC)","1"
"3487","3","Violence, Shootings & Fatal Accidents","1"
"3488","5","Iran War & Geopolitics (Trump/Hormuz)","1"
"3489","12","Consumer Prices & Food (Rice/CAA)","1"
"3490","0","Cricket","1"
"3491","0","Cricket","1"
"3492","10","Education & Examinations","1"
"3493","0","Cricket","1"
"3494","11","Wildlife & Human-Elephant Conflict","1"
"3495","6","Transport & Railways","1"
"3496","2","Arrests, Bribery & Corruption (CIABOC)","1"
"3497","2","Arrests, Bribery & Corruption (CIABOC)","1"
"3498","3","Violence, Shootings & Fatal Accidents","1"
"3499","4","Weather & Flood Warnings","1"
"3500","2","Arrests, Bribery & Corruption (CIABOC)","1"
"3501","1","General Sri Lanka News (Cyclone Ditwah relief, Rupee, Tourism)","1"
"3502","9","Fuel & Oil Prices (CPC)","1"
"3503","2","Arrests, Bribery & Corruption (CIABOC)","1"
"3504","5","Iran War & Geopolitics (Trump/Hormuz)","1"
"3505","0","Cricket","1"
"3506","3","Violence, Shootings & Fatal Accidents","1"
"3507","1","General Sri Lanka News (Cyclone Ditwah relief, Rupee, Tourism)","1"
"3508","2","Arrests, Bribery & Corruption (CIABOC)","1"
"3509","1","General Sri Lanka News (Cyclone Ditwah relief, Rupee, Tourism)","1"
"3510","0","Cricket","1"
"3511","4","Weather & Flood Warnings","1"
"3512","7","Health & Dengue","1"
"3513","18","Easter Sunday Attacks (Retrospective/Legal)","1"
"3514","1","General Sri Lanka News (Cyclone Ditwah relief, Rupee, Tourism)","1"
"3515","1","General Sri Lanka News (Cyclone Ditwah relief, Rupee, Tourism)","1"
"3516","8","Electricity Tariffs & CEB","1"
"3517","2","Arrests, Bribery & Corruption (CIABOC)","1"
"3518","5","Iran War & Geopolitics (Trump/Hormuz)","1"
"3519","0","Cricket","1"
"3520","1","General Sri Lanka News (Cyclone Ditwah relief, Rupee, Tourism)","1"
"3521","0","Cricket","1"
"3522","5","Iran War & Geopolitics (Trump/Hormuz)","1"
"3523","0","Cricket","1"
"3524","5","Iran War & Geopolitics (Trump/Hormuz)","1"
"3525","7","Health & Dengue","1"
"3526","0","Cricket","1"
"3527","6","Transport & Railways","1"
"3528","5","Iran War & Geopolitics (Trump/Hormuz)","1"
"3529","4","Weather & Flood Warnings","1"
"3530","3","Violence, Shootings & Fatal Accidents","1"
"3531","3","Violence, Shootings & Fatal Accidents","1"
"3532","4","Weather & Flood Warnings","1"
"3533","0","Cricket","1"
"3534","0","Cricket","1"
"3535","0","Cricket","1"
"3536","5","Iran War & Geopolitics (Trump/Hormuz)","1"
"3537","1","General Sri Lanka News (Cyclone Ditwah relief, Rupee, Tourism)","1"
"3538","2","Arrests, Bribery & Corruption (CIABOC)","1"
"3539","5","Iran War & Geopolitics (Trump/Hormuz)","1"
"3540","10","Education & Examinations","1"
"3541","4","Weather & Flood Warnings","1"
"3542","0","Cricket","1"
"3543","4","Weather & Flood Warnings","1"
"3544","1","General Sri Lanka News (Cyclone Ditwah relief, Rupee, Tourism)","1"
"3545","4","Weather & Flood Warnings","1"
"3546","2","Arrests, Bribery & Corruption (CIABOC)","1"
"3547","7","Health & Dengue","1"
"3548","11","Wildlife & Human-Elephant Conflict","1"
"3549","8","Electricity Tariffs & CEB","1"
"3550","7","Health & Dengue","1"
"3551","5","Iran War & Geopolitics (Trump/Hormuz)","1"
"3552","0","Cricket","1"
"3553","0","Cricket","1"
"3554","14","US/China Trade & Tariffs","1"
"3555","0","Cricket","1"
"3556","2","Arrests, Bribery & Corruption (CIABOC)","1"
"3557","15","Public Holidays & Special Traffic Plans","1"
"3558","2","Arrests, Bribery & Corruption (CIABOC)","1"
"3559","1","General Sri Lanka News (Cyclone Ditwah relief, Rupee, Tourism)","1"
"3560","2","Arrests, Bribery & Corruption (CIABOC)","1"
"3561","5","Iran War & Geopolitics (Trump/Hormuz)","1"
"3562","3","Violence, Shootings & Fatal Accidents","1"
"3563","1","General Sri Lanka News (Cyclone Ditwah relief, Rupee, Tourism)","1"
"3564","1","General Sri Lanka News (Cyclone Ditwah relief, Rupee, Tourism)","1"
"3565","3","Violence, Shootings & Fatal Accidents","1"
"3566","2","Arrests, Bribery & Corruption (CIABOC)","1"
"3567","1","General Sri Lanka News (Cyclone Ditwah relief, Rupee, Tourism)","1"
"3568","2","Arrests, Bribery & Corruption (CIABOC)","1"
"3569","0","Cricket","1"
"3570","2","Arrests, Bribery & Corruption (CIABOC)","1"
"3571","4","Weather & Flood Warnings","1"
"3572","15","Public Holidays & Special Traffic Plans","1"
"3573","3","Violence, Shootings & Fatal Accidents","1"
"3574","0","Cricket","1"
"3575","6","Transport & Railways","1"
"3576","1","General Sri Lanka News (Cyclone Ditwah relief, Rupee, Tourism)","1"
"3577","0","Cricket","1"
"3578","0","Cricket","1"
"3579","4","Weather & Flood Warnings","1"
"3580","2","Arrests, Bribery & Corruption (CIABOC)","1"
"3581","0","Cricket","1"
"3582","1","General Sri Lanka News (Cyclone Ditwah relief, Rupee, Tourism)","1"
"3583","9","Fuel & Oil Prices (CPC)","1"
"3584","3","Violence, Shootings & Fatal Accidents","1"
"3585","8","Electricity Tariffs & CEB","1"
"3586","3","Violence, Shootings & Fatal Accidents","1"
"3587","3","Violence, Shootings & Fatal Accidents","1"
"3588","0","Cricket","1"
"3589","1","General Sri Lanka News (Cyclone Ditwah relief, Rupee, Tourism)","1"
"3590","7","Health & Dengue","1"
"3591","14","US/China Trade & Tariffs","1"
"3592","10","Education & Examinations","1"
"3593","7","Health & Dengue","1"
"3594","9","Fuel & Oil Prices (CPC)","1"
"3595","11","Wildlife & Human-Elephant Conflict","1"
"3596","1","General Sri Lanka News (Cyclone Ditwah relief, Rupee, Tourism)","1"
"3597","1","General Sri Lanka News (Cyclone Ditwah relief, Rupee, Tourism)","1"
"3598","7","Health & Dengue","1"
"3599","2","Arrests, Bribery & Corruption (CIABOC)","1"
"3600","5","Iran War & Geopolitics (Trump/Hormuz)","1"
"3601","3","Violence, Shootings & Fatal Accidents","1"
"3602","0","Cricket","1"
"3603","0","Cricket","1"
"3604","0","Cricket","1"
"3605","1","General Sri Lanka News (Cyclone Ditwah relief, Rupee, Tourism)","1"
"3606","10","Education & Examinations","1"
"3607","4","Weather & Flood Warnings","1"
"3608","6","Transport & Railways","1"
"3609","7","Health & Dengue","1"
"3610","1","General Sri Lanka News (Cyclone Ditwah relief, Rupee, Tourism)","1"
"3611","8","Electricity Tariffs & CEB","1"
"3612","2","Arrests, Bribery & Corruption (CIABOC)","1"
"3613","6","Transport & Railways","1"
"3614","1","General Sri Lanka News (Cyclone Ditwah relief, Rupee, Tourism)","1"
"3615","4","Weather & Flood Warnings","1"
"3616","0","Cricket","1"
"3617","23","Elon Musk & Global Business News","1"
"3618","1","General Sri Lanka News (Cyclone Ditwah relief, Rupee, Tourism)","1"
"3619","16","Stock Market (CSE)","1"
"3620","0","Cricket","1"
"3621","10","Education & Examinations","1"
"3622","1","General Sri Lanka News (Cyclone Ditwah relief, Rupee, Tourism)","1"
"3623","1","General Sri Lanka News (Cyclone Ditwah relief, Rupee, Tourism)","1"
"3624","5","Iran War & Geopolitics (Trump/Hormuz)","1"
"3625","5","Iran War & Geopolitics (Trump/Hormuz)","1"
"3626","2","Arrests, Bribery & Corruption (CIABOC)","1"
"3627","0","Cricket","1"
"3628","1","General Sri Lanka News (Cyclone Ditwah relief, Rupee, Tourism)","1"
"3629","0","Cricket","1"
"3630","2","Arrests, Bribery & Corruption (CIABOC)","1"
"3631","0","Cricket","1"
"3632","14","US/China Trade & Tariffs","1"
"3633","9","Fuel & Oil Prices (CPC)","1"
"3634","6","Transport & Railways","1"
"3635","3","Violence, Shootings & Fatal Accidents","1"
"3636","23","Elon Musk & Global Business News","1"
"3637","6","Transport & Railways","1"
"3638","2","Arrests, Bribery & Corruption (CIABOC)","1"
"3639","3","Violence, Shootings & Fatal Accidents","1"
"3640","6","Transport & Railways","1"
"3641","1","General Sri Lanka News (Cyclone Ditwah relief, Rupee, Tourism)","1"
"3642","4","Weather & Flood Warnings","1"
"3643","8","Electricity Tariffs & CEB","1"
"3644","0","Cricket","1"
"3645","5","Iran War & Geopolitics (Trump/Hormuz)","1"
"3646","6","Transport & Railways","1"
"3647","1","General Sri Lanka News (Cyclone Ditwah relief, Rupee, Tourism)","1"
"3648","9","Fuel & Oil Prices (CPC)","1"
"3649","0","Cricket","1"
"3650","1","General Sri Lanka News (Cyclone Ditwah relief, Rupee, Tourism)","1"
"3651","3","Violence, Shootings & Fatal Accidents","1"
"3652","0","Cricket","1"
"3653","0","Cricket","1"
"3654","1","General Sri Lanka News (Cyclone Ditwah relief, Rupee, Tourism)","1"
"3655","0","Cricket","1"
"3656","16","Stock Market (CSE)","1"
"3657","0","Cricket","1"
"3658","2","Arrests, Bribery & Corruption (CIABOC)","1"
"3659","5","Iran War & Geopolitics (Trump/Hormuz)","1"
"3660","0","Cricket","1"
"3661","0","Cricket","1"
"3662","12","Consumer Prices & Food (Rice/CAA)","1"
"3663","9","Fuel & Oil Prices (CPC)","1"
"3664","0","Cricket","1"
"3665","7","Health & Dengue","1"
"3666","18","Easter Sunday Attacks (Retrospective/Legal)","1"
"3667","0","Cricket","1"
"3668","0","Cricket","1"
"3669","5","Iran War & Geopolitics (Trump/Hormuz)","1"
"3670","5","Iran War & Geopolitics (Trump/Hormuz)","1"
"3671","8","Electricity Tariffs & CEB","1"
"3672","2","Arrests, Bribery & Corruption (CIABOC)","1"
"3673","7","Health & Dengue","1"
"3674","1","General Sri Lanka News (Cyclone Ditwah relief, Rupee, Tourism)","1"
"3675","1","General Sri Lanka News (Cyclone Ditwah relief, Rupee, Tourism)","1"
"3676","8","Electricity Tariffs & CEB","1"
"3677","0","Cricket","1"
"3678","16","Stock Market (CSE)","1"
"3679","0","Cricket","1"
"3680","0","Cricket","1"
"3681","13","Media, Online Safety & News Digests","1"
"3682","0","Cricket","1"
"3683","2","Arrests, Bribery & Corruption (CIABOC)","1"
"3684","12","Consumer Prices & Food (Rice/CAA)","1"
"3685","5","Iran War & Geopolitics (Trump/Hormuz)","1"
"3686","0","Cricket","1"
"3687","16","Stock Market (CSE)","1"
"3688","0","Cricket","1"
"3689","7","Health & Dengue","1"
"3690","8","Electricity Tariffs & CEB","1"
"3691","0","Cricket","1"
"3692","4","Weather & Flood Warnings","1"
"3693","1","General Sri Lanka News (Cyclone Ditwah relief, Rupee, Tourism)","1"
"3694","6","Transport & Railways","1"
"3695","0","Cricket","1"
"3696","14","US/China Trade & Tariffs","1"
"3697","1","General Sri Lanka News (Cyclone Ditwah relief, Rupee, Tourism)","1"
"3698","0","Cricket","1"
"3699","6","Transport & Railways","1"
"3700","5","Iran War & Geopolitics (Trump/Hormuz)","1"
"3701","0","Cricket","1"
"3702","8","Electricity Tariffs & CEB","1"
"3703","0","Cricket","1"
"3704","0","Cricket","1"
"3705","13","Media, Online Safety & News Digests","1"
"3706","1","General Sri Lanka News (Cyclone Ditwah relief, Rupee, Tourism)","1"
"3707","2","Arrests, Bribery & Corruption (CIABOC)","1"
"3708","2","Arrests, Bribery & Corruption (CIABOC)","1"
"3709","1","General Sri Lanka News (Cyclone Ditwah relief, Rupee, Tourism)","1"
"3710","0","Cricket","1"
"3711","1","General Sri Lanka News (Cyclone Ditwah relief, Rupee, Tourism)","1"
"3712","0","Cricket","1"
"3713","0","Cricket","1"
"3714","1","General Sri Lanka News (Cyclone Ditwah relief, Rupee, Tourism)","1"
"3715","3","Violence, Shootings & Fatal Accidents","1"
"3716","8","Electricity Tariffs & CEB","1"
"3717","8","Electricity Tariffs & CEB","1"
"3718","5","Iran War & Geopolitics (Trump/Hormuz)","1"
"3719","0","Cricket","1"
"3720","1","General Sri Lanka News (Cyclone Ditwah relief, Rupee, Tourism)","1"
"3721","1","General Sri Lanka News (Cyclone Ditwah relief, Rupee, Tourism)","1"
"3722","1","General Sri Lanka News (Cyclone Ditwah relief, Rupee, Tourism)","1"
"3723","1","General Sri Lanka News (Cyclone Ditwah relief, Rupee, Tourism)","1"
"3724","0","Cricket","1"
"3725","0","Cricket","1"
"3726","4","Weather & Flood Warnings","1"
"3727","0","Cricket","1"
"3728","2","Arrests, Bribery & Corruption (CIABOC)","1"
"3729","0","Cricket","1"
"3730","0","Cricket","1"
"3731","5","Iran War & Geopolitics (Trump/Hormuz)","1"
"3732","13","Media, Online Safety & News Digests","1"
"3733","21","AI & Digital Education","1"
"3734","5","Iran War & Geopolitics (Trump/Hormuz)","1"
"3735","15","Public Holidays & Special Traffic Plans","1"
"3736","1","General Sri Lanka News (Cyclone Ditwah relief, Rupee, Tourism)","1"
"3737","0","Cricket","1"
"3738","5","Iran War & Geopolitics (Trump/Hormuz)","1"
"3739","6","Transport & Railways","1"
"3740","0","Cricket","1"
"3741","5","Iran War & Geopolitics (Trump/Hormuz)","1"
"3742","0","Cricket","1"
"3743","1","General Sri Lanka News (Cyclone Ditwah relief, Rupee, Tourism)","1"
"3744","0","Cricket","1"
"3745","3","Violence, Shootings & Fatal Accidents","1"
"3746","7","Health & Dengue","1"
"3747","8","Electricity Tariffs & CEB","1"
"3748","3","Violence, Shootings & Fatal Accidents","1"
"3749","15","Public Holidays & Special Traffic Plans","1"
"3750","0","Cricket","1"
"3751","5","Iran War & Geopolitics (Trump/Hormuz)","1"
"3752","5","Iran War & Geopolitics (Trump/Hormuz)","1"
"3753","14","US/China Trade & Tariffs","1"
"3754","2","Arrests, Bribery & Corruption (CIABOC)","1"
"3755","0","Cricket","1"
"3756","15","Public Holidays & Special Traffic Plans","1"
"3757","0","Cricket","1"
"3758","4","Weather & Flood Warnings","1"
"3759","5","Iran War & Geopolitics (Trump/Hormuz)","1"
"3760","0","Cricket","1"
"3761","14","US/China Trade & Tariffs","1"
"3762","1","General Sri Lanka News (Cyclone Ditwah relief, Rupee, Tourism)","1"
"3763","9","Fuel & Oil Prices (CPC)","1"
"3764","1","General Sri Lanka News (Cyclone Ditwah relief, Rupee, Tourism)","1"
"3765","3","Violence, Shootings & Fatal Accidents","1"
"3766","1","General Sri Lanka News (Cyclone Ditwah relief, Rupee, Tourism)","1"
"3767","0","Cricket","1"
"3768","1","General Sri Lanka News (Cyclone Ditwah relief, Rupee, Tourism)","1"
"3769","2","Arrests, Bribery & Corruption (CIABOC)","1"
"3770","0","Cricket","1"
"3771","3","Violence, Shootings & Fatal Accidents","1"
"3772","5","Iran War & Geopolitics (Trump/Hormuz)","1"
"3773","1","General Sri Lanka News (Cyclone Ditwah relief, Rupee, Tourism)","1"
"3774","13","Media, Online Safety & News Digests","1"
"3775","3","Violence, Shootings & Fatal Accidents","1"
"3776","1","General Sri Lanka News (Cyclone Ditwah relief, Rupee, Tourism)","1"
"3777","0","Cricket","1"
"3778","3","Violence, Shootings & Fatal Accidents","1"
"3779","0","Cricket","1"
"3780","0","Cricket","1"
"3781","2","Arrests, Bribery & Corruption (CIABOC)","1"
"3782","5","Iran War & Geopolitics (Trump/Hormuz)","1"
"3783","0","Cricket","1"
"3784","4","Weather & Flood Warnings","1"
"3785","8","Electricity Tariffs & CEB","1"
"3786","9","Fuel & Oil Prices (CPC)","1"
"3787","2","Arrests, Bribery & Corruption (CIABOC)","1"
"3788","0","Cricket","1"
"3789","1","General Sri Lanka News (Cyclone Ditwah relief, Rupee, Tourism)","1"
"3790","9","Fuel & Oil Prices (CPC)","1"
"3791","9","Fuel & Oil Prices (CPC)","1"
"3792","0","Cricket","1"
"3793","1","General Sri Lanka News (Cyclone Ditwah relief, Rupee, Tourism)","1"
"3794","1","General Sri Lanka News (Cyclone Ditwah relief, Rupee, Tourism)","1"
"3795","1","General Sri Lanka News (Cyclone Ditwah relief, Rupee, Tourism)","1"
"3796","1","General Sri Lanka News (Cyclone Ditwah relief, Rupee, Tourism)","1"
"3797","9","Fuel & Oil Prices (CPC)","1"
"3798","9","Fuel & Oil Prices (CPC)","1"
"3799","21","AI & Digital Education","1"
"3800","3","Violence, Shootings & Fatal Accidents","1"
"3801","0","Cricket","1"
"3802","5","Iran War & Geopolitics (Trump/Hormuz)","1"
"3803","1","General Sri Lanka News (Cyclone Ditwah relief, Rupee, Tourism)","1"
"3804","0","Cricket","1"
"3805","3","Violence, Shootings & Fatal Accidents","1"
"3806","2","Arrests, Bribery & Corruption (CIABOC)","1"
"3807","0","Cricket","1"
"3808","5","Iran War & Geopolitics (Trump/Hormuz)","1"
"3809","5","Iran War & Geopolitics (Trump/Hormuz)","1"
"3810","1","General Sri Lanka News (Cyclone Ditwah relief, Rupee, Tourism)","1"
"3811","1","General Sri Lanka News (Cyclone Ditwah relief, Rupee, Tourism)","1"
"3812","5","Iran War & Geopolitics (Trump/Hormuz)","1"
"3813","6","Transport & Railways","1"
"3814","18","Easter Sunday Attacks (Retrospective/Legal)","1"
"3815","15","Public Holidays & Special Traffic Plans","1"
"3816","15","Public Holidays & Special Traffic Plans","1"
"3817","3","Violence, Shootings & Fatal Accidents","1"
"3818","5","Iran War & Geopolitics (Trump/Hormuz)","1"
"3819","3","Violence, Shootings & Fatal Accidents","1"
"3820","2","Arrests, Bribery & Corruption (CIABOC)","1"
"3821","0","Cricket","1"
"3822","3","Violence, Shootings & Fatal Accidents","1"
"3823","4","Weather & Flood Warnings","1"
"3824","0","Cricket","1"
"3825","2","Arrests, Bribery & Corruption (CIABOC)","1"
"3826","2","Arrests, Bribery & Corruption (CIABOC)","1"
"3827","5","Iran War & Geopolitics (Trump/Hormuz)","1"
"3828","1","General Sri Lanka News (Cyclone Ditwah relief, Rupee, Tourism)","1"
"3829","0","Cricket","1"
"3830","4","Weather & Flood Warnings","1"
"3831","8","Electricity Tariffs & CEB","1"
"3832","14","US/China Trade & Tariffs","1"
"3833","7","Health & Dengue","1"
"3834","7","Health & Dengue","1"
"3835","2","Arrests, Bribery & Corruption (CIABOC)","1"
"3836","1","General Sri Lanka News (Cyclone Ditwah relief, Rupee, Tourism)","1"
"3837","15","Public Holidays & Special Traffic Plans","1"
"3838","12","Consumer Prices & Food (Rice/CAA)","1"
"3839","8","Electricity Tariffs & CEB","1"
"3840","17","Healthcare Worker Strikes (GMOA)","1"
"3841","1","General Sri Lanka News (Cyclone Ditwah relief, Rupee, Tourism)","1"
"3842","9","Fuel & Oil Prices (CPC)","1"
"3843","3","Violence, Shootings & Fatal Accidents","1"
"3844","5","Iran War & Geopolitics (Trump/Hormuz)","1"
"3845","9","Fuel & Oil Prices (CPC)","1"
"3846","1","General Sri Lanka News (Cyclone Ditwah relief, Rupee, Tourism)","1"
"3847","11","Wildlife & Human-Elephant Conflict","1"
"3848","9","Fuel & Oil Prices (CPC)","1"
"3849","0","Cricket","1"
"3850","16","Stock Market (CSE)","1"
"3851","0","Cricket","1"
"3852","0","Cricket","1"
"3853","1","General Sri Lanka News (Cyclone Ditwah relief, Rupee, Tourism)","1"
"3854","2","Arrests, Bribery & Corruption (CIABOC)","1"
"3855","10","Education & Examinations","1"
"3856","0","Cricket","1"
"3857","1","General Sri Lanka News (Cyclone Ditwah relief, Rupee, Tourism)","1"
"3858","23","Elon Musk & Global Business News","1"
"3859","21","AI & Digital Education","1"
"3860","2","Arrests, Bribery & Corruption (CIABOC)","1"
"3861","5","Iran War & Geopolitics (Trump/Hormuz)","1"
"3862","0","Cricket","1"
"3863","0","Cricket","1"
"3864","0","Cricket","1"
"3865","6","Transport & Railways","1"
"3866","0","Cricket","1"
"3867","4","Weather & Flood Warnings","1"
"3868","1","General Sri Lanka News (Cyclone Ditwah relief, Rupee, Tourism)","1"
"3869","13","Media, Online Safety & News Digests","1"
"3870","5","Iran War & Geopolitics (Trump/Hormuz)","1"
"3871","0","Cricket","1"
"3872","11","Wildlife & Human-Elephant Conflict","1"
"3873","1","General Sri Lanka News (Cyclone Ditwah relief, Rupee, Tourism)","1"
"3874","0","Cricket","1"
"3875","5","Iran War & Geopolitics (Trump/Hormuz)","1"
"3876","0","Cricket","1"
"3877","0","Cricket","1"
"3878","0","Cricket","1"
"3879","1","General Sri Lanka News (Cyclone Ditwah relief, Rupee, Tourism)","1"
"3880","15","Public Holidays & Special Traffic Plans","1"
"3881","1","General Sri Lanka News (Cyclone Ditwah relief, Rupee, Tourism)","1"
"3882","1","General Sri Lanka News (Cyclone Ditwah relief, Rupee, Tourism)","1"
"3883","9","Fuel & Oil Prices (CPC)","1"
"3884","1","General Sri Lanka News (Cyclone Ditwah relief, Rupee, Tourism)","1"
"3885","15","Public Holidays & Special Traffic Plans","1"
"3886","1","General Sri Lanka News (Cyclone Ditwah relief, Rupee, Tourism)","1"
"3887","2","Arrests, Bribery & Corruption (CIABOC)","1"
"3888","0","Cricket","1"
"3889","11","Wildlife & Human-Elephant Conflict","1"
"3890","2","Arrests, Bribery & Corruption (CIABOC)","1"
"3891","1","General Sri Lanka News (Cyclone Ditwah relief, Rupee, Tourism)","1"
"3892","19","NASA & Space (Artemis)","1"
"3893","0","Cricket","1"
"3894","0","Cricket","1"
"3895","0","Cricket","1"
"3896","0","Cricket","1"
"3897","3","Violence, Shootings & Fatal Accidents","1"
"3898","3","Violence, Shootings & Fatal Accidents","1"
"3899","0","Cricket","1"
"3900","7","Health & Dengue","1"
"3901","5","Iran War & Geopolitics (Trump/Hormuz)","1"
"3902","0","Cricket","1"
"3903","7","Health & Dengue","1"
"3904","12","Consumer Prices & Food (Rice/CAA)","1"
"3905","0","Cricket","1"
"3906","6","Transport & Railways","1"
"3907","0","Cricket","1"
"3908","12","Consumer Prices & Food (Rice/CAA)","1"
"3909","8","Electricity Tariffs & CEB","1"
"3910","1","General Sri Lanka News (Cyclone Ditwah relief, Rupee, Tourism)","1"
"3911","0","Cricket","1"
"3912","13","Media, Online Safety & News Digests","1"
"3913","12","Consumer Prices & Food (Rice/CAA)","1"
"3914","0","Cricket","1"
"3915","0","Cricket","1"
"3916","0","Cricket","1"
"3917","2","Arrests, Bribery & Corruption (CIABOC)","1"
"3918","8","Electricity Tariffs & CEB","1"
"3919","1","General Sri Lanka News (Cyclone Ditwah relief, Rupee, Tourism)","1"
"3920","0","Cricket","1"
"3921","8","Electricity Tariffs & CEB","1"
"3922","15","Public Holidays & Special Traffic Plans","1"
"3923","13","Media, Online Safety & News Digests","1"
"3924","1","General Sri Lanka News (Cyclone Ditwah relief, Rupee, Tourism)","1"
"3925","1","General Sri Lanka News (Cyclone Ditwah relief, Rupee, Tourism)","1"
"3926","5","Iran War & Geopolitics (Trump/Hormuz)","1"
"3927","4","Weather & Flood Warnings","1"
"3928","21","AI & Digital Education","1"
"3929","23","Elon Musk & Global Business News","1"
"3930","15","Public Holidays & Special Traffic Plans","1"
"3931","0","Cricket","1"
"3932","1","General Sri Lanka News (Cyclone Ditwah relief, Rupee, Tourism)","1"
"3933","0","Cricket","1"
"3934","2","Arrests, Bribery & Corruption (CIABOC)","1"
"3935","16","Stock Market (CSE)","1"
"3936","0","Cricket","1"
"3937","2","Arrests, Bribery & Corruption (CIABOC)","1"
"3938","2","Arrests, Bribery & Corruption (CIABOC)","1"
"3939","9","Fuel & Oil Prices (CPC)","1"
"3940","3","Violence, Shootings & Fatal Accidents","1"
"3941","1","General Sri Lanka News (Cyclone Ditwah relief, Rupee, Tourism)","1"
"3942","0","Cricket","1"
"3943","0","Cricket","1"
"3944","2","Arrests, Bribery & Corruption (CIABOC)","1"
"3945","15","Public Holidays & Special Traffic Plans","1"
"3946","9","Fuel & Oil Prices (CPC)","1"
"3947","12","Consumer Prices & Food (Rice/CAA)","1"
"3948","13","Media, Online Safety & News Digests","1"
"3949","8","Electricity Tariffs & CEB","1"
"3950","1","General Sri Lanka News (Cyclone Ditwah relief, Rupee, Tourism)","1"
"3951","1","General Sri Lanka News (Cyclone Ditwah relief, Rupee, Tourism)","1"
"3952","1","General Sri Lanka News (Cyclone Ditwah relief, Rupee, Tourism)","1"
"3953","7","Health & Dengue","1"
"3954","7","Health & Dengue","1"
"3955","0","Cricket","1"
"3956","9","Fuel & Oil Prices (CPC)","1"
"3957","1","General Sri Lanka News (Cyclone Ditwah relief, Rupee, Tourism)","1"
"3958","13","Media, Online Safety & News Digests","1"
"3959","5","Iran War & Geopolitics (Trump/Hormuz)","1"
"3960","18","Easter Sunday Attacks (Retrospective/Legal)","1"
"3961","2","Arrests, Bribery & Corruption (CIABOC)","1"
"3962","1","General Sri Lanka News (Cyclone Ditwah relief, Rupee, Tourism)","1"
"3963","13","Media, Online Safety & News Digests","1"
"3964","1","General Sri Lanka News (Cyclone Ditwah relief, Rupee, Tourism)","1"
"3965","0","Cricket","1"
"3966","11","Wildlife & Human-Elephant Conflict","1"
"3967","0","Cricket","1"
"3968","15","Public Holidays & Special Traffic Plans","1"
"3969","2","Arrests, Bribery & Corruption (CIABOC)","1"
"3970","13","Media, Online Safety & News Digests","1"
"3971","2","Arrests, Bribery & Corruption (CIABOC)","1"
"3972","7","Health & Dengue","1"
"3973","3","Violence, Shootings & Fatal Accidents","1"
"3974","15","Public Holidays & Special Traffic Plans","1"
"3975","12","Consumer Prices & Food (Rice/CAA)","1"
"3976","9","Fuel & Oil Prices (CPC)","1"
"3977","2","Arrests, Bribery & Corruption (CIABOC)","1"
"3978","3","Violence, Shootings & Fatal Accidents","1"
"3979","2","Arrests, Bribery & Corruption (CIABOC)","1"
"3980","5","Iran War & Geopolitics (Trump/Hormuz)","1"
"3981","2","Arrests, Bribery & Corruption (CIABOC)","1"
"3982","6","Transport & Railways","1"
"3983","1","General Sri Lanka News (Cyclone Ditwah relief, Rupee, Tourism)","1"
"3984","1","General Sri Lanka News (Cyclone Ditwah relief, Rupee, Tourism)","1"
"3985","8","Electricity Tariffs & CEB","1"
"3986","2","Arrests, Bribery & Corruption (CIABOC)","1"
"3987","2","Arrests, Bribery & Corruption (CIABOC)","1"
"3988","0","Cricket","1"
"3989","2","Arrests, Bribery & Corruption (CIABOC)","1"
"3990","5","Iran War & Geopolitics (Trump/Hormuz)","1"
"3991","2","Arrests, Bribery & Corruption (CIABOC)","1"
"3992","18","Easter Sunday Attacks (Retrospective/Legal)","1"
"3993","2","Arrests, Bribery & Corruption (CIABOC)","1"
"3994","3","Violence, Shootings & Fatal Accidents","1"
"3995","5","Iran War & Geopolitics (Trump/Hormuz)","1"
"3996","1","General Sri Lanka News (Cyclone Ditwah relief, Rupee, Tourism)","1"
"3997","2","Arrests, Bribery & Corruption (CIABOC)","1"
"3998","5","Iran War & Geopolitics (Trump/Hormuz)","1"
"3999","3","Violence, Shootings & Fatal Accidents","1"
"4000","0","Cricket","1"
"4001","2","Arrests, Bribery & Corruption (CIABOC)","1"
"4002","0","Cricket","1"
"4003","15","Public Holidays & Special Traffic Plans","1"
"4004","1","General Sri Lanka News (Cyclone Ditwah relief, Rupee, Tourism)","1"
"4005","4","Weather & Flood Warnings","1"
"4006","5","Iran War & Geopolitics (Trump/Hormuz)","1"
"4007","2","Arrests, Bribery & Corruption (CIABOC)","1"
"4008","3","Violence, Shootings & Fatal Accidents","1"
"4009","5","Iran War & Geopolitics (Trump/Hormuz)","1"
"4010","0","Cricket","1"
"4011","5","Iran War & Geopolitics (Trump/Hormuz)","1"
"4012","6","Transport & Railways","1"
"4013","1","General Sri Lanka News (Cyclone Ditwah relief, Rupee, Tourism)","1"
"4014","2","Arrests, Bribery & Corruption (CIABOC)","1"
"4015","0","Cricket","1"
"4016","4","Weather & Flood Warnings","1"
"4017","12","Consumer Prices & Food (Rice/CAA)","1"
"4018","2","Arrests, Bribery & Corruption (CIABOC)","1"
"4019","1","General Sri Lanka News (Cyclone Ditwah relief, Rupee, Tourism)","1"
"4020","1","General Sri Lanka News (Cyclone Ditwah relief, Rupee, Tourism)","1"
"4021","1","General Sri Lanka News (Cyclone Ditwah relief, Rupee, Tourism)","1"
"4022","1","General Sri Lanka News (Cyclone Ditwah relief, Rupee, Tourism)","1"
"4023","5","Iran War & Geopolitics (Trump/Hormuz)","1"
"4024","5","Iran War & Geopolitics (Trump/Hormuz)","1"
"4025","1","General Sri Lanka News (Cyclone Ditwah relief, Rupee, Tourism)","1"
"4026","0","Cricket","1"
"4027","16","Stock Market (CSE)","1"
"4028","5","Iran War & Geopolitics (Trump/Hormuz)","1"
"4029","0","Cricket","1"
"4030","5","Iran War & Geopolitics (Trump/Hormuz)","1"
"4031","6","Transport & Railways","1"
"4032","2","Arrests, Bribery & Corruption (CIABOC)","1"
"4033","7","Health & Dengue","1"
"4034","21","AI & Digital Education","1"
"4035","6","Transport & Railways","1"
"4036","22","Liquor Shop Regulations","1"
"4037","2","Arrests, Bribery & Corruption (CIABOC)","1"
"4038","0","Cricket","1"
"4039","1","General Sri Lanka News (Cyclone Ditwah relief, Rupee, Tourism)","1"
"4040","18","Easter Sunday Attacks (Retrospective/Legal)","1"
"4041","2","Arrests, Bribery & Corruption (CIABOC)","1"
"4042","2","Arrests, Bribery & Corruption (CIABOC)","1"
"4043","1","General Sri Lanka News (Cyclone Ditwah relief, Rupee, Tourism)","1"
"4044","6","Transport & Railways","1"
"4045","13","Media, Online Safety & News Digests","1"
"4046","2","Arrests, Bribery & Corruption (CIABOC)","1"
"4047","6","Transport & Railways","1"
"4048","15","Public Holidays & Special Traffic Plans","1"
"4049","1","General Sri Lanka News (Cyclone Ditwah relief, Rupee, Tourism)","1"
"4050","4","Weather & Flood Warnings","1"
"4051","6","Transport & Railways","1"
"4052","9","Fuel & Oil Prices (CPC)","1"
"4053","4","Weather & Flood Warnings","1"
"4054","7","Health & Dengue","1"
"4055","0","Cricket","1"
"4056","5","Iran War & Geopolitics (Trump/Hormuz)","1"
"4057","3","Violence, Shootings & Fatal Accidents","1"
"4058","1","General Sri Lanka News (Cyclone Ditwah relief, Rupee, Tourism)","1"
"4059","0","Cricket","1"
"4060","1","General Sri Lanka News (Cyclone Ditwah relief, Rupee, Tourism)","1"
"4061","14","US/China Trade & Tariffs","1"
"4062","2","Arrests, Bribery & Corruption (CIABOC)","1"
"4063","1","General Sri Lanka News (Cyclone Ditwah relief, Rupee, Tourism)","1"
"4064","1","General Sri Lanka News (Cyclone Ditwah relief, Rupee, Tourism)","1"
"4065","5","Iran War & Geopolitics (Trump/Hormuz)","1"
"4066","14","US/China Trade & Tariffs","1"
"4067","6","Transport & Railways","1"
"4068","22","Liquor Shop Regulations","1"
"4069","5","Iran War & Geopolitics (Trump/Hormuz)","1"
"4070","1","General Sri Lanka News (Cyclone Ditwah relief, Rupee, Tourism)","1"
"4071","16","Stock Market (CSE)","1"
"4072","10","Education & Examinations","1"
"4073","14","US/China Trade & Tariffs","1"
"4074","2","Arrests, Bribery & Corruption (CIABOC)","1"
"4075","5","Iran War & Geopolitics (Trump/Hormuz)","1"
"4076","5","Iran War & Geopolitics (Trump/Hormuz)","1"
"4077","1","General Sri Lanka News (Cyclone Ditwah relief, Rupee, Tourism)","1"
"4078","1","General Sri Lanka News (Cyclone Ditwah relief, Rupee, Tourism)","1"
"4079","0","Cricket","1"
"4080","1","General Sri Lanka News (Cyclone Ditwah relief, Rupee, Tourism)","1"
"4081","1","General Sri Lanka News (Cyclone Ditwah relief, Rupee, Tourism)","1"
"4082","5","Iran War & Geopolitics (Trump/Hormuz)","1"
"4083","13","Media, Online Safety & News Digests","1"
"4084","2","Arrests, Bribery & Corruption (CIABOC)","1"
"4085","1","General Sri Lanka News (Cyclone Ditwah relief, Rupee, Tourism)","1"
"4086","4","Weather & Flood Warnings","1"
"4087","1","General Sri Lanka News (Cyclone Ditwah relief, Rupee, Tourism)","1"
"4088","11","Wildlife & Human-Elephant Conflict","1"
"4089","17","Healthcare Worker Strikes (GMOA)","1"
"4090","3","Violence, Shootings & Fatal Accidents","1"
"4091","1","General Sri Lanka News (Cyclone Ditwah relief, Rupee, Tourism)","1"
"4092","1","General Sri Lanka News (Cyclone Ditwah relief, Rupee, Tourism)","1"
"4093","0","Cricket","1"
"4094","5","Iran War & Geopolitics (Trump/Hormuz)","1"
"4095","1","General Sri Lanka News (Cyclone Ditwah relief, Rupee, Tourism)","1"
"4096","1","General Sri Lanka News (Cyclone Ditwah relief, Rupee, Tourism)","1"
"4097","1","General Sri Lanka News (Cyclone Ditwah relief, Rupee, Tourism)","1"
"4098","12","Consumer Prices & Food (Rice/CAA)","1"
"4099","6","Transport & Railways","1"
"4100","2","Arrests, Bribery & Corruption (CIABOC)","1"
"4101","6","Transport & Railways","1"
"4102","6","Transport & Railways","1"
"4103","0","Cricket","1"
"4104","5","Iran War & Geopolitics (Trump/Hormuz)","1"
"4105","1","General Sri Lanka News (Cyclone Ditwah relief, Rupee, Tourism)","1"
"4106","4","Weather & Flood Warnings","1"
"4107","8","Electricity Tariffs & CEB","1"
"4108","15","Public Holidays & Special Traffic Plans","1"
"4109","8","Electricity Tariffs & CEB","1"
"4110","9","Fuel & Oil Prices (CPC)","1"
"4111","7","Health & Dengue","1"
"4112","3","Violence, Shootings & Fatal Accidents","1"
"4113","2","Arrests, Bribery & Corruption (CIABOC)","1"
"4114","4","Weather & Flood Warnings","1"
"4115","8","Electricity Tariffs & CEB","1"
"4116","2","Arrests, Bribery & Corruption (CIABOC)","1"
"4117","4","Weather & Flood Warnings","1"
"4118","2","Arrests, Bribery & Corruption (CIABOC)","1"
"4119","1","General Sri Lanka News (Cyclone Ditwah relief, Rupee, Tourism)","1"
"4120","2","Arrests, Bribery & Corruption (CIABOC)","1"
"4121","1","General Sri Lanka News (Cyclone Ditwah relief, Rupee, Tourism)","1"
"4122","1","General Sri Lanka News (Cyclone Ditwah relief, Rupee, Tourism)","1"
"4123","0","Cricket","1"
"4124","9","Fuel & Oil Prices (CPC)","1"
"4125","11","Wildlife & Human-Elephant Conflict","1"
"4126","10","Education & Examinations","1"
"4127","9","Fuel & Oil Prices (CPC)","1"
"4128","6","Transport & Railways","1"
"4129","18","Easter Sunday Attacks (Retrospective/Legal)","1"
"4130","7","Health & Dengue","1"
"4131","0","Cricket","1"
"4132","18","Easter Sunday Attacks (Retrospective/Legal)","1"
"4133","0","Cricket","1"
"4134","1","General Sri Lanka News (Cyclone Ditwah relief, Rupee, Tourism)","1"
"4135","9","Fuel & Oil Prices (CPC)","1"
"4136","18","Easter Sunday Attacks (Retrospective/Legal)","1"
"4137","0","Cricket","1"
"4138","5","Iran War & Geopolitics (Trump/Hormuz)","1"
"4139","1","General Sri Lanka News (Cyclone Ditwah relief, Rupee, Tourism)","1"
"4140","5","Iran War & Geopolitics (Trump/Hormuz)","1"
"4141","1","General Sri Lanka News (Cyclone Ditwah relief, Rupee, Tourism)","1"
"4142","9","Fuel & Oil Prices (CPC)","1"
"4143","5","Iran War & Geopolitics (Trump/Hormuz)","1"
"4144","13","Media, Online Safety & News Digests","1"
"4145","1","General Sri Lanka News (Cyclone Ditwah relief, Rupee, Tourism)","1"
"4146","6","Transport & Railways","1"
"4147","5","Iran War & Geopolitics (Trump/Hormuz)","1"
"4148","13","Media, Online Safety & News Digests","1"
"4149","9","Fuel & Oil Prices (CPC)","1"
"4150","5","Iran War & Geopolitics (Trump/Hormuz)","1"
"4151","15","Public Holidays & Special Traffic Plans","1"
"4152","6","Transport & Railways","1"
"4153","6","Transport & Railways","1"
"4154","5","Iran War & Geopolitics (Trump/Hormuz)","1"
"4155","1","General Sri Lanka News (Cyclone Ditwah relief, Rupee, Tourism)","1"
"4156","0","Cricket","1"
"4157","18","Easter Sunday Attacks (Retrospective/Legal)","1"
"4158","1","General Sri Lanka News (Cyclone Ditwah relief, Rupee, Tourism)","1"
"4159","18","Easter Sunday Attacks (Retrospective/Legal)","1"
"4160","4","Weather & Flood Warnings","1"
"4161","10","Education & Examinations","1"
"4162","6","Transport & Railways","1"
"4163","5","Iran War & Geopolitics (Trump/Hormuz)","1"
"4164","1","General Sri Lanka News (Cyclone Ditwah relief, Rupee, Tourism)","1"
"4165","0","Cricket","1"
"4166","5","Iran War & Geopolitics (Trump/Hormuz)","1"
"4167","4","Weather & Flood Warnings","1"
"4168","2","Arrests, Bribery & Corruption (CIABOC)","1"
"4169","2","Arrests, Bribery & Corruption (CIABOC)","1"
"4170","4","Weather & Flood Warnings","1"
"4171","2","Arrests, Bribery & Corruption (CIABOC)","1"
"4172","11","Wildlife & Human-Elephant Conflict","1"
"4173","18","Easter Sunday Attacks (Retrospective/Legal)","1"
"4174","12","Consumer Prices & Food (Rice/CAA)","1"
"4175","14","US/China Trade & Tariffs","1"
"4176","15","Public Holidays & Special Traffic Plans","1"
"4177","11","Wildlife & Human-Elephant Conflict","1"
"4178","5","Iran War & Geopolitics (Trump/Hormuz)","1"
"4179","20","Fuel Quota & QR System","1"
"4180","2","Arrests, Bribery & Corruption (CIABOC)","1"
"4181","0","Cricket","1"
"4182","5","Iran War & Geopolitics (Trump/Hormuz)","1"
"4183","23","Elon Musk & Global Business News","1"
"4184","18","Easter Sunday Attacks (Retrospective/Legal)","1"
"4185","1","General Sri Lanka News (Cyclone Ditwah relief, Rupee, Tourism)","1"
"4186","15","Public Holidays & Special Traffic Plans","1"
"4187","0","Cricket","1"
"4188","6","Transport & Railways","1"
"4189","5","Iran War & Geopolitics (Trump/Hormuz)","1"
"4190","15","Public Holidays & Special Traffic Plans","1"
"4191","4","Weather & Flood Warnings","1"
"4192","5","Iran War & Geopolitics (Trump/Hormuz)","1"
"4193","0","Cricket","1"
"4194","3","Violence, Shootings & Fatal Accidents","1"
"4195","0","Cricket","1"
"4196","8","Electricity Tariffs & CEB","1"
"4197","0","Cricket","1"
"4198","5","Iran War & Geopolitics (Trump/Hormuz)","1"
"4199","5","Iran War & Geopolitics (Trump/Hormuz)","1"
"4200","0","Cricket","1"
"4201","3","Violence, Shootings & Fatal Accidents","1"
"4202","5","Iran War & Geopolitics (Trump/Hormuz)","1"
"4203","4","Weather & Flood Warnings","1"
"4204","6","Transport & Railways","1"
"4205","2","Arrests, Bribery & Corruption (CIABOC)","1"
"4206","12","Consumer Prices & Food (Rice/CAA)","1"
"4207","0","Cricket","1"
"4208","15","Public Holidays & Special Traffic Plans","1"
"4209","4","Weather & Flood Warnings","1"
"4210","0","Cricket","1"
"4211","7","Health & Dengue","1"
"4212","5","Iran War & Geopolitics (Trump/Hormuz)","1"
"4213","0","Cricket","1"
"4214","0","Cricket","1"
"4215","2","Arrests, Bribery & Corruption (CIABOC)","1"
"4216","2","Arrests, Bribery & Corruption (CIABOC)","1"
"4217","6","Transport & Railways","1"
"4218","6","Transport & Railways","1"
"4219","17","Healthcare Worker Strikes (GMOA)","1"
"4220","6","Transport & Railways","1"
"4221","0","Cricket","1"
"4222","0","Cricket","1"
"4223","9","Fuel & Oil Prices (CPC)","1"
"4224","1","General Sri Lanka News (Cyclone Ditwah relief, Rupee, Tourism)","1"
"4225","0","Cricket","1"
"4226","9","Fuel & Oil Prices (CPC)","1"
"4227","3","Violence, Shootings & Fatal Accidents","1"
"4228","5","Iran War & Geopolitics (Trump/Hormuz)","1"
"4229","5","Iran War & Geopolitics (Trump/Hormuz)","1"
"4230","1","General Sri Lanka News (Cyclone Ditwah relief, Rupee, Tourism)","1"
"4231","15","Public Holidays & Special Traffic Plans","1"
"4232","1","General Sri Lanka News (Cyclone Ditwah relief, Rupee, Tourism)","1"
"4233","1","General Sri Lanka News (Cyclone Ditwah relief, Rupee, Tourism)","1"
"4234","1","General Sri Lanka News (Cyclone Ditwah relief, Rupee, Tourism)","1"
"4235","5","Iran War & Geopolitics (Trump/Hormuz)","1"
"4236","0","Cricket","1"
"4237","0","Cricket","1"
"4238","23","Elon Musk & Global Business News","1"
"4239","1","General Sri Lanka News (Cyclone Ditwah relief, Rupee, Tourism)","1"
"4240","5","Iran War & Geopolitics (Trump/Hormuz)","1"
"4241","5","Iran War & Geopolitics (Trump/Hormuz)","1"
"4242","0","Cricket","1"
"4243","5","Iran War & Geopolitics (Trump/Hormuz)","1"
"4244","9","Fuel & Oil Prices (CPC)","1"
"4245","0","Cricket","1"
"4246","5","Iran War & Geopolitics (Trump/Hormuz)","1"
"4247","15","Public Holidays & Special Traffic Plans","1"
"4248","14","US/China Trade & Tariffs","1"
"4249","2","Arrests, Bribery & Corruption (CIABOC)","1"
"4250","3","Violence, Shootings & Fatal Accidents","1"
"4251","5","Iran War & Geopolitics (Trump/Hormuz)","1"
"4252","0","Cricket","1"
"4253","6","Transport & Railways","1"
"4254","5","Iran War & Geopolitics (Trump/Hormuz)","1"
"4255","15","Public Holidays & Special Traffic Plans","1"
"4256","2","Arrests, Bribery & Corruption (CIABOC)","1"
"4257","5","Iran War & Geopolitics (Trump/Hormuz)","1"
"4258","4","Weather & Flood Warnings","1"
"4259","2","Arrests, Bribery & Corruption (CIABOC)","1"
"4260","4","Weather & Flood Warnings","1"
"4261","5","Iran War & Geopolitics (Trump/Hormuz)","1"
"4262","5","Iran War & Geopolitics (Trump/Hormuz)","1"
"4263","0","Cricket","1"
"4264","9","Fuel & Oil Prices (CPC)","1"
"4265","13","Media, Online Safety & News Digests","1"
"4266","4","Weather & Flood Warnings","1"
"4267","15","Public Holidays & Special Traffic Plans","1"
"4268","2","Arrests, Bribery & Corruption (CIABOC)","1"
"4269","2","Arrests, Bribery & Corruption (CIABOC)","1"
"4270","9","Fuel & Oil Prices (CPC)","1"
"4271","0","Cricket","1"
"4272","18","Easter Sunday Attacks (Retrospective/Legal)","1"
"4273","0","Cricket","1"
"4274","1","General Sri Lanka News (Cyclone Ditwah relief, Rupee, Tourism)","1"
"4275","9","Fuel & Oil Prices (CPC)","1"
"4276","18","Easter Sunday Attacks (Retrospective/Legal)","1"
"4277","1","General Sri Lanka News (Cyclone Ditwah relief, Rupee, Tourism)","1"
"4278","5","Iran War & Geopolitics (Trump/Hormuz)","1"
"4279","5","Iran War & Geopolitics (Trump/Hormuz)","1"
"4280","16","Stock Market (CSE)","1"
"4281","0","Cricket","1"
"4282","9","Fuel & Oil Prices (CPC)","1"
"4283","0","Cricket","1"
"4284","6","Transport & Railways","1"
"4285","2","Arrests, Bribery & Corruption (CIABOC)","1"
"4286","20","Fuel Quota & QR System","1"
"4287","0","Cricket","1"
"4288","4","Weather & Flood Warnings","1"
"4289","4","Weather & Flood Warnings","1"
"4290","2","Arrests, Bribery & Corruption (CIABOC)","1"
"4291","3","Violence, Shootings & Fatal Accidents","1"
"4292","3","Violence, Shootings & Fatal Accidents","1"
"4293","0","Cricket","1"
"4294","3","Violence, Shootings & Fatal Accidents","1"
"4295","18","Easter Sunday Attacks (Retrospective/Legal)","1"
"4296","5","Iran War & Geopolitics (Trump/Hormuz)","1"
"4297","15","Public Holidays & Special Traffic Plans","1"
"4298","9","Fuel & Oil Prices (CPC)","1"
"4299","10","Education & Examinations","1"
"4300","9","Fuel & Oil Prices (CPC)","1"
"4301","19","NASA & Space (Artemis)","1"
"4302","4","Weather & Flood Warnings","1"
"4303","5","Iran War & Geopolitics (Trump/Hormuz)","1"
"4304","5","Iran War & Geopolitics (Trump/Hormuz)","1"
"4305","3","Violence, Shootings & Fatal Accidents","1"
"4306","13","Media, Online Safety & News Digests","1"
"4307","9","Fuel & Oil Prices (CPC)","1"
"4308","4","Weather & Flood Warnings","1"
"4309","16","Stock Market (CSE)","1"
"4310","5","Iran War & Geopolitics (Trump/Hormuz)","1"
"4311","18","Easter Sunday Attacks (Retrospective/Legal)","1"
"4312","13","Media, Online Safety & News Digests","1"
"4313","1","General Sri Lanka News (Cyclone Ditwah relief, Rupee, Tourism)","1"
"4314","13","Media, Online Safety & News Digests","1"
"4315","15","Public Holidays & Special Traffic Plans","1"
"4316","6","Transport & Railways","1"
"4317","2","Arrests, Bribery & Corruption (CIABOC)","1"
"4318","5","Iran War & Geopolitics (Trump/Hormuz)","1"
"4319","3","Violence, Shootings & Fatal Accidents","1"
"4320","11","Wildlife & Human-Elephant Conflict","1"
"4321","4","Weather & Flood Warnings","1"
"4322","5","Iran War & Geopolitics (Trump/Hormuz)","1"
"4323","8","Electricity Tariffs & CEB","1"
"4324","0","Cricket","1"
"4325","1","General Sri Lanka News (Cyclone Ditwah relief, Rupee, Tourism)","1"
"4326","2","Arrests, Bribery & Corruption (CIABOC)","1"
"4327","2","Arrests, Bribery & Corruption (CIABOC)","1"
"4328","5","Iran War & Geopolitics (Trump/Hormuz)","1"
"4329","2","Arrests, Bribery & Corruption (CIABOC)","1"
"4330","5","Iran War & Geopolitics (Trump/Hormuz)","1"
"4331","2","Arrests, Bribery & Corruption (CIABOC)","1"
"4332","1","General Sri Lanka News (Cyclone Ditwah relief, Rupee, Tourism)","1"
"4333","5","Iran War & Geopolitics (Trump/Hormuz)","1"
"4334","5","Iran War & Geopolitics (Trump/Hormuz)","1"
"4335","1","General Sri Lanka News (Cyclone Ditwah relief, Rupee, Tourism)","1"
"4336","5","Iran War & Geopolitics (Trump/Hormuz)","1"
"4337","0","Cricket","1"
"4338","2","Arrests, Bribery & Corruption (CIABOC)","1"
"4339","9","Fuel & Oil Prices (CPC)","1"
"4340","5","Iran War & Geopolitics (Trump/Hormuz)","1"
"4341","14","US/China Trade & Tariffs","1"
"4342","1","General Sri Lanka News (Cyclone Ditwah relief, Rupee, Tourism)","1"
"4343","0","Cricket","1"
"4344","5","Iran War & Geopolitics (Trump/Hormuz)","1"
"4345","0","Cricket","1"
"4346","3","Violence, Shootings & Fatal Accidents","1"
"4347","15","Public Holidays & Special Traffic Plans","1"
"4348","3","Violence, Shootings & Fatal Accidents","1"
"4349","4","Weather & Flood Warnings","1"
"4350","5","Iran War & Geopolitics (Trump/Hormuz)","1"
"4351","6","Transport & Railways","1"
"4352","18","Easter Sunday Attacks (Retrospective/Legal)","1"
"4353","1","General Sri Lanka News (Cyclone Ditwah relief, Rupee, Tourism)","1"
"4354","5","Iran War & Geopolitics (Trump/Hormuz)","1"
"4355","15","Public Holidays & Special Traffic Plans","1"
"4356","1","General Sri Lanka News (Cyclone Ditwah relief, Rupee, Tourism)","1"
"4357","0","Cricket","1"
"4358","5","Iran War & Geopolitics (Trump/Hormuz)","1"
"4359","5","Iran War & Geopolitics (Trump/Hormuz)","1"
"4360","1","General Sri Lanka News (Cyclone Ditwah relief, Rupee, Tourism)","1"
"4361","5","Iran War & Geopolitics (Trump/Hormuz)","1"
"4362","14","US/China Trade & Tariffs","1"
"4363","3","Violence, Shootings & Fatal Accidents","1"
"4364","1","General Sri Lanka News (Cyclone Ditwah relief, Rupee, Tourism)","1"
"4365","6","Transport & Railways","1"
"4366","9","Fuel & Oil Prices (CPC)","1"
"4367","14","US/China Trade & Tariffs","1"
"4368","15","Public Holidays & Special Traffic Plans","1"
"4369","5","Iran War & Geopolitics (Trump/Hormuz)","1"
"4370","8","Electricity Tariffs & CEB","1"
"4371","5","Iran War & Geopolitics (Trump/Hormuz)","1"
"4372","9","Fuel & Oil Prices (CPC)","1"
"4373","15","Public Holidays & Special Traffic Plans","1"
"4374","5","Iran War & Geopolitics (Trump/Hormuz)","1"
"4375","0","Cricket","1"
"4376","2","Arrests, Bribery & Corruption (CIABOC)","1"
"4377","15","Public Holidays & Special Traffic Plans","1"
"4378","15","Public Holidays & Special Traffic Plans","1"
"4379","15","Public Holidays & Special Traffic Plans","1"
"4380","18","Easter Sunday Attacks (Retrospective/Legal)","1"
"4381","6","Transport & Railways","1"
"4382","5","Iran War & Geopolitics (Trump/Hormuz)","1"
"4383","15","Public Holidays & Special Traffic Plans","1"
"4384","6","Transport & Railways","1"
"4385","2","Arrests, Bribery & Corruption (CIABOC)","1"
"4386","4","Weather & Flood Warnings","1"
"4387","5","Iran War & Geopolitics (Trump/Hormuz)","1"
"4388","18","Easter Sunday Attacks (Retrospective/Legal)","1"
"4389","0","Cricket","1"
"4390","3","Violence, Shootings & Fatal Accidents","1"
"4391","2","Arrests, Bribery & Corruption (CIABOC)","1"
"4392","9","Fuel & Oil Prices (CPC)","1"
"4393","18","Easter Sunday Attacks (Retrospective/Legal)","1"
"4394","2","Arrests, Bribery & Corruption (CIABOC)","1"
"4395","0","Cricket","1"
"4396","2","Arrests, Bribery & Corruption (CIABOC)","1"
"4397","0","Cricket","1"
"4398","9","Fuel & Oil Prices (CPC)","1"
"4399","8","Electricity Tariffs & CEB","1"
"4400","0","Cricket","1"
"4401","2","Arrests, Bribery & Corruption (CIABOC)","1"
"4402","0","Cricket","1"
"4403","18","Easter Sunday Attacks (Retrospective/Legal)","1"
"4404","0","Cricket","1"
"4405","18","Easter Sunday Attacks (Retrospective/Legal)","1"
"4406","12","Consumer Prices & Food (Rice/CAA)","1"
"4407","9","Fuel & Oil Prices (CPC)","1"
"4408","5","Iran War & Geopolitics (Trump/Hormuz)","1"
"4409","5","Iran War & Geopolitics (Trump/Hormuz)","1"
"4410","1","General Sri Lanka News (Cyclone Ditwah relief, Rupee, Tourism)","1"
"4411","6","Transport & Railways","1"
"4412","5","Iran War & Geopolitics (Trump/Hormuz)","1"
"4413","6","Transport & Railways","1"
"4414","5","Iran War & Geopolitics (Trump/Hormuz)","1"
"4415","0","Cricket","1"
"4416","0","Cricket","1"
"4417","1","General Sri Lanka News (Cyclone Ditwah relief, Rupee, Tourism)","1"
"4418","6","Transport & Railways","1"
"4419","1","General Sri Lanka News (Cyclone Ditwah relief, Rupee, Tourism)","1"
"4420","5","Iran War & Geopolitics (Trump/Hormuz)","1"
"4421","9","Fuel & Oil Prices (CPC)","1"
"4422","0","Cricket","1"
"4423","19","NASA & Space (Artemis)","1"
"4424","8","Electricity Tariffs & CEB","1"
"4425","3","Violence, Shootings & Fatal Accidents","1"
"4426","2","Arrests, Bribery & Corruption (CIABOC)","1"
"4427","4","Weather & Flood Warnings","1"
"4428","3","Violence, Shootings & Fatal Accidents","1"
"4429","8","Electricity Tariffs & CEB","1"
"4430","5","Iran War & Geopolitics (Trump/Hormuz)","1"
"4431","2","Arrests, Bribery & Corruption (CIABOC)","1"
"4432","3","Violence, Shootings & Fatal Accidents","1"
"4433","4","Weather & Flood Warnings","1"
"4434","5","Iran War & Geopolitics (Trump/Hormuz)","1"
"4435","5","Iran War & Geopolitics (Trump/Hormuz)","1"
"4436","5","Iran War & Geopolitics (Trump/Hormuz)","1"
"4437","5","Iran War & Geopolitics (Trump/Hormuz)","1"
"4438","5","Iran War & Geopolitics (Trump/Hormuz)","1"
"4439","2","Arrests, Bribery & Corruption (CIABOC)","1"
"4440","5","Iran War & Geopolitics (Trump/Hormuz)","1"
"4441","13","Media, Online Safety & News Digests","1"
"4442","0","Cricket","1"
"4443","5","Iran War & Geopolitics (Trump/Hormuz)","1"
"4444","9","Fuel & Oil Prices (CPC)","1"
"4445","0","Cricket","1"
"4446","5","Iran War & Geopolitics (Trump/Hormuz)","1"
"4447","5","Iran War & Geopolitics (Trump/Hormuz)","1"
"4448","2","Arrests, Bribery & Corruption (CIABOC)","1"
"4449","5","Iran War & Geopolitics (Trump/Hormuz)","1"
"4450","5","Iran War & Geopolitics (Trump/Hormuz)","1"
"4451","6","Transport & Railways","1"
"4452","14","US/China Trade & Tariffs","1"
"4453","7","Health & Dengue","1"
"4454","11","Wildlife & Human-Elephant Conflict","1"
"4455","5","Iran War & Geopolitics (Trump/Hormuz)","1"
"4456","0","Cricket","1"
"4457","8","Electricity Tariffs & CEB","1"
"4458","20","Fuel Quota & QR System","1"
"4459","9","Fuel & Oil Prices (CPC)","1"
"4460","2","Arrests, Bribery & Corruption (CIABOC)","1"
"4461","5","Iran War & Geopolitics (Trump/Hormuz)","1"
"4462","2","Arrests, Bribery & Corruption (CIABOC)","1"
"4463","6","Transport & Railways","1"
"4464","15","Public Holidays & Special Traffic Plans","1"
"4465","2","Arrests, Bribery & Corruption (CIABOC)","1"
"4466","12","Consumer Prices & Food (Rice/CAA)","1"
"4467","17","Healthcare Worker Strikes (GMOA)","1"
"4468","6","Transport & Railways","1"
"4469","0","Cricket","1"
"4470","19","NASA & Space (Artemis)","1"
"4471","2","Arrests, Bribery & Corruption (CIABOC)","1"
"4472","9","Fuel & Oil Prices (CPC)","1"
"4473","5","Iran War & Geopolitics (Trump/Hormuz)","1"
"4474","17","Healthcare Worker Strikes (GMOA)","1"
"4475","2","Arrests, Bribery & Corruption (CIABOC)","1"
"4476","1","General Sri Lanka News (Cyclone Ditwah relief, Rupee, Tourism)","1"
"4477","5","Iran War & Geopolitics (Trump/Hormuz)","1"
"4478","19","NASA & Space (Artemis)","1"
"4479","5","Iran War & Geopolitics (Trump/Hormuz)","1"
"4480","1","General Sri Lanka News (Cyclone Ditwah relief, Rupee, Tourism)","1"
"4481","0","Cricket","1"
"4482","3","Violence, Shootings & Fatal Accidents","1"
"4483","5","Iran War & Geopolitics (Trump/Hormuz)","1"
"4484","8","Electricity Tariffs & CEB","1"
"4485","5","Iran War & Geopolitics (Trump/Hormuz)","1"
"4486","0","Cricket","1"
"4487","16","Stock Market (CSE)","1"
"4488","10","Education & Examinations","1"
"4489","1","General Sri Lanka News (Cyclone Ditwah relief, Rupee, Tourism)","1"
"4490","0","Cricket","1"
"4491","8","Electricity Tariffs & CEB","1"
"4492","2","Arrests, Bribery & Corruption (CIABOC)","1"
"4493","3","Violence, Shootings & Fatal Accidents","1"
"4494","5","Iran War & Geopolitics (Trump/Hormuz)","1"
"4495","15","Public Holidays & Special Traffic Plans","1"
"4496","4","Weather & Flood Warnings","1"
"4497","5","Iran War & Geopolitics (Trump/Hormuz)","1"
"4498","7","Health & Dengue","1"
"4499","5","Iran War & Geopolitics (Trump/Hormuz)","1"
"4500","1","General Sri Lanka News (Cyclone Ditwah relief, Rupee, Tourism)","1"
"4501","13","Media, Online Safety & News Digests","1"
"4502","8","Electricity Tariffs & CEB","1"
"4503","3","Violence, Shootings & Fatal Accidents","1"
"4504","5","Iran War & Geopolitics (Trump/Hormuz)","1"
"4505","0","Cricket","1"
"4506","0","Cricket","1"
"4507","13","Media, Online Safety & News Digests","1"
"4508","2","Arrests, Bribery & Corruption (CIABOC)","1"
"4509","5","Iran War & Geopolitics (Trump/Hormuz)","1"
"4510","18","Easter Sunday Attacks (Retrospective/Legal)","1"
"4511","8","Electricity Tariffs & CEB","1"
"4512","4","Weather & Flood Warnings","1"
"4513","5","Iran War & Geopolitics (Trump/Hormuz)","1"
"4514","6","Transport & Railways","1"
"4515","7","Health & Dengue","1"
"4516","0","Cricket","1"
"4517","1","General Sri Lanka News (Cyclone Ditwah relief, Rupee, Tourism)","1"
"4518","1","General Sri Lanka News (Cyclone Ditwah relief, Rupee, Tourism)","1"
"4519","1","General Sri Lanka News (Cyclone Ditwah relief, Rupee, Tourism)","1"
"4520","8","Electricity Tariffs & CEB","1"
"4521","17","Healthcare Worker Strikes (GMOA)","1"
"4522","6","Transport & Railways","1"
"4523","5","Iran War & Geopolitics (Trump/Hormuz)","1"
"4524","10","Education & Examinations","1"
"4525","3","Violence, Shootings & Fatal Accidents","1"
"4526","8","Electricity Tariffs & CEB","1"
"4527","6","Transport & Railways","1"
"4528","5","Iran War & Geopolitics (Trump/Hormuz)","1"
"4529","5","Iran War & Geopolitics (Trump/Hormuz)","1"
"4530","10","Education & Examinations","1"
"4531","5","Iran War & Geopolitics (Trump/Hormuz)","1"
"4532","1","General Sri Lanka News (Cyclone Ditwah relief, Rupee, Tourism)","1"
"4533","0","Cricket","1"
"4534","12","Consumer Prices & Food (Rice/CAA)","1"
"4535","5","Iran War & Geopolitics (Trump/Hormuz)","1"
"4536","12","Consumer Prices & Food (Rice/CAA)","1"
"4537","5","Iran War & Geopolitics (Trump/Hormuz)","1"
"4538","16","Stock Market (CSE)","1"
"4539","6","Transport & Railways","1"
"4540","12","Consumer Prices & Food (Rice/CAA)","1"
"4541","1","General Sri Lanka News (Cyclone Ditwah relief, Rupee, Tourism)","1"
"4542","8","Electricity Tariffs & CEB","1"
"4543","15","Public Holidays & Special Traffic Plans","1"
"4544","19","NASA & Space (Artemis)","1"
"4545","1","General Sri Lanka News (Cyclone Ditwah relief, Rupee, Tourism)","1"
"4546","9","Fuel & Oil Prices (CPC)","1"
"4547","4","Weather & Flood Warnings","1"
"4548","2","Arrests, Bribery & Corruption (CIABOC)","1"
"4549","5","Iran War & Geopolitics (Trump/Hormuz)","1"
"4550","9","Fuel & Oil Prices (CPC)","1"
"4551","10","Education & Examinations","1"
"4552","8","Electricity Tariffs & CEB","1"
"4553","0","Cricket","1"
"4554","1","General Sri Lanka News (Cyclone Ditwah relief, Rupee, Tourism)","1"
"4555","17","Healthcare Worker Strikes (GMOA)","1"
"4556","6","Transport & Railways","1"
"4557","5","Iran War & Geopolitics (Trump/Hormuz)","1"
"4558","1","General Sri Lanka News (Cyclone Ditwah relief, Rupee, Tourism)","1"
"4559","4","Weather & Flood Warnings","1"
"4560","0","Cricket","1"
"4561","4","Weather & Flood Warnings","1"
"4562","6","Transport & Railways","1"
"4563","4","Weather & Flood Warnings","1"
"4564","0","Cricket","1"
"4565","5","Iran War & Geopolitics (Trump/Hormuz)","1"
"4566","17","Healthcare Worker Strikes (GMOA)","1"
"4567","15","Public Holidays & Special Traffic Plans","1"
"4568","2","Arrests, Bribery & Corruption (CIABOC)","1"
"4569","2","Arrests, Bribery & Corruption (CIABOC)","1"
"4570","2","Arrests, Bribery & Corruption (CIABOC)","1"
"4571","1","General Sri Lanka News (Cyclone Ditwah relief, Rupee, Tourism)","1"
"4572","4","Weather & Flood Warnings","1"
"4573","0","Cricket","1"
"4574","18","Easter Sunday Attacks (Retrospective/Legal)","1"
"4575","4","Weather & Flood Warnings","1"
"4576","9","Fuel & Oil Prices (CPC)","1"
"4577","4","Weather & Flood Warnings","1"
"4578","2","Arrests, Bribery & Corruption (CIABOC)","1"
"4579","5","Iran War & Geopolitics (Trump/Hormuz)","1"
"4580","1","General Sri Lanka News (Cyclone Ditwah relief, Rupee, Tourism)","1"
"4581","5","Iran War & Geopolitics (Trump/Hormuz)","1"
"4582","5","Iran War & Geopolitics (Trump/Hormuz)","1"
"4583","2","Arrests, Bribery & Corruption (CIABOC)","1"
"4584","5","Iran War & Geopolitics (Trump/Hormuz)","1"
"4585","5","Iran War & Geopolitics (Trump/Hormuz)","1"
"4586","15","Public Holidays & Special Traffic Plans","1"
"4587","5","Iran War & Geopolitics (Trump/Hormuz)","1"
"4588","5","Iran War & Geopolitics (Trump/Hormuz)","1"
"4589","5","Iran War & Geopolitics (Trump/Hormuz)","1"
"4590","17","Healthcare Worker Strikes (GMOA)","1"
"4591","5","Iran War & Geopolitics (Trump/Hormuz)","1"
"4592","5","Iran War & Geopolitics (Trump/Hormuz)","1"
"4593","7","Health & Dengue","1"
"4594","16","Stock Market (CSE)","1"
"4595","5","Iran War & Geopolitics (Trump/Hormuz)","1"
"4596","14","US/China Trade & Tariffs","1"
"4597","1","General Sri Lanka News (Cyclone Ditwah relief, Rupee, Tourism)","1"
"4598","9","Fuel & Oil Prices (CPC)","1"
"4599","5","Iran War & Geopolitics (Trump/Hormuz)","1"
"4600","5","Iran War & Geopolitics (Trump/Hormuz)","1"
"4601","2","Arrests, Bribery & Corruption (CIABOC)","1"
"4602","1","General Sri Lanka News (Cyclone Ditwah relief, Rupee, Tourism)","1"
"4603","1","General Sri Lanka News (Cyclone Ditwah relief, Rupee, Tourism)","1"
"4604","13","Media, Online Safety & News Digests","1"
"4605","4","Weather & Flood Warnings","1"
"4606","0","Cricket","1"
"4607","1","General Sri Lanka News (Cyclone Ditwah relief, Rupee, Tourism)","1"
"4608","12","Consumer Prices & Food (Rice/CAA)","1"
"4609","0","Cricket","1"
"4610","13","Media, Online Safety & News Digests","1"
"4611","9","Fuel & Oil Prices (CPC)","1"
"4612","1","General Sri Lanka News (Cyclone Ditwah relief, Rupee, Tourism)","1"
"4613","0","Cricket","1"
"4614","5","Iran War & Geopolitics (Trump/Hormuz)","1"
"4615","1","General Sri Lanka News (Cyclone Ditwah relief, Rupee, Tourism)","1"
"4616","4","Weather & Flood Warnings","1"
"4617","10","Education & Examinations","1"
"4618","5","Iran War & Geopolitics (Trump/Hormuz)","1"
"4619","22","Liquor Shop Regulations","1"
"4620","0","Cricket","1"
"4621","13","Media, Online Safety & News Digests","1"
"4622","12","Consumer Prices & Food (Rice/CAA)","1"
"4623","6","Transport & Railways","1"
"4624","7","Health & Dengue","1"
"4625","5","Iran War & Geopolitics (Trump/Hormuz)","1"
"4626","0","Cricket","1"
"4627","3","Violence, Shootings & Fatal Accidents","1"
"4628","5","Iran War & Geopolitics (Trump/Hormuz)","1"
"4629","5","Iran War & Geopolitics (Trump/Hormuz)","1"
"4630","14","US/China Trade & Tariffs","1"
"4631","3","Violence, Shootings & Fatal Accidents","1"
"4632","7","Health & Dengue","1"
"4633","1","General Sri Lanka News (Cyclone Ditwah relief, Rupee, Tourism)","1"
"4634","8","Electricity Tariffs & CEB","1"
"4635","8","Electricity Tariffs & CEB","1"
"4636","12","Consumer Prices & Food (Rice/CAA)","1"
"4637","1","General Sri Lanka News (Cyclone Ditwah relief, Rupee, Tourism)","1"
"4638","5","Iran War & Geopolitics (Trump/Hormuz)","1"
"4639","13","Media, Online Safety & News Digests","1"
"4640","5","Iran War & Geopolitics (Trump/Hormuz)","1"
"4641","9","Fuel & Oil Prices (CPC)","1"
"4642","1","General Sri Lanka News (Cyclone Ditwah relief, Rupee, Tourism)","1"
"4643","9","Fuel & Oil Prices (CPC)","1"
"4644","5","Iran War & Geopolitics (Trump/Hormuz)","1"
"4645","5","Iran War & Geopolitics (Trump/Hormuz)","1"
"4646","0","Cricket","1"
"4647","5","Iran War & Geopolitics (Trump/Hormuz)","1"
"4648","17","Healthcare Worker Strikes (GMOA)","1"
"4649","5","Iran War & Geopolitics (Trump/Hormuz)","1"
"4650","16","Stock Market (CSE)","1"
"4651","6","Transport & Railways","1"
"4652","2","Arrests, Bribery & Corruption (CIABOC)","1"
"4653","5","Iran War & Geopolitics (Trump/Hormuz)","1"
"4654","0","Cricket","1"
"4655","19","NASA & Space (Artemis)","1"
"4656","5","Iran War & Geopolitics (Trump/Hormuz)","1"
"4657","0","Cricket","1"
"4658","0","Cricket","1"
"4659","9","Fuel & Oil Prices (CPC)","1"
"4660","0","Cricket","1"
"4661","5","Iran War & Geopolitics (Trump/Hormuz)","1"
"4662","4","Weather & Flood Warnings","1"
"4663","8","Electricity Tariffs & CEB","1"
"4664","8","Electricity Tariffs & CEB","1"
"4665","8","Electricity Tariffs & CEB","1"
"4666","0","Cricket","1"
"4667","7","Health & Dengue","1"
"4668","1","General Sri Lanka News (Cyclone Ditwah relief, Rupee, Tourism)","1"
"4669","2","Arrests, Bribery & Corruption (CIABOC)","1"
"4670","9","Fuel & Oil Prices (CPC)","1"
"4671","5","Iran War & Geopolitics (Trump/Hormuz)","1"
"4672","2","Arrests, Bribery & Corruption (CIABOC)","1"
"4673","4","Weather & Flood Warnings","1"
"4674","5","Iran War & Geopolitics (Trump/Hormuz)","1"
"4675","19","NASA & Space (Artemis)","1"
"4676","1","General Sri Lanka News (Cyclone Ditwah relief, Rupee, Tourism)","1"
"4677","6","Transport & Railways","1"
"4678","9","Fuel & Oil Prices (CPC)","1"
"4679","5","Iran War & Geopolitics (Trump/Hormuz)","1"
"4680","10","Education & Examinations","1"
"4681","22","Liquor Shop Regulations","1"
"4682","9","Fuel & Oil Prices (CPC)","1"
"4683","5","Iran War & Geopolitics (Trump/Hormuz)","1"
"4684","17","Healthcare Worker Strikes (GMOA)","1"
"4685","3","Violence, Shootings & Fatal Accidents","1"
"4686","1","General Sri Lanka News (Cyclone Ditwah relief, Rupee, Tourism)","1"
"4687","5","Iran War & Geopolitics (Trump/Hormuz)","1"
"4688","5","Iran War & Geopolitics (Trump/Hormuz)","1"
"4689","13","Media, Online Safety & News Digests","1"
"4690","5","Iran War & Geopolitics (Trump/Hormuz)","1"
"4691","5","Iran War & Geopolitics (Trump/Hormuz)","1"
"4692","5","Iran War & Geopolitics (Trump/Hormuz)","1"
"4693","1","General Sri Lanka News (Cyclone Ditwah relief, Rupee, Tourism)","1"
"4694","12","Consumer Prices & Food (Rice/CAA)","1"
"4695","2","Arrests, Bribery & Corruption (CIABOC)","1"
"4696","4","Weather & Flood Warnings","1"
"4697","0","Cricket","1"
"4698","1","General Sri Lanka News (Cyclone Ditwah relief, Rupee, Tourism)","1"
"4699","0","Cricket","1"
"4700","11","Wildlife & Human-Elephant Conflict","1"
"4701","9","Fuel & Oil Prices (CPC)","1"
"4702","9","Fuel & Oil Prices (CPC)","1"
"4703","15","Public Holidays & Special Traffic Plans","1"
"4704","18","Easter Sunday Attacks (Retrospective/Legal)","1"
"4705","5","Iran War & Geopolitics (Trump/Hormuz)","1"
"4706","19","NASA & Space (Artemis)","1"
"4707","2","Arrests, Bribery & Corruption (CIABOC)","1"
"4708","0","Cricket","1"
"4709","0","Cricket","1"
"4710","5","Iran War & Geopolitics (Trump/Hormuz)","1"
"4711","9","Fuel & Oil Prices (CPC)","1"
"4712","15","Public Holidays & Special Traffic Plans","1"
"4713","4","Weather & Flood Warnings","1"
"4714","5","Iran War & Geopolitics (Trump/Hormuz)","1"
"4715","23","Elon Musk & Global Business News","1"
"4716","4","Weather & Flood Warnings","1"
"4717","5","Iran War & Geopolitics (Trump/Hormuz)","1"
"4718","9","Fuel & Oil Prices (CPC)","1"
"4719","1","General Sri Lanka News (Cyclone Ditwah relief, Rupee, Tourism)","1"
"4720","12","Consumer Prices & Food (Rice/CAA)","1"
"4721","4","Weather & Flood Warnings","1"
"4722","2","Arrests, Bribery & Corruption (CIABOC)","1"
"4723","0","Cricket","1"
"4724","9","Fuel & Oil Prices (CPC)","1"
"4725","10","Education & Examinations","1"
"4726","2","Arrests, Bribery & Corruption (CIABOC)","1"
"4727","19","NASA & Space (Artemis)","1"
"4728","4","Weather & Flood Warnings","1"
"4729","5","Iran War & Geopolitics (Trump/Hormuz)","1"
"4730","8","Electricity Tariffs & CEB","1"
"4731","4","Weather & Flood Warnings","1"
"4732","0","Cricket","1"
"4733","19","NASA & Space (Artemis)","1"
"4734","10","Education & Examinations","1"
"4735","14","US/China Trade & Tariffs","1"
"4736","0","Cricket","1"
"4737","0","Cricket","1"
"4738","5","Iran War & Geopolitics (Trump/Hormuz)","1"
"4739","5","Iran War & Geopolitics (Trump/Hormuz)","1"
"4740","2","Arrests, Bribery & Corruption (CIABOC)","1"
"4741","0","Cricket","1"
"4742","1","General Sri Lanka News (Cyclone Ditwah relief, Rupee, Tourism)","1"
"4743","0","Cricket","1"
"4744","2","Arrests, Bribery & Corruption (CIABOC)","1"
"4745","0","Cricket","1"
"4746","7","Health & Dengue","1"
"4747","0","Cricket","1"
"4748","2","Arrests, Bribery & Corruption (CIABOC)","1"
"4749","4","Weather & Flood Warnings","1"
"4750","5","Iran War & Geopolitics (Trump/Hormuz)","1"
"4751","4","Weather & Flood Warnings","1"
"4752","4","Weather & Flood Warnings","1"
"4753","7","Health & Dengue","1"
"4754","7","Health & Dengue","1"
"4755","5","Iran War & Geopolitics (Trump/Hormuz)","1"
"4756","2","Arrests, Bribery & Corruption (CIABOC)","1"
"4757","2","Arrests, Bribery & Corruption (CIABOC)","1"
"4758","4","Weather & Flood Warnings","1"
"4759","3","Violence, Shootings & Fatal Accidents","1"
"4760","9","Fuel & Oil Prices (CPC)","1"
"4761","2","Arrests, Bribery & Corruption (CIABOC)","1"
"4762","3","Violence, Shootings & Fatal Accidents","1"
"4763","2","Arrests, Bribery & Corruption (CIABOC)","1"
"4764","19","NASA & Space (Artemis)","1"
"4765","1","General Sri Lanka News (Cyclone Ditwah relief, Rupee, Tourism)","1"
"4766","7","Health & Dengue","1"
"4767","14","US/China Trade & Tariffs","1"
"4768","2","Arrests, Bribery & Corruption (CIABOC)","1"
"4769","5","Iran War & Geopolitics (Trump/Hormuz)","1"
"4770","7","Health & Dengue","1"
"4771","14","US/China Trade & Tariffs","1"
"4772","1","General Sri Lanka News (Cyclone Ditwah relief, Rupee, Tourism)","1"
"4773","1","General Sri Lanka News (Cyclone Ditwah relief, Rupee, Tourism)","1"
"4774","3","Violence, Shootings & Fatal Accidents","1"
"4775","1","General Sri Lanka News (Cyclone Ditwah relief, Rupee, Tourism)","1"
"4776","0","Cricket","1"
"4777","3","Violence, Shootings & Fatal Accidents","1"
"4778","3","Violence, Shootings & Fatal Accidents","1"
"4779","0","Cricket","1"
"4780","2","Arrests, Bribery & Corruption (CIABOC)","1"
"4781","5","Iran War & Geopolitics (Trump/Hormuz)","1"
"4782","16","Stock Market (CSE)","1"
"4783","3","Violence, Shootings & Fatal Accidents","1"
"4784","8","Electricity Tariffs & CEB","1"
"4785","0","Cricket","1"
"4786","3","Violence, Shootings & Fatal Accidents","1"
"4787","2","Arrests, Bribery & Corruption (CIABOC)","1"
"4788","1","General Sri Lanka News (Cyclone Ditwah relief, Rupee, Tourism)","1"
"4789","20","Fuel Quota & QR System","1"
"4790","9","Fuel & Oil Prices (CPC)","1"
"4791","0","Cricket","1"
"4792","13","Media, Online Safety & News Digests","1"
"4793","12","Consumer Prices & Food (Rice/CAA)","1"
"4794","15","Public Holidays & Special Traffic Plans","1"
"4795","3","Violence, Shootings & Fatal Accidents","1"
"4796","1","General Sri Lanka News (Cyclone Ditwah relief, Rupee, Tourism)","1"
"4797","0","Cricket","1"
"4798","12","Consumer Prices & Food (Rice/CAA)","1"
"4799","0","Cricket","1"
"4800","1","General Sri Lanka News (Cyclone Ditwah relief, Rupee, Tourism)","1"
"4801","0","Cricket","1"
"4802","12","Consumer Prices & Food (Rice/CAA)","1"
"4803","2","Arrests, Bribery & Corruption (CIABOC)","1"
"4804","2","Arrests, Bribery & Corruption (CIABOC)","1"
"4805","1","General Sri Lanka News (Cyclone Ditwah relief, Rupee, Tourism)","1"
"4806","9","Fuel & Oil Prices (CPC)","1"
"4807","7","Health & Dengue","1"
"4808","5","Iran War & Geopolitics (Trump/Hormuz)","1"
"4809","3","Violence, Shootings & Fatal Accidents","1"
"4810","0","Cricket","1"
"4811","4","Weather & Flood Warnings","1"
"4812","4","Weather & Flood Warnings","1"
"4813","0","Cricket","1"
"4814","2","Arrests, Bribery & Corruption (CIABOC)","1"
"4815","10","Education & Examinations","1"
"4816","16","Stock Market (CSE)","1"
"4817","5","Iran War & Geopolitics (Trump/Hormuz)","1"
"4818","0","Cricket","1"
"4819","5","Iran War & Geopolitics (Trump/Hormuz)","1"
"4820","20","Fuel Quota & QR System","1"
"4821","12","Consumer Prices & Food (Rice/CAA)","1"
"4822","2","Arrests, Bribery & Corruption (CIABOC)","1"
"4823","0","Cricket","1"
"4824","1","General Sri Lanka News (Cyclone Ditwah relief, Rupee, Tourism)","1"
"4825","10","Education & Examinations","1"
"4826","8","Electricity Tariffs & CEB","1"
"4827","5","Iran War & Geopolitics (Trump/Hormuz)","1"
"4828","17","Healthcare Worker Strikes (GMOA)","1"
"4829","3","Violence, Shootings & Fatal Accidents","1"
"4830","7","Health & Dengue","1"
"4831","2","Arrests, Bribery & Corruption (CIABOC)","1"
"4832","9","Fuel & Oil Prices (CPC)","1"
"4833","8","Electricity Tariffs & CEB","1"
"4834","4","Weather & Flood Warnings","1"
"4835","1","General Sri Lanka News (Cyclone Ditwah relief, Rupee, Tourism)","1"
"4836","0","Cricket","1"
"4837","1","General Sri Lanka News (Cyclone Ditwah relief, Rupee, Tourism)","1"
"4838","18","Easter Sunday Attacks (Retrospective/Legal)","1"
"4839","1","General Sri Lanka News (Cyclone Ditwah relief, Rupee, Tourism)","1"
"4840","3","Violence, Shootings & Fatal Accidents","1"
"4841","9","Fuel & Oil Prices (CPC)","1"
"4842","1","General Sri Lanka News (Cyclone Ditwah relief, Rupee, Tourism)","1"
"4843","1","General Sri Lanka News (Cyclone Ditwah relief, Rupee, Tourism)","1"
"4844","11","Wildlife & Human-Elephant Conflict","1"
"4845","15","Public Holidays & Special Traffic Plans","1"
"4846","18","Easter Sunday Attacks (Retrospective/Legal)","1"
"4847","0","Cricket","1"
"4848","9","Fuel & Oil Prices (CPC)","1"
"4849","0","Cricket","1"
"4850","11","Wildlife & Human-Elephant Conflict","1"
"4851","1","General Sri Lanka News (Cyclone Ditwah relief, Rupee, Tourism)","1"
"4852","9","Fuel & Oil Prices (CPC)","1"
"4853","7","Health & Dengue","1"
"4854","1","General Sri Lanka News (Cyclone Ditwah relief, Rupee, Tourism)","1"
"4855","9","Fuel & Oil Prices (CPC)","1"
"4856","1","General Sri Lanka News (Cyclone Ditwah relief, Rupee, Tourism)","1"
"4857","14","US/China Trade & Tariffs","1"
"4858","12","Consumer Prices & Food (Rice/CAA)","1"
"4859","10","Education & Examinations","1"
"4860","1","General Sri Lanka News (Cyclone Ditwah relief, Rupee, Tourism)","1"
"4861","5","Iran War & Geopolitics (Trump/Hormuz)","1"
"4862","2","Arrests, Bribery & Corruption (CIABOC)","1"
"4863","1","General Sri Lanka News (Cyclone Ditwah relief, Rupee, Tourism)","1"
"4864","5","Iran War & Geopolitics (Trump/Hormuz)","1"
"4865","2","Arrests, Bribery & Corruption (CIABOC)","1"
"4866","2","Arrests, Bribery & Corruption (CIABOC)","1"
"4867","10","Education & Examinations","1"
"4868","5","Iran War & Geopolitics (Trump/Hormuz)","1"
"4869","1","General Sri Lanka News (Cyclone Ditwah relief, Rupee, Tourism)","1"
"4870","5","Iran War & Geopolitics (Trump/Hormuz)","1"
"4871","8","Electricity Tariffs & CEB","1"
"4872","15","Public Holidays & Special Traffic Plans","1"
"4873","2","Arrests, Bribery & Corruption (CIABOC)","1"
"4874","0","Cricket","1"
"4875","14","US/China Trade & Tariffs","1"
"4876","9","Fuel & Oil Prices (CPC)","1"
"4877","4","Weather & Flood Warnings","1"
"4878","2","Arrests, Bribery & Corruption (CIABOC)","1"
"4879","0","Cricket","1"
"4880","1","General Sri Lanka News (Cyclone Ditwah relief, Rupee, Tourism)","1"
"4881","5","Iran War & Geopolitics (Trump/Hormuz)","1"
"4882","5","Iran War & Geopolitics (Trump/Hormuz)","1"
"4883","4","Weather & Flood Warnings","1"
"4884","17","Healthcare Worker Strikes (GMOA)","1"
"4885","6","Transport & Railways","1"
"4886","1","General Sri Lanka News (Cyclone Ditwah relief, Rupee, Tourism)","1"
"4887","9","Fuel & Oil Prices (CPC)","1"
"4888","5","Iran War & Geopolitics (Trump/Hormuz)","1"
"4889","9","Fuel & Oil Prices (CPC)","1"
"4890","3","Violence, Shootings & Fatal Accidents","1"
"4891","5","Iran War & Geopolitics (Trump/Hormuz)","1"
"4892","1","General Sri Lanka News (Cyclone Ditwah relief, Rupee, Tourism)","1"
"4893","1","General Sri Lanka News (Cyclone Ditwah relief, Rupee, Tourism)","1"
"4894","1","General Sri Lanka News (Cyclone Ditwah relief, Rupee, Tourism)","1"
"4895","0","Cricket","1"
"4896","9","Fuel & Oil Prices (CPC)","1"
"4897","3","Violence, Shootings & Fatal Accidents","1"
"4898","2","Arrests, Bribery & Corruption (CIABOC)","1"
"4899","5","Iran War & Geopolitics (Trump/Hormuz)","1"
"4900","5","Iran War & Geopolitics (Trump/Hormuz)","1"
"4901","9","Fuel & Oil Prices (CPC)","1"
"4902","9","Fuel & Oil Prices (CPC)","1"
"4903","2","Arrests, Bribery & Corruption (CIABOC)","1"
"4904","4","Weather & Flood Warnings","1"
"4905","4","Weather & Flood Warnings","1"
"4906","0","Cricket","1"
"4907","5","Iran War & Geopolitics (Trump/Hormuz)","1"
"4908","11","Wildlife & Human-Elephant Conflict","1"
"4909","1","General Sri Lanka News (Cyclone Ditwah relief, Rupee, Tourism)","1"
"4910","4","Weather & Flood Warnings","1"
"4911","9","Fuel & Oil Prices (CPC)","1"
"4912","15","Public Holidays & Special Traffic Plans","1"
"4913","0","Cricket","1"
"4914","4","Weather & Flood Warnings","1"
"4915","12","Consumer Prices & Food (Rice/CAA)","1"
"4916","3","Violence, Shootings & Fatal Accidents","1"
"4917","0","Cricket","1"
"4918","2","Arrests, Bribery & Corruption (CIABOC)","1"
"4919","5","Iran War & Geopolitics (Trump/Hormuz)","1"
"4920","5","Iran War & Geopolitics (Trump/Hormuz)","1"
"4921","12","Consumer Prices & Food (Rice/CAA)","1"
"4922","9","Fuel & Oil Prices (CPC)","1"
"4923","2","Arrests, Bribery & Corruption (CIABOC)","1"
"4924","14","US/China Trade & Tariffs","1"
"4925","1","General Sri Lanka News (Cyclone Ditwah relief, Rupee, Tourism)","1"
"4926","0","Cricket","1"
"4927","1","General Sri Lanka News (Cyclone Ditwah relief, Rupee, Tourism)","1"
"4928","2","Arrests, Bribery & Corruption (CIABOC)","1"
"4929","13","Media, Online Safety & News Digests","1"
"4930","2","Arrests, Bribery & Corruption (CIABOC)","1"
"4931","2","Arrests, Bribery & Corruption (CIABOC)","1"
"4932","1","General Sri Lanka News (Cyclone Ditwah relief, Rupee, Tourism)","1"
"4933","2","Arrests, Bribery & Corruption (CIABOC)","1"
"4934","9","Fuel & Oil Prices (CPC)","1"
"4935","12","Consumer Prices & Food (Rice/CAA)","1"
"4936","1","General Sri Lanka News (Cyclone Ditwah relief, Rupee, Tourism)","1"
"4937","1","General Sri Lanka News (Cyclone Ditwah relief, Rupee, Tourism)","1"
"4938","2","Arrests, Bribery & Corruption (CIABOC)","1"
"4939","4","Weather & Flood Warnings","1"
"4940","1","General Sri Lanka News (Cyclone Ditwah relief, Rupee, Tourism)","1"
"4941","0","Cricket","1"
"4942","0","Cricket","1"
"4943","4","Weather & Flood Warnings","1"
"4944","9","Fuel & Oil Prices (CPC)","1"
"4945","5","Iran War & Geopolitics (Trump/Hormuz)","1"
"4946","6","Transport & Railways","1"
"4947","9","Fuel & Oil Prices (CPC)","1"
"4948","0","Cricket","1"
"4949","15","Public Holidays & Special Traffic Plans","1"
"4950","0","Cricket","1"
"4951","8","Electricity Tariffs & CEB","1"
"4952","16","Stock Market (CSE)","1"
"4953","5","Iran War & Geopolitics (Trump/Hormuz)","1"
"4954","14","US/China Trade & Tariffs","1"
"4955","6","Transport & Railways","1"
"4956","12","Consumer Prices & Food (Rice/CAA)","1"
"4957","6","Transport & Railways","1"
"4958","5","Iran War & Geopolitics (Trump/Hormuz)","1"
"4959","5","Iran War & Geopolitics (Trump/Hormuz)","1"
"4960","0","Cricket","1"
"4961","20","Fuel Quota & QR System","1"
"4962","5","Iran War & Geopolitics (Trump/Hormuz)","1"
"4963","20","Fuel Quota & QR System","1"
"4964","2","Arrests, Bribery & Corruption (CIABOC)","1"
"4965","2","Arrests, Bribery & Corruption (CIABOC)","1"
"4966","9","Fuel & Oil Prices (CPC)","1"
"4967","1","General Sri Lanka News (Cyclone Ditwah relief, Rupee, Tourism)","1"
"4968","12","Consumer Prices & Food (Rice/CAA)","1"
"4969","1","General Sri Lanka News (Cyclone Ditwah relief, Rupee, Tourism)","1"
"4970","9","Fuel & Oil Prices (CPC)","1"
"4971","0","Cricket","1"
"4972","5","Iran War & Geopolitics (Trump/Hormuz)","1"
"4973","3","Violence, Shootings & Fatal Accidents","1"
"4974","5","Iran War & Geopolitics (Trump/Hormuz)","1"
"4975","5","Iran War & Geopolitics (Trump/Hormuz)","1"
"4976","1","General Sri Lanka News (Cyclone Ditwah relief, Rupee, Tourism)","1"
"4977","7","Health & Dengue","1"
"4978","1","General Sri Lanka News (Cyclone Ditwah relief, Rupee, Tourism)","1"
"4979","9","Fuel & Oil Prices (CPC)","1"
"4980","1","General Sri Lanka News (Cyclone Ditwah relief, Rupee, Tourism)","1"
"4981","1","General Sri Lanka News (Cyclone Ditwah relief, Rupee, Tourism)","1"
"4982","17","Healthcare Worker Strikes (GMOA)","1"
"4983","11","Wildlife & Human-Elephant Conflict","1"
"4984","4","Weather & Flood Warnings","1"
"4985","7","Health & Dengue","1"
"4986","5","Iran War & Geopolitics (Trump/Hormuz)","1"
"4987","9","Fuel & Oil Prices (CPC)","1"
"4988","2","Arrests, Bribery & Corruption (CIABOC)","1"
"4989","4","Weather & Flood Warnings","1"
"4990","5","Iran War & Geopolitics (Trump/Hormuz)","1"
"4991","5","Iran War & Geopolitics (Trump/Hormuz)","1"
"4992","5","Iran War & Geopolitics (Trump/Hormuz)","1"
"4993","2","Arrests, Bribery & Corruption (CIABOC)","1"
"4994","0","Cricket","1"
"4995","16","Stock Market (CSE)","1"
"4996","12","Consumer Prices & Food (Rice/CAA)","1"
"4997","5","Iran War & Geopolitics (Trump/Hormuz)","1"
"4998","10","Education & Examinations","1"
"4999","10","Education & Examinations","1"
"5000","5","Iran War & Geopolitics (Trump/Hormuz)","1"
"5001","6","Transport & Railways","1"
"5002","2","Arrests, Bribery & Corruption (CIABOC)","1"
"5003","1","General Sri Lanka News (Cyclone Ditwah relief, Rupee, Tourism)","1"
"5004","4","Weather & Flood Warnings","1"
"5005","1","General Sri Lanka News (Cyclone Ditwah relief, Rupee, Tourism)","1"
"5006","12","Consumer Prices & Food (Rice/CAA)","1"
"5007","5","Iran War & Geopolitics (Trump/Hormuz)","1"
"5008","0","Cricket","1"
"5009","5","Iran War & Geopolitics (Trump/Hormuz)","1"
"5010","4","Weather & Flood Warnings","1"
"5011","5","Iran War & Geopolitics (Trump/Hormuz)","1"
"5012","9","Fuel & Oil Prices (CPC)","1"
"5013","1","General Sri Lanka News (Cyclone Ditwah relief, Rupee, Tourism)","1"
"5014","3","Violence, Shootings & Fatal Accidents","1"
"5015","5","Iran War & Geopolitics (Trump/Hormuz)","1"
"5016","7","Health & Dengue","1"
"5017","7","Health & Dengue","1"
"5018","1","General Sri Lanka News (Cyclone Ditwah relief, Rupee, Tourism)","1"
"5019","7","Health & Dengue","1"
"5020","7","Health & Dengue","1"
"5021","2","Arrests, Bribery & Corruption (CIABOC)","1"
"5022","9","Fuel & Oil Prices (CPC)","1"
"5023","1","General Sri Lanka News (Cyclone Ditwah relief, Rupee, Tourism)","1"
"5024","5","Iran War & Geopolitics (Trump/Hormuz)","1"
"5025","1","General Sri Lanka News (Cyclone Ditwah relief, Rupee, Tourism)","1"
"5026","3","Violence, Shootings & Fatal Accidents","1"
"5027","13","Media, Online Safety & News Digests","1"
"5028","0","Cricket","1"
"5029","5","Iran War & Geopolitics (Trump/Hormuz)","1"
"5030","4","Weather & Flood Warnings","1"
"5031","9","Fuel & Oil Prices (CPC)","1"
"5032","2","Arrests, Bribery & Corruption (CIABOC)","1"
"5033","9","Fuel & Oil Prices (CPC)","1"
"5034","5","Iran War & Geopolitics (Trump/Hormuz)","1"
"5035","2","Arrests, Bribery & Corruption (CIABOC)","1"
"5036","5","Iran War & Geopolitics (Trump/Hormuz)","1"
"5037","1","General Sri Lanka News (Cyclone Ditwah relief, Rupee, Tourism)","1"
"5038","10","Education & Examinations","1"
"5039","0","Cricket","1"
"5040","0","Cricket","1"
"5041","0","Cricket","1"
"5042","0","Cricket","1"
"5043","1","General Sri Lanka News (Cyclone Ditwah relief, Rupee, Tourism)","1"
"5044","2","Arrests, Bribery & Corruption (CIABOC)","1"
"5045","8","Electricity Tariffs & CEB","1"
"5046","5","Iran War & Geopolitics (Trump/Hormuz)","1"
"5047","1","General Sri Lanka News (Cyclone Ditwah relief, Rupee, Tourism)","1"
"5048","9","Fuel & Oil Prices (CPC)","1"
"5049","2","Arrests, Bribery & Corruption (CIABOC)","1"
"5050","0","Cricket","1"
"5051","6","Transport & Railways","1"
"5052","14","US/China Trade & Tariffs","1"
"5053","0","Cricket","1"
"5054","0","Cricket","1"
"5055","0","Cricket","1"
"5056","10","Education & Examinations","1"
"5057","2","Arrests, Bribery & Corruption (CIABOC)","1"
"5058","4","Weather & Flood Warnings","1"
"5059","9","Fuel & Oil Prices (CPC)","1"
"5060","1","General Sri Lanka News (Cyclone Ditwah relief, Rupee, Tourism)","1"
"5061","1","General Sri Lanka News (Cyclone Ditwah relief, Rupee, Tourism)","1"
"5062","10","Education & Examinations","1"
"5063","5","Iran War & Geopolitics (Trump/Hormuz)","1"
"5064","10","Education & Examinations","1"
"5065","10","Education & Examinations","1"
"5066","16","Stock Market (CSE)","1"
"5067","12","Consumer Prices & Food (Rice/CAA)","1"
"5068","1","General Sri Lanka News (Cyclone Ditwah relief, Rupee, Tourism)","1"
"5069","17","Healthcare Worker Strikes (GMOA)","1"
"5070","6","Transport & Railways","1"
"5071","0","Cricket","1"
"5072","9","Fuel & Oil Prices (CPC)","1"
"5073","0","Cricket","1"
"5074","5","Iran War & Geopolitics (Trump/Hormuz)","1"
"5075","12","Consumer Prices & Food (Rice/CAA)","1"
"5076","3","Violence, Shootings & Fatal Accidents","1"
"5077","1","General Sri Lanka News (Cyclone Ditwah relief, Rupee, Tourism)","1"
"5078","2","Arrests, Bribery & Corruption (CIABOC)","1"
"5079","2","Arrests, Bribery & Corruption (CIABOC)","1"
"5080","4","Weather & Flood Warnings","1"
"5081","9","Fuel & Oil Prices (CPC)","1"
"5082","5","Iran War & Geopolitics (Trump/Hormuz)","1"
"5083","3","Violence, Shootings & Fatal Accidents","1"
"5084","1","General Sri Lanka News (Cyclone Ditwah relief, Rupee, Tourism)","1"
"5085","1","General Sri Lanka News (Cyclone Ditwah relief, Rupee, Tourism)","1"
"5086","12","Consumer Prices & Food (Rice/CAA)","1"
"5087","6","Transport & Railways","1"
"5088","2","Arrests, Bribery & Corruption (CIABOC)","1"
"5089","0","Cricket","1"
"5090","6","Transport & Railways","1"
"5091","15","Public Holidays & Special Traffic Plans","1"
"5092","9","Fuel & Oil Prices (CPC)","1"
"5093","5","Iran War & Geopolitics (Trump/Hormuz)","1"
"5094","0","Cricket","1"
"5095","5","Iran War & Geopolitics (Trump/Hormuz)","1"
"5096","3","Violence, Shootings & Fatal Accidents","1"
"5097","12","Consumer Prices & Food (Rice/CAA)","1"
"5098","13","Media, Online Safety & News Digests","1"
"5099","9","Fuel & Oil Prices (CPC)","1"
"5100","2","Arrests, Bribery & Corruption (CIABOC)","1"
"5101","5","Iran War & Geopolitics (Trump/Hormuz)","1"
"5102","17","Healthcare Worker Strikes (GMOA)","1"
"5103","12","Consumer Prices & Food (Rice/CAA)","1"
"5104","6","Transport & Railways","1"
"5105","4","Weather & Flood Warnings","1"
"5106","14","US/China Trade & Tariffs","1"
"5107","6","Transport & Railways","1"
"5108","9","Fuel & Oil Prices (CPC)","1"
"5109","9","Fuel & Oil Prices (CPC)","1"
"5110","15","Public Holidays & Special Traffic Plans","1"
"5111","0","Cricket","1"
"5112","4","Weather & Flood Warnings","1"
"5113","9","Fuel & Oil Prices (CPC)","1"
"5114","1","General Sri Lanka News (Cyclone Ditwah relief, Rupee, Tourism)","1"
"5115","3","Violence, Shootings & Fatal Accidents","1"
"5116","7","Health & Dengue","1"
"5117","5","Iran War & Geopolitics (Trump/Hormuz)","1"
"5118","0","Cricket","1"
"5119","20","Fuel Quota & QR System","1"
"5120","3","Violence, Shootings & Fatal Accidents","1"
"5121","1","General Sri Lanka News (Cyclone Ditwah relief, Rupee, Tourism)","1"
"5122","2","Arrests, Bribery & Corruption (CIABOC)","1"
"5123","23","Elon Musk & Global Business News","1"
"5124","1","General Sri Lanka News (Cyclone Ditwah relief, Rupee, Tourism)","1"
"5125","5","Iran War & Geopolitics (Trump/Hormuz)","1"
"5126","0","Cricket","1"
"5127","0","Cricket","1"
"5128","9","Fuel & Oil Prices (CPC)","1"
"5129","9","Fuel & Oil Prices (CPC)","1"
"5130","5","Iran War & Geopolitics (Trump/Hormuz)","1"
"5131","1","General Sri Lanka News (Cyclone Ditwah relief, Rupee, Tourism)","1"
"5132","5","Iran War & Geopolitics (Trump/Hormuz)","1"
"5133","12","Consumer Prices & Food (Rice/CAA)","1"
"5134","6","Transport & Railways","1"
"5135","6","Transport & Railways","1"
"5136","12","Consumer Prices & Food (Rice/CAA)","1"
"5137","9","Fuel & Oil Prices (CPC)","1"
"5138","20","Fuel Quota & QR System","1"
"5139","9","Fuel & Oil Prices (CPC)","1"
"5140","0","Cricket","1"
"5141","9","Fuel & Oil Prices (CPC)","1"
"5142","3","Violence, Shootings & Fatal Accidents","1"
"5143","5","Iran War & Geopolitics (Trump/Hormuz)","1"
"5144","5","Iran War & Geopolitics (Trump/Hormuz)","1"
"5145","3","Violence, Shootings & Fatal Accidents","1"
"5146","5","Iran War & Geopolitics (Trump/Hormuz)","1"
"5147","9","Fuel & Oil Prices (CPC)","1"
"5148","4","Weather & Flood Warnings","1"
"5149","12","Consumer Prices & Food (Rice/CAA)","1"
"5150","9","Fuel & Oil Prices (CPC)","1"
"5151","6","Transport & Railways","1"
"5152","2","Arrests, Bribery & Corruption (CIABOC)","1"
"5153","5","Iran War & Geopolitics (Trump/Hormuz)","1"
"5154","6","Transport & Railways","1"
"5155","6","Transport & Railways","1"
"5156","2","Arrests, Bribery & Corruption (CIABOC)","1"
"5157","9","Fuel & Oil Prices (CPC)","1"
"5158","20","Fuel Quota & QR System","1"
"5159","3","Violence, Shootings & Fatal Accidents","1"
"5160","3","Violence, Shootings & Fatal Accidents","1"
"5161","5","Iran War & Geopolitics (Trump/Hormuz)","1"
"5162","9","Fuel & Oil Prices (CPC)","1"
"5163","14","US/China Trade & Tariffs","1"
"5164","4","Weather & Flood Warnings","1"
"5165","1","General Sri Lanka News (Cyclone Ditwah relief, Rupee, Tourism)","1"
"5166","7","Health & Dengue","1"
"5167","13","Media, Online Safety & News Digests","1"
"5168","0","Cricket","1"
"5169","5","Iran War & Geopolitics (Trump/Hormuz)","1"
"5170","11","Wildlife & Human-Elephant Conflict","1"
"5171","0","Cricket","1"
"5172","9","Fuel & Oil Prices (CPC)","1"
"5173","1","General Sri Lanka News (Cyclone Ditwah relief, Rupee, Tourism)","1"
"5174","0","Cricket","1"
"5175","1","General Sri Lanka News (Cyclone Ditwah relief, Rupee, Tourism)","1"
"5176","9","Fuel & Oil Prices (CPC)","1"
"5177","1","General Sri Lanka News (Cyclone Ditwah relief, Rupee, Tourism)","1"
"5178","9","Fuel & Oil Prices (CPC)","1"
"5179","1","General Sri Lanka News (Cyclone Ditwah relief, Rupee, Tourism)","1"
"5180","5","Iran War & Geopolitics (Trump/Hormuz)","1"
"5181","3","Violence, Shootings & Fatal Accidents","1"
"5182","16","Stock Market (CSE)","1"
"5183","0","Cricket","1"
"5184","14","US/China Trade & Tariffs","1"
"5185","9","Fuel & Oil Prices (CPC)","1"
"5186","0","Cricket","1"
"5187","6","Transport & Railways","1"
"5188","5","Iran War & Geopolitics (Trump/Hormuz)","1"
"5189","9","Fuel & Oil Prices (CPC)","1"
"5190","12","Consumer Prices & Food (Rice/CAA)","1"
"5191","1","General Sri Lanka News (Cyclone Ditwah relief, Rupee, Tourism)","1"
"5192","5","Iran War & Geopolitics (Trump/Hormuz)","1"
"5193","13","Media, Online Safety & News Digests","1"
"5194","6","Transport & Railways","1"
"5195","1","General Sri Lanka News (Cyclone Ditwah relief, Rupee, Tourism)","1"
"5196","1","General Sri Lanka News (Cyclone Ditwah relief, Rupee, Tourism)","1"
"5197","0","Cricket","1"
"5198","3","Violence, Shootings & Fatal Accidents","1"
"5199","2","Arrests, Bribery & Corruption (CIABOC)","1"
"5200","1","General Sri Lanka News (Cyclone Ditwah relief, Rupee, Tourism)","1"
"5201","1","General Sri Lanka News (Cyclone Ditwah relief, Rupee, Tourism)","1"
"5202","0","Cricket","1"
"5203","9","Fuel & Oil Prices (CPC)","1"
"5204","5","Iran War & Geopolitics (Trump/Hormuz)","1"
"5205","9","Fuel & Oil Prices (CPC)","1"
"5206","13","Media, Online Safety & News Digests","1"
"5207","9","Fuel & Oil Prices (CPC)","1"
"5208","13","Media, Online Safety & News Digests","1"
"5209","0","Cricket","1"
"5210","5","Iran War & Geopolitics (Trump/Hormuz)","1"
"5211","5","Iran War & Geopolitics (Trump/Hormuz)","1"
"5212","1","General Sri Lanka News (Cyclone Ditwah relief, Rupee, Tourism)","1"
"5213","9","Fuel & Oil Prices (CPC)","1"
"5214","15","Public Holidays & Special Traffic Plans","1"
"5215","3","Violence, Shootings & Fatal Accidents","1"
"5216","5","Iran War & Geopolitics (Trump/Hormuz)","1"
"5217","2","Arrests, Bribery & Corruption (CIABOC)","1"
"5218","9","Fuel & Oil Prices (CPC)","1"
"5219","5","Iran War & Geopolitics (Trump/Hormuz)","1"
"5220","6","Transport & Railways","1"
"5221","5","Iran War & Geopolitics (Trump/Hormuz)","1"
"5222","0","Cricket","1"
"5223","0","Cricket","1"
"5224","5","Iran War & Geopolitics (Trump/Hormuz)","1"
"5225","2","Arrests, Bribery & Corruption (CIABOC)","1"
"5226","5","Iran War & Geopolitics (Trump/Hormuz)","1"
"5227","0","Cricket","1"
"5228","4","Weather & Flood Warnings","1"
"5229","0","Cricket","1"
"5230","2","Arrests, Bribery & Corruption (CIABOC)","1"
"5231","0","Cricket","1"
"5232","1","General Sri Lanka News (Cyclone Ditwah relief, Rupee, Tourism)","1"
"5233","5","Iran War & Geopolitics (Trump/Hormuz)","1"
"5234","0","Cricket","1"
"5235","1","General Sri Lanka News (Cyclone Ditwah relief, Rupee, Tourism)","1"
"5236","20","Fuel Quota & QR System","1"
"5237","9","Fuel & Oil Prices (CPC)","1"
"5238","5","Iran War & Geopolitics (Trump/Hormuz)","1"
"5239","0","Cricket","1"
"5240","0","Cricket","1"
"5241","1","General Sri Lanka News (Cyclone Ditwah relief, Rupee, Tourism)","1"
"5242","9","Fuel & Oil Prices (CPC)","1"
"5243","9","Fuel & Oil Prices (CPC)","1"
"5244","9","Fuel & Oil Prices (CPC)","1"
"5245","20","Fuel Quota & QR System","1"
"5246","5","Iran War & Geopolitics (Trump/Hormuz)","1"
"5247","11","Wildlife & Human-Elephant Conflict","1"
"5248","9","Fuel & Oil Prices (CPC)","1"
"5249","0","Cricket","1"
"5250","0","Cricket","1"
"5251","5","Iran War & Geopolitics (Trump/Hormuz)","1"
"5252","13","Media, Online Safety & News Digests","1"
"5253","7","Health & Dengue","1"
"5254","4","Weather & Flood Warnings","1"
"5255","6","Transport & Railways","1"
"5256","5","Iran War & Geopolitics (Trump/Hormuz)","1"
"5257","15","Public Holidays & Special Traffic Plans","1"
"5258","0","Cricket","1"
"5259","9","Fuel & Oil Prices (CPC)","1"
"5260","14","US/China Trade & Tariffs","1"
"5261","5","Iran War & Geopolitics (Trump/Hormuz)","1"
"5262","9","Fuel & Oil Prices (CPC)","1"
"5263","5","Iran War & Geopolitics (Trump/Hormuz)","1"
"5264","5","Iran War & Geopolitics (Trump/Hormuz)","1"
"5265","5","Iran War & Geopolitics (Trump/Hormuz)","1"
"5266","1","General Sri Lanka News (Cyclone Ditwah relief, Rupee, Tourism)","1"
"5267","6","Transport & Railways","1"
"5268","5","Iran War & Geopolitics (Trump/Hormuz)","1"
"5269","3","Violence, Shootings & Fatal Accidents","1"
"5270","0","Cricket","1"
"5271","0","Cricket","1"
"5272","1","General Sri Lanka News (Cyclone Ditwah relief, Rupee, Tourism)","1"
"5273","1","General Sri Lanka News (Cyclone Ditwah relief, Rupee, Tourism)","1"
"5274","20","Fuel Quota & QR System","1"
"5275","8","Electricity Tariffs & CEB","1"
"5276","9","Fuel & Oil Prices (CPC)","1"
"5277","20","Fuel Quota & QR System","1"
"5278","13","Media, Online Safety & News Digests","1"
"5279","5","Iran War & Geopolitics (Trump/Hormuz)","1"
"5280","15","Public Holidays & Special Traffic Plans","1"
"5281","1","General Sri Lanka News (Cyclone Ditwah relief, Rupee, Tourism)","1"
"5282","1","General Sri Lanka News (Cyclone Ditwah relief, Rupee, Tourism)","1"
"5283","10","Education & Examinations","1"
"5284","9","Fuel & Oil Prices (CPC)","1"
"5285","9","Fuel & Oil Prices (CPC)","1"
"5286","8","Electricity Tariffs & CEB","1"
"5287","4","Weather & Flood Warnings","1"
"5288","11","Wildlife & Human-Elephant Conflict","1"
"5289","8","Electricity Tariffs & CEB","1"
"5290","1","General Sri Lanka News (Cyclone Ditwah relief, Rupee, Tourism)","1"
"5291","1","General Sri Lanka News (Cyclone Ditwah relief, Rupee, Tourism)","1"
"5292","5","Iran War & Geopolitics (Trump/Hormuz)","1"
"5293","20","Fuel Quota & QR System","1"
"5294","20","Fuel Quota & QR System","1"
"5295","9","Fuel & Oil Prices (CPC)","1"
"5296","2","Arrests, Bribery & Corruption (CIABOC)","1"
"5297","1","General Sri Lanka News (Cyclone Ditwah relief, Rupee, Tourism)","1"
"5298","5","Iran War & Geopolitics (Trump/Hormuz)","1"
"5299","9","Fuel & Oil Prices (CPC)","1"
"5300","0","Cricket","1"
"5301","16","Stock Market (CSE)","1"
"5302","2","Arrests, Bribery & Corruption (CIABOC)","1"
"5303","15","Public Holidays & Special Traffic Plans","1"
"5304","9","Fuel & Oil Prices (CPC)","1"
"5305","9","Fuel & Oil Prices (CPC)","1"
"5306","9","Fuel & Oil Prices (CPC)","1"
"5307","5","Iran War & Geopolitics (Trump/Hormuz)","1"
"5308","0","Cricket","1"
"5309","2","Arrests, Bribery & Corruption (CIABOC)","1"
"5310","0","Cricket","1"
"5311","8","Electricity Tariffs & CEB","1"
"5312","1","General Sri Lanka News (Cyclone Ditwah relief, Rupee, Tourism)","1"
"5313","4","Weather & Flood Warnings","1"
"5314","15","Public Holidays & Special Traffic Plans","1"
"5315","5","Iran War & Geopolitics (Trump/Hormuz)","1"
"5316","15","Public Holidays & Special Traffic Plans","1"
"5317","1","General Sri Lanka News (Cyclone Ditwah relief, Rupee, Tourism)","1"
"5318","5","Iran War & Geopolitics (Trump/Hormuz)","1"
"5319","9","Fuel & Oil Prices (CPC)","1"
"5320","10","Education & Examinations","1"
"5321","6","Transport & Railways","1"
"5322","22","Liquor Shop Regulations","1"
"5323","8","Electricity Tariffs & CEB","1"
"5324","13","Media, Online Safety & News Digests","1"
"5325","11","Wildlife & Human-Elephant Conflict","1"
"5326","2","Arrests, Bribery & Corruption (CIABOC)","1"
"5327","20","Fuel Quota & QR System","1"
"5328","20","Fuel Quota & QR System","1"
"5329","14","US/China Trade & Tariffs","1"
"5330","9","Fuel & Oil Prices (CPC)","1"
"5331","13","Media, Online Safety & News Digests","1"
"5332","13","Media, Online Safety & News Digests","1"
"5333","2","Arrests, Bribery & Corruption (CIABOC)","1"
"5334","13","Media, Online Safety & News Digests","1"
"5335","1","General Sri Lanka News (Cyclone Ditwah relief, Rupee, Tourism)","1"
"5336","0","Cricket","1"
"5337","9","Fuel & Oil Prices (CPC)","1"
"5338","0","Cricket","1"
"5339","1","General Sri Lanka News (Cyclone Ditwah relief, Rupee, Tourism)","1"
"5340","10","Education & Examinations","1"
"5341","4","Weather & Flood Warnings","1"
"5342","1","General Sri Lanka News (Cyclone Ditwah relief, Rupee, Tourism)","1"
"5343","2","Arrests, Bribery & Corruption (CIABOC)","1"
"5344","1","General Sri Lanka News (Cyclone Ditwah relief, Rupee, Tourism)","1"
"5345","13","Media, Online Safety & News Digests","1"
"5346","9","Fuel & Oil Prices (CPC)","1"
"5347","9","Fuel & Oil Prices (CPC)","1"
"5348","5","Iran War & Geopolitics (Trump/Hormuz)","1"
"5349","12","Consumer Prices & Food (Rice/CAA)","1"
"5350","3","Violence, Shootings & Fatal Accidents","1"
"5351","1","General Sri Lanka News (Cyclone Ditwah relief, Rupee, Tourism)","1"
"5352","0","Cricket","1"
"5353","23","Elon Musk & Global Business News","1"
"5354","20","Fuel Quota & QR System","1"
"5355","8","Electricity Tariffs & CEB","1"
"5356","1","General Sri Lanka News (Cyclone Ditwah relief, Rupee, Tourism)","1"
"5357","5","Iran War & Geopolitics (Trump/Hormuz)","1"
"5358","15","Public Holidays & Special Traffic Plans","1"
"5359","16","Stock Market (CSE)","1"
"5360","1","General Sri Lanka News (Cyclone Ditwah relief, Rupee, Tourism)","1"
"5361","13","Media, Online Safety & News Digests","1"
"5362","20","Fuel Quota & QR System","1"
"5363","15","Public Holidays & Special Traffic Plans","1"
"5364","17","Healthcare Worker Strikes (GMOA)","1"
"5365","9","Fuel & Oil Prices (CPC)","1"
"5366","5","Iran War & Geopolitics (Trump/Hormuz)","1"
"5367","20","Fuel Quota & QR System","1"
"5368","18","Easter Sunday Attacks (Retrospective/Legal)","1"
"5369","20","Fuel Quota & QR System","1"
"5370","0","Cricket","1"
"5371","0","Cricket","1"
"5372","2","Arrests, Bribery & Corruption (CIABOC)","1"
"5373","20","Fuel Quota & QR System","1"
"5374","3","Violence, Shootings & Fatal Accidents","1"
"5375","9","Fuel & Oil Prices (CPC)","1"
"5376","9","Fuel & Oil Prices (CPC)","1"
"5377","6","Transport & Railways","1"
"5378","2","Arrests, Bribery & Corruption (CIABOC)","1"
"5379","1","General Sri Lanka News (Cyclone Ditwah relief, Rupee, Tourism)","1"
"5380","11","Wildlife & Human-Elephant Conflict","1"
"5381","20","Fuel Quota & QR System","1"
"5382","15","Public Holidays & Special Traffic Plans","1"
"5383","20","Fuel Quota & QR System","1"
"5384","20","Fuel Quota & QR System","1"
"5385","8","Electricity Tariffs & CEB","1"
"5386","3","Violence, Shootings & Fatal Accidents","1"
"5387","1","General Sri Lanka News (Cyclone Ditwah relief, Rupee, Tourism)","1"
"5388","5","Iran War & Geopolitics (Trump/Hormuz)","1"
"5389","2","Arrests, Bribery & Corruption (CIABOC)","1"
"5390","0","Cricket","1"
"5391","5","Iran War & Geopolitics (Trump/Hormuz)","1"
"5392","6","Transport & Railways","1"
"5393","20","Fuel Quota & QR System","1"
"5394","1","General Sri Lanka News (Cyclone Ditwah relief, Rupee, Tourism)","1"
"5395","6","Transport & Railways","1"
"5396","1","General Sri Lanka News (Cyclone Ditwah relief, Rupee, Tourism)","1"
"5397","5","Iran War & Geopolitics (Trump/Hormuz)","1"
"5398","5","Iran War & Geopolitics (Trump/Hormuz)","1"
"5399","0","Cricket","1"
"5400","6","Transport & Railways","1"
"5401","5","Iran War & Geopolitics (Trump/Hormuz)","1"
"5402","2","Arrests, Bribery & Corruption (CIABOC)","1"
"5403","5","Iran War & Geopolitics (Trump/Hormuz)","1"
"5404","5","Iran War & Geopolitics (Trump/Hormuz)","1"
"5405","1","General Sri Lanka News (Cyclone Ditwah relief, Rupee, Tourism)","1"
"5406","1","General Sri Lanka News (Cyclone Ditwah relief, Rupee, Tourism)","1"
"5407","14","US/China Trade & Tariffs","1"
"5408","5","Iran War & Geopolitics (Trump/Hormuz)","1"
"5409","5","Iran War & Geopolitics (Trump/Hormuz)","1"
"5410","8","Electricity Tariffs & CEB","1"
"5411","2","Arrests, Bribery & Corruption (CIABOC)","1"
"5412","0","Cricket","1"
"5413","4","Weather & Flood Warnings","1"
"5414","15","Public Holidays & Special Traffic Plans","1"
"5415","1","General Sri Lanka News (Cyclone Ditwah relief, Rupee, Tourism)","1"
"5416","5","Iran War & Geopolitics (Trump/Hormuz)","1"
"5417","3","Violence, Shootings & Fatal Accidents","1"
"5418","14","US/China Trade & Tariffs","1"
"5419","2","Arrests, Bribery & Corruption (CIABOC)","1"
"5420","1","General Sri Lanka News (Cyclone Ditwah relief, Rupee, Tourism)","1"
"5421","2","Arrests, Bribery & Corruption (CIABOC)","1"
"5422","1","General Sri Lanka News (Cyclone Ditwah relief, Rupee, Tourism)","1"
"5423","2","Arrests, Bribery & Corruption (CIABOC)","1"
"5424","3","Violence, Shootings & Fatal Accidents","1"
"5425","0","Cricket","1"
"5426","5","Iran War & Geopolitics (Trump/Hormuz)","1"
"5427","2","Arrests, Bribery & Corruption (CIABOC)","1"
"5428","0","Cricket","1"
"5429","1","General Sri Lanka News (Cyclone Ditwah relief, Rupee, Tourism)","1"
"5430","1","General Sri Lanka News (Cyclone Ditwah relief, Rupee, Tourism)","1"
"5431","0","Cricket","1"
"5432","1","General Sri Lanka News (Cyclone Ditwah relief, Rupee, Tourism)","1"
"5433","0","Cricket","1"
"5434","5","Iran War & Geopolitics (Trump/Hormuz)","1"
"5435","3","Violence, Shootings & Fatal Accidents","1"
"5436","9","Fuel & Oil Prices (CPC)","1"
"5437","9","Fuel & Oil Prices (CPC)","1"
"5438","9","Fuel & Oil Prices (CPC)","1"
"5439","0","Cricket","1"
"5440","9","Fuel & Oil Prices (CPC)","1"
"5441","1","General Sri Lanka News (Cyclone Ditwah relief, Rupee, Tourism)","1"
"5442","5","Iran War & Geopolitics (Trump/Hormuz)","1"
"5443","1","General Sri Lanka News (Cyclone Ditwah relief, Rupee, Tourism)","1"
"5444","5","Iran War & Geopolitics (Trump/Hormuz)","1"
"5445","5","Iran War & Geopolitics (Trump/Hormuz)","1"
"5446","9","Fuel & Oil Prices (CPC)","1"
"5447","9","Fuel & Oil Prices (CPC)","1"
"5448","18","Easter Sunday Attacks (Retrospective/Legal)","1"
"5449","16","Stock Market (CSE)","1"
"5450","2","Arrests, Bribery & Corruption (CIABOC)","1"
"5451","17","Healthcare Worker Strikes (GMOA)","1"
"5452","0","Cricket","1"
"5453","12","Consumer Prices & Food (Rice/CAA)","1"
"5454","12","Consumer Prices & Food (Rice/CAA)","1"
"5455","3","Violence, Shootings & Fatal Accidents","1"
"5456","0","Cricket","1"
"5457","2","Arrests, Bribery & Corruption (CIABOC)","1"
"5458","2","Arrests, Bribery & Corruption (CIABOC)","1"
"5459","3","Violence, Shootings & Fatal Accidents","1"
"5460","0","Cricket","1"
"5461","3","Violence, Shootings & Fatal Accidents","1"
"5462","1","General Sri Lanka News (Cyclone Ditwah relief, Rupee, Tourism)","1"
"5463","1","General Sri Lanka News (Cyclone Ditwah relief, Rupee, Tourism)","1"
"5464","2","Arrests, Bribery & Corruption (CIABOC)","1"
"5465","14","US/China Trade & Tariffs","1"
"5466","7","Health & Dengue","1"
"5467","0","Cricket","1"
"5468","5","Iran War & Geopolitics (Trump/Hormuz)","1"
"5469","13","Media, Online Safety & News Digests","1"
"5470","0","Cricket","1"
"5471","2","Arrests, Bribery & Corruption (CIABOC)","1"
"5472","12","Consumer Prices & Food (Rice/CAA)","1"
"5473","1","General Sri Lanka News (Cyclone Ditwah relief, Rupee, Tourism)","1"
"5474","2","Arrests, Bribery & Corruption (CIABOC)","1"
"5475","4","Weather & Flood Warnings","1"
"5476","1","General Sri Lanka News (Cyclone Ditwah relief, Rupee, Tourism)","1"
"5477","4","Weather & Flood Warnings","1"
"5478","9","Fuel & Oil Prices (CPC)","1"
"5479","13","Media, Online Safety & News Digests","1"
"5480","2","Arrests, Bribery & Corruption (CIABOC)","1"
"5481","2","Arrests, Bribery & Corruption (CIABOC)","1"
"5482","2","Arrests, Bribery & Corruption (CIABOC)","1"
"5483","19","NASA & Space (Artemis)","1"
"5484","7","Health & Dengue","1"
"5485","18","Easter Sunday Attacks (Retrospective/Legal)","1"
"5486","9","Fuel & Oil Prices (CPC)","1"
"5487","5","Iran War & Geopolitics (Trump/Hormuz)","1"
"5488","8","Electricity Tariffs & CEB","1"
"5489","1","General Sri Lanka News (Cyclone Ditwah relief, Rupee, Tourism)","1"
"5490","1","General Sri Lanka News (Cyclone Ditwah relief, Rupee, Tourism)","1"
"5491","9","Fuel & Oil Prices (CPC)","1"
"5492","5","Iran War & Geopolitics (Trump/Hormuz)","1"
"5493","8","Electricity Tariffs & CEB","1"
"5494","1","General Sri Lanka News (Cyclone Ditwah relief, Rupee, Tourism)","1"
"5495","16","Stock Market (CSE)","1"
"5496","2","Arrests, Bribery & Corruption (CIABOC)","1"
"5497","0","Cricket","1"
"5498","5","Iran War & Geopolitics (Trump/Hormuz)","1"
"5499","6","Transport & Railways","1"
"5500","0","Cricket","1"
"5501","9","Fuel & Oil Prices (CPC)","1"
"5502","5","Iran War & Geopolitics (Trump/Hormuz)","1"
"5503","0","Cricket","1"
"5504","9","Fuel & Oil Prices (CPC)","1"
"5505","0","Cricket","1"
"5506","17","Healthcare Worker Strikes (GMOA)","1"
"5507","2","Arrests, Bribery & Corruption (CIABOC)","1"
"5508","1","General Sri Lanka News (Cyclone Ditwah relief, Rupee, Tourism)","1"
"5509","1","General Sri Lanka News (Cyclone Ditwah relief, Rupee, Tourism)","1"
"5510","2","Arrests, Bribery & Corruption (CIABOC)","1"
"5511","3","Violence, Shootings & Fatal Accidents","1"
"5512","1","General Sri Lanka News (Cyclone Ditwah relief, Rupee, Tourism)","1"
"5513","9","Fuel & Oil Prices (CPC)","1"
"5514","0","Cricket","1"
"5515","6","Transport & Railways","1"
"5516","0","Cricket","1"
"5517","10","Education & Examinations","1"
"5518","5","Iran War & Geopolitics (Trump/Hormuz)","1"
"5519","5","Iran War & Geopolitics (Trump/Hormuz)","1"
"5520","0","Cricket","1"
"5521","5","Iran War & Geopolitics (Trump/Hormuz)","1"
"5522","9","Fuel & Oil Prices (CPC)","1"
"5523","2","Arrests, Bribery & Corruption (CIABOC)","1"
"5524","9","Fuel & Oil Prices (CPC)","1"
"5525","6","Transport & Railways","1"
"5526","9","Fuel & Oil Prices (CPC)","1"
"5527","1","General Sri Lanka News (Cyclone Ditwah relief, Rupee, Tourism)","1"
"5528","5","Iran War & Geopolitics (Trump/Hormuz)","1"
"5529","1","General Sri Lanka News (Cyclone Ditwah relief, Rupee, Tourism)","1"
"5530","1","General Sri Lanka News (Cyclone Ditwah relief, Rupee, Tourism)","1"
"5531","1","General Sri Lanka News (Cyclone Ditwah relief, Rupee, Tourism)","1"
"5532","1","General Sri Lanka News (Cyclone Ditwah relief, Rupee, Tourism)","1"
"5533","16","Stock Market (CSE)","1"
"5534","9","Fuel & Oil Prices (CPC)","1"
"5535","1","General Sri Lanka News (Cyclone Ditwah relief, Rupee, Tourism)","1"
"5536","8","Electricity Tariffs & CEB","1"
"5537","8","Electricity Tariffs & CEB","1"
"5538","2","Arrests, Bribery & Corruption (CIABOC)","1"
"5539","8","Electricity Tariffs & CEB","1"
"5540","0","Cricket","1"
"5541","0","Cricket","1"
"5542","16","Stock Market (CSE)","1"
"5543","5","Iran War & Geopolitics (Trump/Hormuz)","1"
"5544","17","Healthcare Worker Strikes (GMOA)","1"
"5545","5","Iran War & Geopolitics (Trump/Hormuz)","1"
"5546","1","General Sri Lanka News (Cyclone Ditwah relief, Rupee, Tourism)","1"
"5547","1","General Sri Lanka News (Cyclone Ditwah relief, Rupee, Tourism)","1"
"5548","13","Media, Online Safety & News Digests","1"
"5549","2","Arrests, Bribery & Corruption (CIABOC)","1"
"5550","11","Wildlife & Human-Elephant Conflict","1"
"5551","2","Arrests, Bribery & Corruption (CIABOC)","1"
"5552","10","Education & Examinations","1"
"5553","9","Fuel & Oil Prices (CPC)","1"
"5554","1","General Sri Lanka News (Cyclone Ditwah relief, Rupee, Tourism)","1"
"5555","4","Weather & Flood Warnings","1"
"5556","9","Fuel & Oil Prices (CPC)","1"
"5557","9","Fuel & Oil Prices (CPC)","1"
"5558","0","Cricket","1"
"5559","1","General Sri Lanka News (Cyclone Ditwah relief, Rupee, Tourism)","1"
"5560","1","General Sri Lanka News (Cyclone Ditwah relief, Rupee, Tourism)","1"
"5561","5","Iran War & Geopolitics (Trump/Hormuz)","1"
"5562","1","General Sri Lanka News (Cyclone Ditwah relief, Rupee, Tourism)","1"
"5563","1","General Sri Lanka News (Cyclone Ditwah relief, Rupee, Tourism)","1"
"5564","1","General Sri Lanka News (Cyclone Ditwah relief, Rupee, Tourism)","1"
"5565","10","Education & Examinations","1"
"5566","1","General Sri Lanka News (Cyclone Ditwah relief, Rupee, Tourism)","1"
"5567","1","General Sri Lanka News (Cyclone Ditwah relief, Rupee, Tourism)","1"
"5568","9","Fuel & Oil Prices (CPC)","1"
"5569","5","Iran War & Geopolitics (Trump/Hormuz)","1"
"5570","9","Fuel & Oil Prices (CPC)","1"
"5571","8","Electricity Tariffs & CEB","1"
"5572","1","General Sri Lanka News (Cyclone Ditwah relief, Rupee, Tourism)","1"
"5573","8","Electricity Tariffs & CEB","1"
"5574","1","General Sri Lanka News (Cyclone Ditwah relief, Rupee, Tourism)","1"
"5575","1","General Sri Lanka News (Cyclone Ditwah relief, Rupee, Tourism)","1"
"5576","1","General Sri Lanka News (Cyclone Ditwah relief, Rupee, Tourism)","1"
"5577","0","Cricket","1"
"5578","0","Cricket","1"
"5579","0","Cricket","1"
"5580","0","Cricket","1"
"5581","9","Fuel & Oil Prices (CPC)","1"
"5582","5","Iran War & Geopolitics (Trump/Hormuz)","1"
"5583","1","General Sri Lanka News (Cyclone Ditwah relief, Rupee, Tourism)","1"
"5584","1","General Sri Lanka News (Cyclone Ditwah relief, Rupee, Tourism)","1"
"5585","11","Wildlife & Human-Elephant Conflict","1"
"5586","6","Transport & Railways","1"
"5587","8","Electricity Tariffs & CEB","1"
"5588","1","General Sri Lanka News (Cyclone Ditwah relief, Rupee, Tourism)","1"
"5589","1","General Sri Lanka News (Cyclone Ditwah relief, Rupee, Tourism)","1"
"5590","3","Violence, Shootings & Fatal Accidents","1"
"5591","5","Iran War & Geopolitics (Trump/Hormuz)","1"
"5592","5","Iran War & Geopolitics (Trump/Hormuz)","1"
"5593","1","General Sri Lanka News (Cyclone Ditwah relief, Rupee, Tourism)","1"
"5594","5","Iran War & Geopolitics (Trump/Hormuz)","1"
"5595","2","Arrests, Bribery & Corruption (CIABOC)","1"
"5596","3","Violence, Shootings & Fatal Accidents","1"
"5597","0","Cricket","1"
"5598","9","Fuel & Oil Prices (CPC)","1"
"5599","5","Iran War & Geopolitics (Trump/Hormuz)","1"
"5600","5","Iran War & Geopolitics (Trump/Hormuz)","1"
"5601","8","Electricity Tariffs & CEB","1"
"5602","4","Weather & Flood Warnings","1"
"5603","18","Easter Sunday Attacks (Retrospective/Legal)","1"
"5604","1","General Sri Lanka News (Cyclone Ditwah relief, Rupee, Tourism)","1"
"5605","1","General Sri Lanka News (Cyclone Ditwah relief, Rupee, Tourism)","1"
"5606","5","Iran War & Geopolitics (Trump/Hormuz)","1"
"5607","4","Weather & Flood Warnings","1"
"5608","5","Iran War & Geopolitics (Trump/Hormuz)","1"
"5609","1","General Sri Lanka News (Cyclone Ditwah relief, Rupee, Tourism)","1"
"5610","3","Violence, Shootings & Fatal Accidents","1"
"5611","9","Fuel & Oil Prices (CPC)","1"
"5612","7","Health & Dengue","1"
"5613","2","Arrests, Bribery & Corruption (CIABOC)","1"
"5614","1","General Sri Lanka News (Cyclone Ditwah relief, Rupee, Tourism)","1"
"5615","8","Electricity Tariffs & CEB","1"
"5616","5","Iran War & Geopolitics (Trump/Hormuz)","1"
"5617","1","General Sri Lanka News (Cyclone Ditwah relief, Rupee, Tourism)","1"
"5618","1","General Sri Lanka News (Cyclone Ditwah relief, Rupee, Tourism)","1"
"5619","1","General Sri Lanka News (Cyclone Ditwah relief, Rupee, Tourism)","1"
"5620","1","General Sri Lanka News (Cyclone Ditwah relief, Rupee, Tourism)","1"
"5621","1","General Sri Lanka News (Cyclone Ditwah relief, Rupee, Tourism)","1"
"5622","16","Stock Market (CSE)","1"
"5623","0","Cricket","1"
"5624","1","General Sri Lanka News (Cyclone Ditwah relief, Rupee, Tourism)","1"
"5625","5","Iran War & Geopolitics (Trump/Hormuz)","1"
"5626","0","Cricket","1"
"5627","0","Cricket","1"
"5628","5","Iran War & Geopolitics (Trump/Hormuz)","1"
"5629","2","Arrests, Bribery & Corruption (CIABOC)","1"
"5630","9","Fuel & Oil Prices (CPC)","1"
"5631","4","Weather & Flood Warnings","1"
"5632","9","Fuel & Oil Prices (CPC)","1"
"5633","1","General Sri Lanka News (Cyclone Ditwah relief, Rupee, Tourism)","1"
"5634","0","Cricket","1"
"5635","1","General Sri Lanka News (Cyclone Ditwah relief, Rupee, Tourism)","1"
"5636","2","Arrests, Bribery & Corruption (CIABOC)","1"
"5637","9","Fuel & Oil Prices (CPC)","1"
"5638","1","General Sri Lanka News (Cyclone Ditwah relief, Rupee, Tourism)","1"
"5639","17","Healthcare Worker Strikes (GMOA)","1"
"5640","1","General Sri Lanka News (Cyclone Ditwah relief, Rupee, Tourism)","1"
"5641","13","Media, Online Safety & News Digests","1"
"5642","1","General Sri Lanka News (Cyclone Ditwah relief, Rupee, Tourism)","1"
"5643","3","Violence, Shootings & Fatal Accidents","1"
"5644","10","Education & Examinations","1"
"5645","1","General Sri Lanka News (Cyclone Ditwah relief, Rupee, Tourism)","1"
"5646","1","General Sri Lanka News (Cyclone Ditwah relief, Rupee, Tourism)","1"
"5647","0","Cricket","1"
"5648","8","Electricity Tariffs & CEB","1"
"5649","5","Iran War & Geopolitics (Trump/Hormuz)","1"
"5650","5","Iran War & Geopolitics (Trump/Hormuz)","1"
"5651","5","Iran War & Geopolitics (Trump/Hormuz)","1"
"5652","5","Iran War & Geopolitics (Trump/Hormuz)","1"
"5653","3","Violence, Shootings & Fatal Accidents","1"
"5654","11","Wildlife & Human-Elephant Conflict","1"
"5655","1","General Sri Lanka News (Cyclone Ditwah relief, Rupee, Tourism)","1"
"5656","7","Health & Dengue","1"
"5657","9","Fuel & Oil Prices (CPC)","1"
"5658","1","General Sri Lanka News (Cyclone Ditwah relief, Rupee, Tourism)","1"
"5659","5","Iran War & Geopolitics (Trump/Hormuz)","1"
"5660","4","Weather & Flood Warnings","1"
"5661","12","Consumer Prices & Food (Rice/CAA)","1"
"5662","1","General Sri Lanka News (Cyclone Ditwah relief, Rupee, Tourism)","1"
"5663","2","Arrests, Bribery & Corruption (CIABOC)","1"
"5664","1","General Sri Lanka News (Cyclone Ditwah relief, Rupee, Tourism)","1"
"5665","1","General Sri Lanka News (Cyclone Ditwah relief, Rupee, Tourism)","1"
"5666","1","General Sri Lanka News (Cyclone Ditwah relief, Rupee, Tourism)","1"
"5667","16","Stock Market (CSE)","1"
"5668","1","General Sri Lanka News (Cyclone Ditwah relief, Rupee, Tourism)","1"
"5669","0","Cricket","1"
"5670","1","General Sri Lanka News (Cyclone Ditwah relief, Rupee, Tourism)","1"
"5671","10","Education & Examinations","1"
"5672","0","Cricket","1"
"5673","16","Stock Market (CSE)","1"
"5674","5","Iran War & Geopolitics (Trump/Hormuz)","1"
"5675","2","Arrests, Bribery & Corruption (CIABOC)","1"
"5676","18","Easter Sunday Attacks (Retrospective/Legal)","1"
"5677","5","Iran War & Geopolitics (Trump/Hormuz)","1"
"5678","4","Weather & Flood Warnings","1"
"5679","5","Iran War & Geopolitics (Trump/Hormuz)","1"
"5680","5","Iran War & Geopolitics (Trump/Hormuz)","1"
"5681","5","Iran War & Geopolitics (Trump/Hormuz)","1"
"5682","1","General Sri Lanka News (Cyclone Ditwah relief, Rupee, Tourism)","1"
"5683","1","General Sri Lanka News (Cyclone Ditwah relief, Rupee, Tourism)","1"
"5684","2","Arrests, Bribery & Corruption (CIABOC)","1"
"5685","1","General Sri Lanka News (Cyclone Ditwah relief, Rupee, Tourism)","1"
"5686","1","General Sri Lanka News (Cyclone Ditwah relief, Rupee, Tourism)","1"
"5687","1","General Sri Lanka News (Cyclone Ditwah relief, Rupee, Tourism)","1"
"5688","1","General Sri Lanka News (Cyclone Ditwah relief, Rupee, Tourism)","1"
"5689","1","General Sri Lanka News (Cyclone Ditwah relief, Rupee, Tourism)","1"
"5690","0","Cricket","1"
"5691","1","General Sri Lanka News (Cyclone Ditwah relief, Rupee, Tourism)","1"
"5692","1","General Sri Lanka News (Cyclone Ditwah relief, Rupee, Tourism)","1"
"5693","8","Electricity Tariffs & CEB","1"
"5694","8","Electricity Tariffs & CEB","1"
"5695","12","Consumer Prices & Food (Rice/CAA)","1"
"5696","1","General Sri Lanka News (Cyclone Ditwah relief, Rupee, Tourism)","1"
"5697","5","Iran War & Geopolitics (Trump/Hormuz)","1"
"5698","1","General Sri Lanka News (Cyclone Ditwah relief, Rupee, Tourism)","1"
"5699","5","Iran War & Geopolitics (Trump/Hormuz)","1"
"5700","2","Arrests, Bribery & Corruption (CIABOC)","1"
"5701","1","General Sri Lanka News (Cyclone Ditwah relief, Rupee, Tourism)","1"
"5702","8","Electricity Tariffs & CEB","1"
"5703","1","General Sri Lanka News (Cyclone Ditwah relief, Rupee, Tourism)","1"
"5704","1","General Sri Lanka News (Cyclone Ditwah relief, Rupee, Tourism)","1"
"5705","2","Arrests, Bribery & Corruption (CIABOC)","1"
"5706","0","Cricket","1"
"5707","7","Health & Dengue","1"
"5708","2","Arrests, Bribery & Corruption (CIABOC)","1"
"5709","1","General Sri Lanka News (Cyclone Ditwah relief, Rupee, Tourism)","1"
"5710","8","Electricity Tariffs & CEB","1"
"5711","5","Iran War & Geopolitics (Trump/Hormuz)","1"
"5712","1","General Sri Lanka News (Cyclone Ditwah relief, Rupee, Tourism)","1"
"5713","0","Cricket","1"
"5714","0","Cricket","1"
"5715","1","General Sri Lanka News (Cyclone Ditwah relief, Rupee, Tourism)","1"
"5716","2","Arrests, Bribery & Corruption (CIABOC)","1"
"5717","3","Violence, Shootings & Fatal Accidents","1"
"5718","1","General Sri Lanka News (Cyclone Ditwah relief, Rupee, Tourism)","1"
"5719","5","Iran War & Geopolitics (Trump/Hormuz)","1"
"5720","5","Iran War & Geopolitics (Trump/Hormuz)","1"
"5721","5","Iran War & Geopolitics (Trump/Hormuz)","1"
"5722","1","General Sri Lanka News (Cyclone Ditwah relief, Rupee, Tourism)","1"
"5723","1","General Sri Lanka News (Cyclone Ditwah relief, Rupee, Tourism)","1"
"5724","11","Wildlife & Human-Elephant Conflict","1"
"5725","1","General Sri Lanka News (Cyclone Ditwah relief, Rupee, Tourism)","1"
"5726","1","General Sri Lanka News (Cyclone Ditwah relief, Rupee, Tourism)","1"
"5727","8","Electricity Tariffs & CEB","1"
"5728","5","Iran War & Geopolitics (Trump/Hormuz)","1"
"5729","3","Violence, Shootings & Fatal Accidents","1"
"5730","6","Transport & Railways","1"
"5731","11","Wildlife & Human-Elephant Conflict","1"
"5732","12","Consumer Prices & Food (Rice/CAA)","1"
"5733","1","General Sri Lanka News (Cyclone Ditwah relief, Rupee, Tourism)","1"
"5734","1","General Sri Lanka News (Cyclone Ditwah relief, Rupee, Tourism)","1"
"5735","1","General Sri Lanka News (Cyclone Ditwah relief, Rupee, Tourism)","1"
"5736","3","Violence, Shootings & Fatal Accidents","1"
"5737","5","Iran War & Geopolitics (Trump/Hormuz)","1"
"5738","1","General Sri Lanka News (Cyclone Ditwah relief, Rupee, Tourism)","1"
"5739","0","Cricket","1"
"5740","0","Cricket","1"
"5741","7","Health & Dengue","1"
"5742","1","General Sri Lanka News (Cyclone Ditwah relief, Rupee, Tourism)","1"
"5743","1","General Sri Lanka News (Cyclone Ditwah relief, Rupee, Tourism)","1"
"5744","1","General Sri Lanka News (Cyclone Ditwah relief, Rupee, Tourism)","1"
"5745","1","General Sri Lanka News (Cyclone Ditwah relief, Rupee, Tourism)","1"
"5746","5","Iran War & Geopolitics (Trump/Hormuz)","1"
"5747","7","Health & Dengue","1"
"5748","1","General Sri Lanka News (Cyclone Ditwah relief, Rupee, Tourism)","1"
"5749","0","Cricket","1"
"5750","0","Cricket","1"
"5751","5","Iran War & Geopolitics (Trump/Hormuz)","1"
"5752","3","Violence, Shootings & Fatal Accidents","1"
"5753","16","Stock Market (CSE)","1"
"5754","2","Arrests, Bribery & Corruption (CIABOC)","1"
"5755","0","Cricket","1"
"5756","1","General Sri Lanka News (Cyclone Ditwah relief, Rupee, Tourism)","1"
"5757","17","Healthcare Worker Strikes (GMOA)","1"
"5758","0","Cricket","1"
"5759","1","General Sri Lanka News (Cyclone Ditwah relief, Rupee, Tourism)","1"
"5760","5","Iran War & Geopolitics (Trump/Hormuz)","1"
"5761","1","General Sri Lanka News (Cyclone Ditwah relief, Rupee, Tourism)","1"
"5762","2","Arrests, Bribery & Corruption (CIABOC)","1"
"5763","13","Media, Online Safety & News Digests","1"
"5764","9","Fuel & Oil Prices (CPC)","1"
"5765","3","Violence, Shootings & Fatal Accidents","1"
"5766","5","Iran War & Geopolitics (Trump/Hormuz)","1"
"5767","5","Iran War & Geopolitics (Trump/Hormuz)","1"
"5768","1","General Sri Lanka News (Cyclone Ditwah relief, Rupee, Tourism)","1"
"5769","7","Health & Dengue","1"
"5770","0","Cricket","1"
"5771","0","Cricket","1"
"5772","7","Health & Dengue","1"
"5773","0","Cricket","1"
"5774","9","Fuel & Oil Prices (CPC)","1"
"5775","1","General Sri Lanka News (Cyclone Ditwah relief, Rupee, Tourism)","1"
"5776","1","General Sri Lanka News (Cyclone Ditwah relief, Rupee, Tourism)","1"
"5777","3","Violence, Shootings & Fatal Accidents","1"
"5778","20","Fuel Quota & QR System","1"
"5779","1","General Sri Lanka News (Cyclone Ditwah relief, Rupee, Tourism)","1"
"5780","0","Cricket","1"
"5781","1","General Sri Lanka News (Cyclone Ditwah relief, Rupee, Tourism)","1"
"5782","12","Consumer Prices & Food (Rice/CAA)","1"
"5783","1","General Sri Lanka News (Cyclone Ditwah relief, Rupee, Tourism)","1"
"5784","17","Healthcare Worker Strikes (GMOA)","1"
"5785","9","Fuel & Oil Prices (CPC)","1"
"5786","9","Fuel & Oil Prices (CPC)","1"
"5787","1","General Sri Lanka News (Cyclone Ditwah relief, Rupee, Tourism)","1"
"5788","0","Cricket","1"
"5789","5","Iran War & Geopolitics (Trump/Hormuz)","1"
"5790","3","Violence, Shootings & Fatal Accidents","1"
"5791","5","Iran War & Geopolitics (Trump/Hormuz)","1"
"5792","9","Fuel & Oil Prices (CPC)","1"
"5793","5","Iran War & Geopolitics (Trump/Hormuz)","1"
"5794","9","Fuel & Oil Prices (CPC)","1"
"5795","9","Fuel & Oil Prices (CPC)","1"
"5796","3","Violence, Shootings & Fatal Accidents","1"
"5797","1","General Sri Lanka News (Cyclone Ditwah relief, Rupee, Tourism)","1"
"5798","9","Fuel & Oil Prices (CPC)","1"
"5799","5","Iran War & Geopolitics (Trump/Hormuz)","1"
"5800","8","Electricity Tariffs & CEB","1"
"5801","5","Iran War & Geopolitics (Trump/Hormuz)","1"
"5802","3","Violence, Shootings & Fatal Accidents","1"
"5803","4","Weather & Flood Warnings","1"
"5804","5","Iran War & Geopolitics (Trump/Hormuz)","1"
"5805","1","General Sri Lanka News (Cyclone Ditwah relief, Rupee, Tourism)","1"
"5806","9","Fuel & Oil Prices (CPC)","1"
"5807","0","Cricket","1"
"5808","7","Health & Dengue","1"
"5809","20","Fuel Quota & QR System","1"
"5810","17","Healthcare Worker Strikes (GMOA)","1"
"5811","5","Iran War & Geopolitics (Trump/Hormuz)","1"
"5812","5","Iran War & Geopolitics (Trump/Hormuz)","1"
"5813","5","Iran War & Geopolitics (Trump/Hormuz)","1"
"5814","9","Fuel & Oil Prices (CPC)","1"
"5815","1","General Sri Lanka News (Cyclone Ditwah relief, Rupee, Tourism)","1"
"5816","1","General Sri Lanka News (Cyclone Ditwah relief, Rupee, Tourism)","1"
"5817","1","General Sri Lanka News (Cyclone Ditwah relief, Rupee, Tourism)","1"
"5818","5","Iran War & Geopolitics (Trump/Hormuz)","1"
"5819","5","Iran War & Geopolitics (Trump/Hormuz)","1"
"5820","5","Iran War & Geopolitics (Trump/Hormuz)","1"
"5821","5","Iran War & Geopolitics (Trump/Hormuz)","1"
"5822","0","Cricket","1"
"5823","3","Violence, Shootings & Fatal Accidents","1"
"5824","1","General Sri Lanka News (Cyclone Ditwah relief, Rupee, Tourism)","1"
"5825","5","Iran War & Geopolitics (Trump/Hormuz)","1"
"5826","5","Iran War & Geopolitics (Trump/Hormuz)","1"
"5827","5","Iran War & Geopolitics (Trump/Hormuz)","1"
"5828","5","Iran War & Geopolitics (Trump/Hormuz)","1"
"5829","0","Cricket","1"
"5830","1","General Sri Lanka News (Cyclone Ditwah relief, Rupee, Tourism)","1"
"5831","5","Iran War & Geopolitics (Trump/Hormuz)","1"
"5832","5","Iran War & Geopolitics (Trump/Hormuz)","1"
"5833","5","Iran War & Geopolitics (Trump/Hormuz)","1"
"5834","9","Fuel & Oil Prices (CPC)","1"
"5835","1","General Sri Lanka News (Cyclone Ditwah relief, Rupee, Tourism)","1"
"5836","5","Iran War & Geopolitics (Trump/Hormuz)","1"
"5837","1","General Sri Lanka News (Cyclone Ditwah relief, Rupee, Tourism)","1"
"5838","1","General Sri Lanka News (Cyclone Ditwah relief, Rupee, Tourism)","1"
"5839","0","Cricket","1"
"5840","5","Iran War & Geopolitics (Trump/Hormuz)","1"
"5841","9","Fuel & Oil Prices (CPC)","1"
"5842","1","General Sri Lanka News (Cyclone Ditwah relief, Rupee, Tourism)","1"
"5843","0","Cricket","1"
"5844","5","Iran War & Geopolitics (Trump/Hormuz)","1"
"5845","5","Iran War & Geopolitics (Trump/Hormuz)","1"
"5846","1","General Sri Lanka News (Cyclone Ditwah relief, Rupee, Tourism)","1"
"5847","1","General Sri Lanka News (Cyclone Ditwah relief, Rupee, Tourism)","1"
"5848","1","General Sri Lanka News (Cyclone Ditwah relief, Rupee, Tourism)","1"
"5849","1","General Sri Lanka News (Cyclone Ditwah relief, Rupee, Tourism)","1"
"5850","1","General Sri Lanka News (Cyclone Ditwah relief, Rupee, Tourism)","1"
"5851","5","Iran War & Geopolitics (Trump/Hormuz)","1"
"5852","1","General Sri Lanka News (Cyclone Ditwah relief, Rupee, Tourism)","1"
"5853","5","Iran War & Geopolitics (Trump/Hormuz)","1"
"5854","2","Arrests, Bribery & Corruption (CIABOC)","1"
"5855","5","Iran War & Geopolitics (Trump/Hormuz)","1"
"5856","1","General Sri Lanka News (Cyclone Ditwah relief, Rupee, Tourism)","1"
"5857","3","Violence, Shootings & Fatal Accidents","1"
"5858","0","Cricket","1"
"5859","2","Arrests, Bribery & Corruption (CIABOC)","1"
"5860","1","General Sri Lanka News (Cyclone Ditwah relief, Rupee, Tourism)","1"
"5861","1","General Sri Lanka News (Cyclone Ditwah relief, Rupee, Tourism)","1"
"5862","9","Fuel & Oil Prices (CPC)","1"
"5863","0","Cricket","1"
"5864","4","Weather & Flood Warnings","1"
"5865","17","Healthcare Worker Strikes (GMOA)","1"
"5866","2","Arrests, Bribery & Corruption (CIABOC)","1"
"5867","14","US/China Trade & Tariffs","1"
"5868","15","Public Holidays & Special Traffic Plans","1"
"5869","15","Public Holidays & Special Traffic Plans","1"
"5870","0","Cricket","1"
"5871","0","Cricket","1"
"5872","10","Education & Examinations","1"
"5873","17","Healthcare Worker Strikes (GMOA)","1"
"5874","1","General Sri Lanka News (Cyclone Ditwah relief, Rupee, Tourism)","1"
"5875","13","Media, Online Safety & News Digests","1"
"5876","1","General Sri Lanka News (Cyclone Ditwah relief, Rupee, Tourism)","1"
"5877","1","General Sri Lanka News (Cyclone Ditwah relief, Rupee, Tourism)","1"
"5878","10","Education & Examinations","1"
"5879","0","Cricket","1"
"5880","3","Violence, Shootings & Fatal Accidents","1"
"5881","7","Health & Dengue","1"
"5882","0","Cricket","1"
"5883","1","General Sri Lanka News (Cyclone Ditwah relief, Rupee, Tourism)","1"
"5884","8","Electricity Tariffs & CEB","1"
"5885","3","Violence, Shootings & Fatal Accidents","1"
"5886","1","General Sri Lanka News (Cyclone Ditwah relief, Rupee, Tourism)","1"
"5887","0","Cricket","1"
"5888","3","Violence, Shootings & Fatal Accidents","1"
"5889","0","Cricket","1"
"5890","0","Cricket","1"
"5891","0","Cricket","1"
"5892","0","Cricket","1"
"5893","2","Arrests, Bribery & Corruption (CIABOC)","1"
"5894","8","Electricity Tariffs & CEB","1"
"5895","10","Education & Examinations","1"
"5896","4","Weather & Flood Warnings","1"
"5897","1","General Sri Lanka News (Cyclone Ditwah relief, Rupee, Tourism)","1"
"5898","8","Electricity Tariffs & CEB","1"
"5899","1","General Sri Lanka News (Cyclone Ditwah relief, Rupee, Tourism)","1"
"5900","0","Cricket","1"
"5901","0","Cricket","1"
"5902","1","General Sri Lanka News (Cyclone Ditwah relief, Rupee, Tourism)","1"
"5903","9","Fuel & Oil Prices (CPC)","1"
"5904","0","Cricket","1"
"5905","2","Arrests, Bribery & Corruption (CIABOC)","1"
"5906","1","General Sri Lanka News (Cyclone Ditwah relief, Rupee, Tourism)","1"
"5907","0","Cricket","1"
"5908","7","Health & Dengue","1"
"5909","1","General Sri Lanka News (Cyclone Ditwah relief, Rupee, Tourism)","1"
"5910","1","General Sri Lanka News (Cyclone Ditwah relief, Rupee, Tourism)","1"
"5911","0","Cricket","1"
"5912","1","General Sri Lanka News (Cyclone Ditwah relief, Rupee, Tourism)","1"
"5913","1","General Sri Lanka News (Cyclone Ditwah relief, Rupee, Tourism)","1"
"5914","3","Violence, Shootings & Fatal Accidents","1"
"5915","8","Electricity Tariffs & CEB","1"
"5916","2","Arrests, Bribery & Corruption (CIABOC)","1"
"5917","3","Violence, Shootings & Fatal Accidents","1"
"5918","0","Cricket","1"
"5919","2","Arrests, Bribery & Corruption (CIABOC)","1"
"5920","8","Electricity Tariffs & CEB","1"
"5921","9","Fuel & Oil Prices (CPC)","1"
"5922","0","Cricket","1"
"5923","0","Cricket","1"
"5924","1","General Sri Lanka News (Cyclone Ditwah relief, Rupee, Tourism)","1"
"5925","1","General Sri Lanka News (Cyclone Ditwah relief, Rupee, Tourism)","1"
"5926","1","General Sri Lanka News (Cyclone Ditwah relief, Rupee, Tourism)","1"
"5927","2","Arrests, Bribery & Corruption (CIABOC)","1"
"5928","17","Healthcare Worker Strikes (GMOA)","1"
"5929","2","Arrests, Bribery & Corruption (CIABOC)","1"
"5930","0","Cricket","1"
"5931","0","Cricket","1"
"5932","0","Cricket","1"
"5933","1","General Sri Lanka News (Cyclone Ditwah relief, Rupee, Tourism)","1"
"5934","15","Public Holidays & Special Traffic Plans","1"
"5935","2","Arrests, Bribery & Corruption (CIABOC)","1"
"5936","2","Arrests, Bribery & Corruption (CIABOC)","1"
"5937","11","Wildlife & Human-Elephant Conflict","1"
"5938","0","Cricket","1"
"5939","0","Cricket","1"
"5940","2","Arrests, Bribery & Corruption (CIABOC)","1"
"5941","15","Public Holidays & Special Traffic Plans","1"
"5942","0","Cricket","1"
"5943","1","General Sri Lanka News (Cyclone Ditwah relief, Rupee, Tourism)","1"
"5944","0","Cricket","1"
"5945","8","Electricity Tariffs & CEB","1"
"5946","1","General Sri Lanka News (Cyclone Ditwah relief, Rupee, Tourism)","1"
"5947","2","Arrests, Bribery & Corruption (CIABOC)","1"
"5948","1","General Sri Lanka News (Cyclone Ditwah relief, Rupee, Tourism)","1"
"5949","22","Liquor Shop Regulations","1"
"5950","2","Arrests, Bribery & Corruption (CIABOC)","1"
"5951","13","Media, Online Safety & News Digests","1"
"5952","2","Arrests, Bribery & Corruption (CIABOC)","1"
"5953","1","General Sri Lanka News (Cyclone Ditwah relief, Rupee, Tourism)","1"
"5954","2","Arrests, Bribery & Corruption (CIABOC)","1"
"5955","0","Cricket","1"
"5956","1","General Sri Lanka News (Cyclone Ditwah relief, Rupee, Tourism)","1"
"5957","14","US/China Trade & Tariffs","1"
"5958","6","Transport & Railways","1"
"5959","1","General Sri Lanka News (Cyclone Ditwah relief, Rupee, Tourism)","1"
"5960","0","Cricket","1"
"5961","3","Violence, Shootings & Fatal Accidents","1"
"5962","0","Cricket","1"
"5963","1","General Sri Lanka News (Cyclone Ditwah relief, Rupee, Tourism)","1"
"5964","0","Cricket","1"
"5965","8","Electricity Tariffs & CEB","1"
"5966","0","Cricket","1"
"5967","2","Arrests, Bribery & Corruption (CIABOC)","1"
"5968","2","Arrests, Bribery & Corruption (CIABOC)","1"
"5969","0","Cricket","1"
"5970","8","Electricity Tariffs & CEB","1"
"5971","0","Cricket","1"
"5972","1","General Sri Lanka News (Cyclone Ditwah relief, Rupee, Tourism)","1"
"5973","14","US/China Trade & Tariffs","1"
"5974","8","Electricity Tariffs & CEB","1"
"5975","17","Healthcare Worker Strikes (GMOA)","1"
"5976","1","General Sri Lanka News (Cyclone Ditwah relief, Rupee, Tourism)","1"
"5977","0","Cricket","1"
"5978","17","Healthcare Worker Strikes (GMOA)","1"
"5979","11","Wildlife & Human-Elephant Conflict","1"
"5980","0","Cricket","1"
"5981","1","General Sri Lanka News (Cyclone Ditwah relief, Rupee, Tourism)","1"
"5982","2","Arrests, Bribery & Corruption (CIABOC)","1"
"5983","0","Cricket","1"
"5984","1","General Sri Lanka News (Cyclone Ditwah relief, Rupee, Tourism)","1"
"5985","7","Health & Dengue","1"
"5986","8","Electricity Tariffs & CEB","1"
"5987","6","Transport & Railways","1"
"5988","7","Health & Dengue","1"
"5989","15","Public Holidays & Special Traffic Plans","1"
"5990","3","Violence, Shootings & Fatal Accidents","1"
"5991","0","Cricket","1"
"5992","13","Media, Online Safety & News Digests","1"
"5993","0","Cricket","1"
"5994","1","General Sri Lanka News (Cyclone Ditwah relief, Rupee, Tourism)","1"
"5995","2","Arrests, Bribery & Corruption (CIABOC)","1"
"5996","0","Cricket","1"
"5997","14","US/China Trade & Tariffs","1"
"5998","0","Cricket","1"
"5999","9","Fuel & Oil Prices (CPC)","1"
"6000","1","General Sri Lanka News (Cyclone Ditwah relief, Rupee, Tourism)","1"
"6001","10","Education & Examinations","1"
"6002","6","Transport & Railways","1"
"6003","17","Healthcare Worker Strikes (GMOA)","1"
"6004","4","Weather & Flood Warnings","1"
"6005","1","General Sri Lanka News (Cyclone Ditwah relief, Rupee, Tourism)","1"
"6006","10","Education & Examinations","1"
"6007","15","Public Holidays & Special Traffic Plans","1"
"6008","9","Fuel & Oil Prices (CPC)","1"
"6009","8","Electricity Tariffs & CEB","1"
"6010","10","Education & Examinations","1"
"6011","0","Cricket","1"
"6012","1","General Sri Lanka News (Cyclone Ditwah relief, Rupee, Tourism)","1"
"6013","14","US/China Trade & Tariffs","1"
"6014","10","Education & Examinations","1"
"6015","1","General Sri Lanka News (Cyclone Ditwah relief, Rupee, Tourism)","1"
"6016","15","Public Holidays & Special Traffic Plans","1"
"6017","0","Cricket","1"
"6018","0","Cricket","1"
"6019","3","Violence, Shootings & Fatal Accidents","1"
"6020","14","US/China Trade & Tariffs","1"
"6021","6","Transport & Railways","1"
"6022","0","Cricket","1"
"6023","0","Cricket","1"
"6024","3","Violence, Shootings & Fatal Accidents","1"
"6025","2","Arrests, Bribery & Corruption (CIABOC)","1"
"6026","12","Consumer Prices & Food (Rice/CAA)","1"
"6027","7","Health & Dengue","1"
"6028","8","Electricity Tariffs & CEB","1"
"6029","0","Cricket","1"
"6030","17","Healthcare Worker Strikes (GMOA)","1"
"6031","0","Cricket","1"
"6032","0","Cricket","1"
"6033","2","Arrests, Bribery & Corruption (CIABOC)","1"
"6034","9","Fuel & Oil Prices (CPC)","1"
"6035","4","Weather & Flood Warnings","1"
"6036","4","Weather & Flood Warnings","1"
"6037","0","Cricket","1"
"6038","14","US/China Trade & Tariffs","1"
"6039","1","General Sri Lanka News (Cyclone Ditwah relief, Rupee, Tourism)","1"
"6040","1","General Sri Lanka News (Cyclone Ditwah relief, Rupee, Tourism)","1"
"6041","3","Violence, Shootings & Fatal Accidents","1"
"6042","0","Cricket","1"
"6043","0","Cricket","1"
"6044","3","Violence, Shootings & Fatal Accidents","1"
"6045","10","Education & Examinations","1"
"6046","1","General Sri Lanka News (Cyclone Ditwah relief, Rupee, Tourism)","1"
"6047","6","Transport & Railways","1"
"6048","0","Cricket","1"
"6049","3","Violence, Shootings & Fatal Accidents","1"
"6050","14","US/China Trade & Tariffs","1"
"6051","3","Violence, Shootings & Fatal Accidents","1"
"6052","4","Weather & Flood Warnings","1"
"6053","6","Transport & Railways","1"
"6054","4","Weather & Flood Warnings","1"
"6055","4","Weather & Flood Warnings","1"
"6056","4","Weather & Flood Warnings","1"
"6057","2","Arrests, Bribery & Corruption (CIABOC)","1"
"6058","11","Wildlife & Human-Elephant Conflict","1"
"6059","0","Cricket","1"
"6060","8","Electricity Tariffs & CEB","1"
"6061","1","General Sri Lanka News (Cyclone Ditwah relief, Rupee, Tourism)","1"
"6062","4","Weather & Flood Warnings","1"
"6063","7","Health & Dengue","1"
"6064","1","General Sri Lanka News (Cyclone Ditwah relief, Rupee, Tourism)","1"
"6065","0","Cricket","1"
"6066","17","Healthcare Worker Strikes (GMOA)","1"
"6067","3","Violence, Shootings & Fatal Accidents","1"
"6068","6","Transport & Railways","1"
"6069","2","Arrests, Bribery & Corruption (CIABOC)","1"
"6070","2","Arrests, Bribery & Corruption (CIABOC)","1"
"6071","19","NASA & Space (Artemis)","1"
"6072","0","Cricket","1"
"6073","0","Cricket","1"
"6074","2","Arrests, Bribery & Corruption (CIABOC)","1"
"6075","2","Arrests, Bribery & Corruption (CIABOC)","1"
"6076","4","Weather & Flood Warnings","1"
"6077","14","US/China Trade & Tariffs","1"
"6078","14","US/China Trade & Tariffs","1"
"6079","8","Electricity Tariffs & CEB","1"
"6080","14","US/China Trade & Tariffs","1"
"6081","0","Cricket","1"
"6082","0","Cricket","1"
"6083","0","Cricket","1"
"6084","1","General Sri Lanka News (Cyclone Ditwah relief, Rupee, Tourism)","1"
"6085","9","Fuel & Oil Prices (CPC)","1"
"6086","0","Cricket","1"
"6087","2","Arrests, Bribery & Corruption (CIABOC)","1"
"6088","11","Wildlife & Human-Elephant Conflict","1"
"6089","2","Arrests, Bribery & Corruption (CIABOC)","1"
"6090","2","Arrests, Bribery & Corruption (CIABOC)","1"
"6091","0","Cricket","1"
"6092","14","US/China Trade & Tariffs","1"
"6093","0","Cricket","1"
"6094","2","Arrests, Bribery & Corruption (CIABOC)","1"
"6095","2","Arrests, Bribery & Corruption (CIABOC)","1"
"6096","21","AI & Digital Education","1"
"6097","0","Cricket","1"
"6098","7","Health & Dengue","1"
"6099","2","Arrests, Bribery & Corruption (CIABOC)","1"
"6100","12","Consumer Prices & Food (Rice/CAA)","1"
"6101","8","Electricity Tariffs & CEB","1"
"6102","0","Cricket","1"
"6103","2","Arrests, Bribery & Corruption (CIABOC)","1"
"6104","0","Cricket","1"
"6105","0","Cricket","1"
"6106","0","Cricket","1"
"6107","14","US/China Trade & Tariffs","1"
"6108","1","General Sri Lanka News (Cyclone Ditwah relief, Rupee, Tourism)","1"
"6109","1","General Sri Lanka News (Cyclone Ditwah relief, Rupee, Tourism)","1"
"6110","1","General Sri Lanka News (Cyclone Ditwah relief, Rupee, Tourism)","1"
"6111","1","General Sri Lanka News (Cyclone Ditwah relief, Rupee, Tourism)","1"
"6112","2","Arrests, Bribery & Corruption (CIABOC)","1"
"6113","0","Cricket","1"
"6114","0","Cricket","1"
"6115","1","General Sri Lanka News (Cyclone Ditwah relief, Rupee, Tourism)","1"
"6116","16","Stock Market (CSE)","1"
"6117","2","Arrests, Bribery & Corruption (CIABOC)","1"
"6118","0","Cricket","1"
"6119","1","General Sri Lanka News (Cyclone Ditwah relief, Rupee, Tourism)","1"
"6120","1","General Sri Lanka News (Cyclone Ditwah relief, Rupee, Tourism)","1"
"6121","0","Cricket","1"
"6122","6","Transport & Railways","1"
"6123","2","Arrests, Bribery & Corruption (CIABOC)","1"
"6124","15","Public Holidays & Special Traffic Plans","1"
"6125","9","Fuel & Oil Prices (CPC)","1"
"6126","0","Cricket","1"
"6127","1","General Sri Lanka News (Cyclone Ditwah relief, Rupee, Tourism)","1"
"6128","0","Cricket","1"
"6129","1","General Sri Lanka News (Cyclone Ditwah relief, Rupee, Tourism)","1"
"6130","5","Iran War & Geopolitics (Trump/Hormuz)","1"
"6131","9","Fuel & Oil Prices (CPC)","1"
"6132","2","Arrests, Bribery & Corruption (CIABOC)","1"
"6133","0","Cricket","1"
"6134","9","Fuel & Oil Prices (CPC)","1"
"6135","2","Arrests, Bribery & Corruption (CIABOC)","1"
"6136","0","Cricket","1"
"6137","15","Public Holidays & Special Traffic Plans","1"
"6138","6","Transport & Railways","1"
"6139","8","Electricity Tariffs & CEB","1"
"6140","12","Consumer Prices & Food (Rice/CAA)","1"
"6141","0","Cricket","1"
"6142","0","Cricket","1"
"6143","1","General Sri Lanka News (Cyclone Ditwah relief, Rupee, Tourism)","1"
"6144","11","Wildlife & Human-Elephant Conflict","1"
"6145","6","Transport & Railways","1"
"6146","9","Fuel & Oil Prices (CPC)","1"
"6147","7","Health & Dengue","1"
"6148","15","Public Holidays & Special Traffic Plans","1"
"6149","0","Cricket","1"
"6150","0","Cricket","1"
"6151","0","Cricket","1"
"6152","0","Cricket","1"
"6153","0","Cricket","1"
"6154","16","Stock Market (CSE)","1"
"6155","12","Consumer Prices & Food (Rice/CAA)","1"
"6156","5","Iran War & Geopolitics (Trump/Hormuz)","1"
"6157","2","Arrests, Bribery & Corruption (CIABOC)","1"
"6158","2","Arrests, Bribery & Corruption (CIABOC)","1"
"6159","0","Cricket","1"
"6160","7","Health & Dengue","1"
"6161","5","Iran War & Geopolitics (Trump/Hormuz)","1"
"6162","11","Wildlife & Human-Elephant Conflict","1"
"6163","2","Arrests, Bribery & Corruption (CIABOC)","1"
"6164","4","Weather & Flood Warnings","1"
"6165","13","Media, Online Safety & News Digests","1"
"6166","1","General Sri Lanka News (Cyclone Ditwah relief, Rupee, Tourism)","1"
"6167","0","Cricket","1"
"6168","0","Cricket","1"
"6169","4","Weather & Flood Warnings","1"
"6170","11","Wildlife & Human-Elephant Conflict","1"
"6171","2","Arrests, Bribery & Corruption (CIABOC)","1"
"6172","3","Violence, Shootings & Fatal Accidents","1"
"6173","1","General Sri Lanka News (Cyclone Ditwah relief, Rupee, Tourism)","1"
"6174","1","General Sri Lanka News (Cyclone Ditwah relief, Rupee, Tourism)","1"
"6175","0","Cricket","1"
"6176","16","Stock Market (CSE)","1"
"6177","2","Arrests, Bribery & Corruption (CIABOC)","1"
"6178","0","Cricket","1"
"6179","1","General Sri Lanka News (Cyclone Ditwah relief, Rupee, Tourism)","1"
"6180","0","Cricket","1"
"6181","0","Cricket","1"
"6182","0","Cricket","1"
"6183","17","Healthcare Worker Strikes (GMOA)","1"
"6184","0","Cricket","1"
"6185","2","Arrests, Bribery & Corruption (CIABOC)","1"
"6186","0","Cricket","1"
"6187","0","Cricket","1"
"6188","3","Violence, Shootings & Fatal Accidents","1"
"6189","1","General Sri Lanka News (Cyclone Ditwah relief, Rupee, Tourism)","1"
"6190","1","General Sri Lanka News (Cyclone Ditwah relief, Rupee, Tourism)","1"
"6191","2","Arrests, Bribery & Corruption (CIABOC)","1"
"6192","0","Cricket","1"
"6193","0","Cricket","1"
"6194","6","Transport & Railways","1"
"6195","1","General Sri Lanka News (Cyclone Ditwah relief, Rupee, Tourism)","1"
"6196","2","Arrests, Bribery & Corruption (CIABOC)","1"
"6197","13","Media, Online Safety & News Digests","1"
"6198","0","Cricket","1"
"6199","1","General Sri Lanka News (Cyclone Ditwah relief, Rupee, Tourism)","1"
"6200","4","Weather & Flood Warnings","1"
"6201","1","General Sri Lanka News (Cyclone Ditwah relief, Rupee, Tourism)","1"
"6202","3","Violence, Shootings & Fatal Accidents","1"
"6203","11","Wildlife & Human-Elephant Conflict","1"
"6204","3","Violence, Shootings & Fatal Accidents","1"
"6205","1","General Sri Lanka News (Cyclone Ditwah relief, Rupee, Tourism)","1"
"6206","17","Healthcare Worker Strikes (GMOA)","1"
"6207","1","General Sri Lanka News (Cyclone Ditwah relief, Rupee, Tourism)","1"
"6208","2","Arrests, Bribery & Corruption (CIABOC)","1"
"6209","10","Education & Examinations","1"
"6210","8","Electricity Tariffs & CEB","1"
"6211","1","General Sri Lanka News (Cyclone Ditwah relief, Rupee, Tourism)","1"
"6212","0","Cricket","1"
"6213","0","Cricket","1"
"6214","18","Easter Sunday Attacks (Retrospective/Legal)","1"
"6215","0","Cricket","1"
"6216","11","Wildlife & Human-Elephant Conflict","1"
"6217","0","Cricket","1"
"6218","1","General Sri Lanka News (Cyclone Ditwah relief, Rupee, Tourism)","1"
"6219","16","Stock Market (CSE)","1"
"6220","22","Liquor Shop Regulations","1"
"6221","1","General Sri Lanka News (Cyclone Ditwah relief, Rupee, Tourism)","1"
"6222","0","Cricket","1"
"6223","0","Cricket","1"
"6224","3","Violence, Shootings & Fatal Accidents","1"
"6225","4","Weather & Flood Warnings","1"
"6226","0","Cricket","1"
"6227","0","Cricket","1"
"6228","4","Weather & Flood Warnings","1"
"6229","1","General Sri Lanka News (Cyclone Ditwah relief, Rupee, Tourism)","1"
"6230","0","Cricket","1"
"6231","12","Consumer Prices & Food (Rice/CAA)","1"
"6232","0","Cricket","1"
"6233","0","Cricket","1"
"6234","18","Easter Sunday Attacks (Retrospective/Legal)","1"
"6235","0","Cricket","1"
"6236","0","Cricket","1"
"6237","10","Education & Examinations","1"
"6238","0","Cricket","1"
"6239","0","Cricket","1"
"6240","7","Health & Dengue","1"
"6241","1","General Sri Lanka News (Cyclone Ditwah relief, Rupee, Tourism)","1"
"6242","0","Cricket","1"
"6243","2","Arrests, Bribery & Corruption (CIABOC)","1"
"6244","13","Media, Online Safety & News Digests","1"
"6245","10","Education & Examinations","1"
"6246","3","Violence, Shootings & Fatal Accidents","1"
"6247","8","Electricity Tariffs & CEB","1"
"6248","17","Healthcare Worker Strikes (GMOA)","1"
"6249","3","Violence, Shootings & Fatal Accidents","1"
"6250","1","General Sri Lanka News (Cyclone Ditwah relief, Rupee, Tourism)","1"
"6251","0","Cricket","1"
"6252","0","Cricket","1"
"6253","17","Healthcare Worker Strikes (GMOA)","1"
"6254","0","Cricket","1"
"6255","0","Cricket","1"
"6256","0","Cricket","1"
"6257","0","Cricket","1"
"6258","13","Media, Online Safety & News Digests","1"
"6259","1","General Sri Lanka News (Cyclone Ditwah relief, Rupee, Tourism)","1"
"6260","0","Cricket","1"
"6261","0","Cricket","1"
"6262","2","Arrests, Bribery & Corruption (CIABOC)","1"
"6263","0","Cricket","1"
"6264","3","Violence, Shootings & Fatal Accidents","1"
"6265","7","Health & Dengue","1"
"6266","0","Cricket","1"
"6267","6","Transport & Railways","1"
"6268","3","Violence, Shootings & Fatal Accidents","1"
"6269","0","Cricket","1"
"6270","0","Cricket","1"
"6271","8","Electricity Tariffs & CEB","1"
"6272","2","Arrests, Bribery & Corruption (CIABOC)","1"
"6273","0","Cricket","1"
"6274","0","Cricket","1"
"6275","2","Arrests, Bribery & Corruption (CIABOC)","1"
"6276","4","Weather & Flood Warnings","1"
"6277","0","Cricket","1"
"6278","1","General Sri Lanka News (Cyclone Ditwah relief, Rupee, Tourism)","1"
"6279","0","Cricket","1"
"6280","15","Public Holidays & Special Traffic Plans","1"
"6281","13","Media, Online Safety & News Digests","1"
"6282","5","Iran War & Geopolitics (Trump/Hormuz)","1"
"6283","3","Violence, Shootings & Fatal Accidents","1"
"6284","1","General Sri Lanka News (Cyclone Ditwah relief, Rupee, Tourism)","1"
"6285","0","Cricket","1"
"6286","0","Cricket","1"
"6287","1","General Sri Lanka News (Cyclone Ditwah relief, Rupee, Tourism)","1"
"6288","0","Cricket","1"
"6289","0","Cricket","1"
"6290","0","Cricket","1"
"6291","1","General Sri Lanka News (Cyclone Ditwah relief, Rupee, Tourism)","1"
"6292","1","General Sri Lanka News (Cyclone Ditwah relief, Rupee, Tourism)","1"
"6293","0","Cricket","1"
"6294","0","Cricket","1"
"6295","0","Cricket","1"
"6296","10","Education & Examinations","1"
"6297","0","Cricket","1"
"6298","1","General Sri Lanka News (Cyclone Ditwah relief, Rupee, Tourism)","1"
"6299","0","Cricket","1"
"6300","14","US/China Trade & Tariffs","1"
"6301","2","Arrests, Bribery & Corruption (CIABOC)","1"
"6302","3","Violence, Shootings & Fatal Accidents","1"
"6303","1","General Sri Lanka News (Cyclone Ditwah relief, Rupee, Tourism)","1"
"6304","0","Cricket","1"
"6305","13","Media, Online Safety & News Digests","1"
"6306","0","Cricket","1"
"6307","0","Cricket","1"
"6308","2","Arrests, Bribery & Corruption (CIABOC)","1"
"6309","6","Transport & Railways","1"
"6310","10","Education & Examinations","1"
"6311","1","General Sri Lanka News (Cyclone Ditwah relief, Rupee, Tourism)","1"
"6312","0","Cricket","1"
"6313","0","Cricket","1"
"6314","2","Arrests, Bribery & Corruption (CIABOC)","1"
"6315","15","Public Holidays & Special Traffic Plans","1"
"6316","0","Cricket","1"
"6317","2","Arrests, Bribery & Corruption (CIABOC)","1"
"6318","4","Weather & Flood Warnings","1"
"6319","11","Wildlife & Human-Elephant Conflict","1"
"6320","6","Transport & Railways","1"
"6321","2","Arrests, Bribery & Corruption (CIABOC)","1"
"6322","0","Cricket","1"
"6323","0","Cricket","1"
"6324","0","Cricket","1"
"6325","13","Media, Online Safety & News Digests","1"
"6326","1","General Sri Lanka News (Cyclone Ditwah relief, Rupee, Tourism)","1"
"6327","1","General Sri Lanka News (Cyclone Ditwah relief, Rupee, Tourism)","1"
"6328","3","Violence, Shootings & Fatal Accidents","1"
"6329","0","Cricket","1"
"6330","1","General Sri Lanka News (Cyclone Ditwah relief, Rupee, Tourism)","1"
"6331","1","General Sri Lanka News (Cyclone Ditwah relief, Rupee, Tourism)","1"
"6332","1","General Sri Lanka News (Cyclone Ditwah relief, Rupee, Tourism)","1"
"6333","15","Public Holidays & Special Traffic Plans","1"
"6334","12","Consumer Prices & Food (Rice/CAA)","1"
"6335","10","Education & Examinations","1"
"6336","16","Stock Market (CSE)","1"
"6337","0","Cricket","1"
"6338","3","Violence, Shootings & Fatal Accidents","1"
"6339","1","General Sri Lanka News (Cyclone Ditwah relief, Rupee, Tourism)","1"
"6340","1","General Sri Lanka News (Cyclone Ditwah relief, Rupee, Tourism)","1"
"6341","0","Cricket","1"
"6342","11","Wildlife & Human-Elephant Conflict","1"
"6343","1","General Sri Lanka News (Cyclone Ditwah relief, Rupee, Tourism)","1"
"6344","14","US/China Trade & Tariffs","1"
"6345","0","Cricket","1"
"6346","3","Violence, Shootings & Fatal Accidents","1"
"6347","15","Public Holidays & Special Traffic Plans","1"
"6348","0","Cricket","1"
"6349","2","Arrests, Bribery & Corruption (CIABOC)","1"
"6350","6","Transport & Railways","1"
"6351","3","Violence, Shootings & Fatal Accidents","1"
"6352","2","Arrests, Bribery & Corruption (CIABOC)","1"
"6353","0","Cricket","1"
"6355","3","Violence, Shootings & Fatal Accidents","1"
"6356","1","General Sri Lanka News (Cyclone Ditwah relief, Rupee, Tourism)","1"
"6357","7","Health & Dengue","1"
"6358","1","General Sri Lanka News (Cyclone Ditwah relief, Rupee, Tourism)","1"
"6359","0","Cricket","1"
"6360","13","Media, Online Safety & News Digests","1"
"6361","6","Transport & Railways","1"
"6362","11","Wildlife & Human-Elephant Conflict","1"
"6363","1","General Sri Lanka News (Cyclone Ditwah relief, Rupee, Tourism)","1"
"6364","2","Arrests, Bribery & Corruption (CIABOC)","1"
"6365","1","General Sri Lanka News (Cyclone Ditwah relief, Rupee, Tourism)","1"
"6366","15","Public Holidays & Special Traffic Plans","1"
"6367","1","General Sri Lanka News (Cyclone Ditwah relief, Rupee, Tourism)","1"
"6368","3","Violence, Shootings & Fatal Accidents","1"
"6369","3","Violence, Shootings & Fatal Accidents","1"
"6370","2","Arrests, Bribery & Corruption (CIABOC)","1"
"6371","16","Stock Market (CSE)","1"
"6372","13","Media, Online Safety & News Digests","1"
"6373","4","Weather & Flood Warnings","1"
"6374","1","General Sri Lanka News (Cyclone Ditwah relief, Rupee, Tourism)","1"
"6375","2","Arrests, Bribery & Corruption (CIABOC)","1"
"6376","1","General Sri Lanka News (Cyclone Ditwah relief, Rupee, Tourism)","1"
"6377","7","Health & Dengue","1"
"6378","4","Weather & Flood Warnings","1"
"6379","21","AI & Digital Education","1"
"6380","1","General Sri Lanka News (Cyclone Ditwah relief, Rupee, Tourism)","1"
"6381","2","Arrests, Bribery & Corruption (CIABOC)","1"
"6382","14","US/China Trade & Tariffs","1"
"6383","18","Easter Sunday Attacks (Retrospective/Legal)","1"
"6384","11","Wildlife & Human-Elephant Conflict","1"
"6385","3","Violence, Shootings & Fatal Accidents","1"
"6386","13","Media, Online Safety & News Digests","1"
"6387","8","Electricity Tariffs & CEB","1"
"6388","0","Cricket","1"
"6389","3","Violence, Shootings & Fatal Accidents","1"
"6390","2","Arrests, Bribery & Corruption (CIABOC)","1"
"6391","0","Cricket","1"
"6392","7","Health & Dengue","1"
"6393","2","Arrests, Bribery & Corruption (CIABOC)","1"
"6394","0","Cricket","1"
"6395","3","Violence, Shootings & Fatal Accidents","1"
"6396","15","Public Holidays & Special Traffic Plans","1"
"6397","0","Cricket","1"
"6398","0","Cricket","1"
"6399","0","Cricket","1"
"6400","0","Cricket","1"
"6401","17","Healthcare Worker Strikes (GMOA)","1"
"6402","0","Cricket","1"
"6403","0","Cricket","1"
"6404","6","Transport & Railways","1"
"6405","0","Cricket","1"
"6406","0","Cricket","1"
"6407","0","Cricket","1"
"6408","2","Arrests, Bribery & Corruption (CIABOC)","1"
"6409","10","Education & Examinations","1"
"6410","1","General Sri Lanka News (Cyclone Ditwah relief, Rupee, Tourism)","1"
"6411","14","US/China Trade & Tariffs","1"
"6412","3","Violence, Shootings & Fatal Accidents","1"
"6413","13","Media, Online Safety & News Digests","1"
"6414","0","Cricket","1"
"6415","1","General Sri Lanka News (Cyclone Ditwah relief, Rupee, Tourism)","1"
"6416","6","Transport & Railways","1"
"6417","6","Transport & Railways","1"
"6418","6","Transport & Railways","1"
"6419","0","Cricket","1"
"6420","6","Transport & Railways","1"
"6421","8","Electricity Tariffs & CEB","1"
"6422","0","Cricket","1"
"6423","11","Wildlife & Human-Elephant Conflict","1"
"6424","0","Cricket","1"
"6425","0","Cricket","1"
"6426","1","General Sri Lanka News (Cyclone Ditwah relief, Rupee, Tourism)","1"
"6427","15","Public Holidays & Special Traffic Plans","1"
"6428","2","Arrests, Bribery & Corruption (CIABOC)","1"
"6429","8","Electricity Tariffs & CEB","1"
"6430","13","Media, Online Safety & News Digests","1"
"6431","2","Arrests, Bribery & Corruption (CIABOC)","1"
"6432","0","Cricket","1"
"6433","13","Media, Online Safety & News Digests","1"
"6434","3","Violence, Shootings & Fatal Accidents","1"
"6435","3","Violence, Shootings & Fatal Accidents","1"
"6436","0","Cricket","1"
"6437","0","Cricket","1"
"6438","12","Consumer Prices & Food (Rice/CAA)","1"
"6439","17","Healthcare Worker Strikes (GMOA)","1"
"6440","1","General Sri Lanka News (Cyclone Ditwah relief, Rupee, Tourism)","1"
"6441","16","Stock Market (CSE)","1"
"6442","0","Cricket","1"
"6443","1","General Sri Lanka News (Cyclone Ditwah relief, Rupee, Tourism)","1"
"6444","15","Public Holidays & Special Traffic Plans","1"
"6445","13","Media, Online Safety & News Digests","1"
"6446","0","Cricket","1"
"6447","10","Education & Examinations","1"
"6448","0","Cricket","1"
"6449","2","Arrests, Bribery & Corruption (CIABOC)","1"
"6450","10","Education & Examinations","1"
"6451","1","General Sri Lanka News (Cyclone Ditwah relief, Rupee, Tourism)","1"
"6452","2","Arrests, Bribery & Corruption (CIABOC)","1"
"6453","2","Arrests, Bribery & Corruption (CIABOC)","1"
"6454","2","Arrests, Bribery & Corruption (CIABOC)","1"
"6455","0","Cricket","1"
"6456","2","Arrests, Bribery & Corruption (CIABOC)","1"
"6457","2","Arrests, Bribery & Corruption (CIABOC)","1"
"6458","13","Media, Online Safety & News Digests","1"
"6459","3","Violence, Shootings & Fatal Accidents","1"
"6460","7","Health & Dengue","1"
"6461","1","General Sri Lanka News (Cyclone Ditwah relief, Rupee, Tourism)","1"
"6462","0","Cricket","1"
"6463","1","General Sri Lanka News (Cyclone Ditwah relief, Rupee, Tourism)","1"
"6464","2","Arrests, Bribery & Corruption (CIABOC)","1"
"6465","13","Media, Online Safety & News Digests","1"
"6466","2","Arrests, Bribery & Corruption (CIABOC)","1"
"6467","14","US/China Trade & Tariffs","1"
"6468","0","Cricket","1"
"6469","0","Cricket","1"
"6470","3","Violence, Shootings & Fatal Accidents","1"
"6471","0","Cricket","1"
"6472","3","Violence, Shootings & Fatal Accidents","1"
"6473","7","Health & Dengue","1"
"6474","17","Healthcare Worker Strikes (GMOA)","1"
"6475","0","Cricket","1"
"6476","0","Cricket","1"
"6477","0","Cricket","1"
"6478","1","General Sri Lanka News (Cyclone Ditwah relief, Rupee, Tourism)","1"
"6479","0","Cricket","1"
"6480","1","General Sri Lanka News (Cyclone Ditwah relief, Rupee, Tourism)","1"
"6481","8","Electricity Tariffs & CEB","1"
"6482","0","Cricket","1"
"6483","0","Cricket","1"
"6484","5","Iran War & Geopolitics (Trump/Hormuz)","1"
"6485","0","Cricket","1"
"6486","4","Weather & Flood Warnings","1"
"6487","0","Cricket","1"
"6488","0","Cricket","1"
"6489","0","Cricket","1"
"6490","13","Media, Online Safety & News Digests","1"
"6491","6","Transport & Railways","1"
"6492","8","Electricity Tariffs & CEB","1"
"6493","4","Weather & Flood Warnings","1"
"6494","2","Arrests, Bribery & Corruption (CIABOC)","1"
"6495","8","Electricity Tariffs & CEB","1"
"6496","13","Media, Online Safety & News Digests","1"
"6497","0","Cricket","1"
"6498","1","General Sri Lanka News (Cyclone Ditwah relief, Rupee, Tourism)","1"
"6499","1","General Sri Lanka News (Cyclone Ditwah relief, Rupee, Tourism)","1"
"6500","1","General Sri Lanka News (Cyclone Ditwah relief, Rupee, Tourism)","1"
"6501","9","Fuel & Oil Prices (CPC)","1"
"6502","0","Cricket","1"
"6503","0","Cricket","1"
"6504","17","Healthcare Worker Strikes (GMOA)","1"
"6505","22","Liquor Shop Regulations","1"
"6506","6","Transport & Railways","1"
"6507","0","Cricket","1"
"6508","0","Cricket","1"
"6509","0","Cricket","1"
"6510","0","Cricket","1"
"6511","2","Arrests, Bribery & Corruption (CIABOC)","1"
"6512","3","Violence, Shootings & Fatal Accidents","1"
"6513","0","Cricket","1"
"6514","0","Cricket","1"
"6515","10","Education & Examinations","1"
"6516","6","Transport & Railways","1"
"6517","0","Cricket","1"
"6518","0","Cricket","1"
"6519","5","Iran War & Geopolitics (Trump/Hormuz)","1"
"6520","3","Violence, Shootings & Fatal Accidents","1"
"6521","2","Arrests, Bribery & Corruption (CIABOC)","1"
"6522","1","General Sri Lanka News (Cyclone Ditwah relief, Rupee, Tourism)","1"
"6523","1","General Sri Lanka News (Cyclone Ditwah relief, Rupee, Tourism)","1"
"6524","1","General Sri Lanka News (Cyclone Ditwah relief, Rupee, Tourism)","1"
"6525","13","Media, Online Safety & News Digests","1"
"6526","6","Transport & Railways","1"
"6527","2","Arrests, Bribery & Corruption (CIABOC)","1"
"6528","7","Health & Dengue","1"
"6529","15","Public Holidays & Special Traffic Plans","1"
"6530","14","US/China Trade & Tariffs","1"
"6531","12","Consumer Prices & Food (Rice/CAA)","1"
"6532","0","Cricket","1"
"6533","1","General Sri Lanka News (Cyclone Ditwah relief, Rupee, Tourism)","1"
"6534","0","Cricket","1"
"6535","1","General Sri Lanka News (Cyclone Ditwah relief, Rupee, Tourism)","1"
"6536","0","Cricket","1"
"6537","0","Cricket","1"
"6538","16","Stock Market (CSE)","1"
"6539","4","Weather & Flood Warnings","1"
"6540","1","General Sri Lanka News (Cyclone Ditwah relief, Rupee, Tourism)","1"
"6541","0","Cricket","1"
"6542","5","Iran War & Geopolitics (Trump/Hormuz)","1"
"6543","2","Arrests, Bribery & Corruption (CIABOC)","1"
"6544","5","Iran War & Geopolitics (Trump/Hormuz)","1"
"6545","6","Transport & Railways","1"
"6546","8","Electricity Tariffs & CEB","1"
"6547","15","Public Holidays & Special Traffic Plans","1"
"6548","0","Cricket","1"
"6549","13","Media, Online Safety & News Digests","1"
"6550","11","Wildlife & Human-Elephant Conflict","1"
"6551","0","Cricket","1"
"6552","0","Cricket","1"
"6553","17","Healthcare Worker Strikes (GMOA)","1"
"6554","8","Electricity Tariffs & CEB","1"
"6555","13","Media, Online Safety & News Digests","1"
"6556","2","Arrests, Bribery & Corruption (CIABOC)","1"
"6557","0","Cricket","1"
"6558","1","General Sri Lanka News (Cyclone Ditwah relief, Rupee, Tourism)","1"
"6559","1","General Sri Lanka News (Cyclone Ditwah relief, Rupee, Tourism)","1"
"6560","13","Media, Online Safety & News Digests","1"
"6561","0","Cricket","1"
"6562","1","General Sri Lanka News (Cyclone Ditwah relief, Rupee, Tourism)","1"
"6563","0","Cricket","1"
"6564","0","Cricket","1"
"6565","13","Media, Online Safety & News Digests","1"
"6566","6","Transport & Railways","1"
"6567","1","General Sri Lanka News (Cyclone Ditwah relief, Rupee, Tourism)","1"
"6568","6","Transport & Railways","1"
"6569","1","General Sri Lanka News (Cyclone Ditwah relief, Rupee, Tourism)","1"
"6570","0","Cricket","1"
"6571","7","Health & Dengue","1"
"6572","0","Cricket","1"
"6573","18","Easter Sunday Attacks (Retrospective/Legal)","1"
"6574","8","Electricity Tariffs & CEB","1"
"6575","2","Arrests, Bribery & Corruption (CIABOC)","1"
"6576","15","Public Holidays & Special Traffic Plans","1"
"6577","2","Arrests, Bribery & Corruption (CIABOC)","1"
"6578","1","General Sri Lanka News (Cyclone Ditwah relief, Rupee, Tourism)","1"
"6579","10","Education & Examinations","1"
"6580","13","Media, Online Safety & News Digests","1"
"6581","0","Cricket","1"
"6582","1","General Sri Lanka News (Cyclone Ditwah relief, Rupee, Tourism)","1"
"6583","3","Violence, Shootings & Fatal Accidents","1"
"6584","15","Public Holidays & Special Traffic Plans","1"
"6585","0","Cricket","1"
"6586","0","Cricket","1"
"6587","3","Violence, Shootings & Fatal Accidents","1"
"6588","3","Violence, Shootings & Fatal Accidents","1"
"6589","14","US/China Trade & Tariffs","1"
"6590","18","Easter Sunday Attacks (Retrospective/Legal)","1"
"6591","0","Cricket","1"
"6592","11","Wildlife & Human-Elephant Conflict","1"
"6593","10","Education & Examinations","1"
"6594","4","Weather & Flood Warnings","1"
"6595","0","Cricket","1"
"6596","15","Public Holidays & Special Traffic Plans","1"
"6597","0","Cricket","1"
"6598","0","Cricket","1"
"6599","0","Cricket","1"
"6600","13","Media, Online Safety & News Digests","1"
"6601","9","Fuel & Oil Prices (CPC)","1"
"6602","1","General Sri Lanka News (Cyclone Ditwah relief, Rupee, Tourism)","1"
"6603","13","Media, Online Safety & News Digests","1"
"6604","1","General Sri Lanka News (Cyclone Ditwah relief, Rupee, Tourism)","1"
"6605","3","Violence, Shootings & Fatal Accidents","1"
"6606","0","Cricket","1"
"6607","15","Public Holidays & Special Traffic Plans","1"
"6608","0","Cricket","1"
"6609","1","General Sri Lanka News (Cyclone Ditwah relief, Rupee, Tourism)","1"
"6610","1","General Sri Lanka News (Cyclone Ditwah relief, Rupee, Tourism)","1"
"6611","0","Cricket","1"
"6612","1","General Sri Lanka News (Cyclone Ditwah relief, Rupee, Tourism)","1"
"6613","1","General Sri Lanka News (Cyclone Ditwah relief, Rupee, Tourism)","1"
"6614","0","Cricket","1"
"6615","0","Cricket","1"
"6616","1","General Sri Lanka News (Cyclone Ditwah relief, Rupee, Tourism)","1"
"6617","0","Cricket","1"
"6618","1","General Sri Lanka News (Cyclone Ditwah relief, Rupee, Tourism)","1"
"6619","0","Cricket","1"
"6620","12","Consumer Prices & Food (Rice/CAA)","1"
"6621","6","Transport & Railways","1"
"6622","9","Fuel & Oil Prices (CPC)","1"
"6623","0","Cricket","1"
"6624","1","General Sri Lanka News (Cyclone Ditwah relief, Rupee, Tourism)","1"
"6625","10","Education & Examinations","1"
"6626","6","Transport & Railways","1"
"6627","0","Cricket","1"
"6628","0","Cricket","1"
"6629","0","Cricket","1"
"6630","0","Cricket","1"
"6631","3","Violence, Shootings & Fatal Accidents","1"
"6632","16","Stock Market (CSE)","1"
"6633","2","Arrests, Bribery & Corruption (CIABOC)","1"
"6634","1","General Sri Lanka News (Cyclone Ditwah relief, Rupee, Tourism)","1"
"6635","2","Arrests, Bribery & Corruption (CIABOC)","1"
"6636","1","General Sri Lanka News (Cyclone Ditwah relief, Rupee, Tourism)","1"
"6637","1","General Sri Lanka News (Cyclone Ditwah relief, Rupee, Tourism)","1"
"6638","1","General Sri Lanka News (Cyclone Ditwah relief, Rupee, Tourism)","1"
"6639","0","Cricket","1"
"6640","2","Arrests, Bribery & Corruption (CIABOC)","1"
"6641","4","Weather & Flood Warnings","1"
"6642","1","General Sri Lanka News (Cyclone Ditwah relief, Rupee, Tourism)","1"
"6643","2","Arrests, Bribery & Corruption (CIABOC)","1"
"6644","17","Healthcare Worker Strikes (GMOA)","1"
"6645","1","General Sri Lanka News (Cyclone Ditwah relief, Rupee, Tourism)","1"
"6646","1","General Sri Lanka News (Cyclone Ditwah relief, Rupee, Tourism)","1"
"6647","8","Electricity Tariffs & CEB","1"
"6648","2","Arrests, Bribery & Corruption (CIABOC)","1"
"6649","1","General Sri Lanka News (Cyclone Ditwah relief, Rupee, Tourism)","1"
"6650","2","Arrests, Bribery & Corruption (CIABOC)","1"
"6651","2","Arrests, Bribery & Corruption (CIABOC)","1"
"6652","10","Education & Examinations","1"
"6653","2","Arrests, Bribery & Corruption (CIABOC)","1"
"6654","13","Media, Online Safety & News Digests","1"
"6655","2","Arrests, Bribery & Corruption (CIABOC)","1"
"6656","2","Arrests, Bribery & Corruption (CIABOC)","1"
"6657","8","Electricity Tariffs & CEB","1"
"6658","1","General Sri Lanka News (Cyclone Ditwah relief, Rupee, Tourism)","1"
"6659","1","General Sri Lanka News (Cyclone Ditwah relief, Rupee, Tourism)","1"
"6660","1","General Sri Lanka News (Cyclone Ditwah relief, Rupee, Tourism)","1"
"6661","14","US/China Trade & Tariffs","1"
"6662","1","General Sri Lanka News (Cyclone Ditwah relief, Rupee, Tourism)","1"
"6663","1","General Sri Lanka News (Cyclone Ditwah relief, Rupee, Tourism)","1"
"6664","0","Cricket","1"
"6665","15","Public Holidays & Special Traffic Plans","1"
"6666","1","General Sri Lanka News (Cyclone Ditwah relief, Rupee, Tourism)","1"
"6667","10","Education & Examinations","1"
"6668","18","Easter Sunday Attacks (Retrospective/Legal)","1"
"6669","1","General Sri Lanka News (Cyclone Ditwah relief, Rupee, Tourism)","1"
"6670","15","Public Holidays & Special Traffic Plans","1"
"6671","16","Stock Market (CSE)","1"
"6672","0","Cricket","1"
"6673","2","Arrests, Bribery & Corruption (CIABOC)","1"
"6674","2","Arrests, Bribery & Corruption (CIABOC)","1"
"6675","15","Public Holidays & Special Traffic Plans","1"
"6676","2","Arrests, Bribery & Corruption (CIABOC)","1"
"6677","13","Media, Online Safety & News Digests","1"
"6678","12","Consumer Prices & Food (Rice/CAA)","1"
"6679","1","General Sri Lanka News (Cyclone Ditwah relief, Rupee, Tourism)","1"
"6680","0","Cricket","1"
"6681","17","Healthcare Worker Strikes (GMOA)","1"
"6682","2","Arrests, Bribery & Corruption (CIABOC)","1"
"6683","2","Arrests, Bribery & Corruption (CIABOC)","1"
"6684","4","Weather & Flood Warnings","1"
"6685","0","Cricket","1"
"6686","6","Transport & Railways","1"
"6687","3","Violence, Shootings & Fatal Accidents","1"
"6688","0","Cricket","1"
"6689","13","Media, Online Safety & News Digests","1"
"6690","1","General Sri Lanka News (Cyclone Ditwah relief, Rupee, Tourism)","1"
"6691","0","Cricket","1"
"6692","13","Media, Online Safety & News Digests","1"
"6693","13","Media, Online Safety & News Digests","1"
"6694","17","Healthcare Worker Strikes (GMOA)","1"
"6695","18","Easter Sunday Attacks (Retrospective/Legal)","1"
"6696","15","Public Holidays & Special Traffic Plans","1"
"6697","15","Public Holidays & Special Traffic Plans","1"
"6698","0","Cricket","1"
"6699","8","Electricity Tariffs & CEB","1"
"6700","0","Cricket","1"
"6701","7","Health & Dengue","1"
"6702","17","Healthcare Worker Strikes (GMOA)","1"
"6703","0","Cricket","1"
"6704","0","Cricket","1"
"6705","10","Education & Examinations","1"
"6706","5","Iran War & Geopolitics (Trump/Hormuz)","1"
"6707","22","Liquor Shop Regulations","1"
"6708","3","Violence, Shootings & Fatal Accidents","1"
"6709","3","Violence, Shootings & Fatal Accidents","1"
"6710","1","General Sri Lanka News (Cyclone Ditwah relief, Rupee, Tourism)","1"
"6711","2","Arrests, Bribery & Corruption (CIABOC)","1"
"6712","0","Cricket","1"
"6713","0","Cricket","1"
"6714","0","Cricket","1"
"6715","2","Arrests, Bribery & Corruption (CIABOC)","1"
"6716","3","Violence, Shootings & Fatal Accidents","1"
"6717","1","General Sri Lanka News (Cyclone Ditwah relief, Rupee, Tourism)","1"
"6718","2","Arrests, Bribery & Corruption (CIABOC)","1"
"6719","0","Cricket","1"
"6720","0","Cricket","1"
"6721","6","Transport & Railways","1"
"6722","12","Consumer Prices & Food (Rice/CAA)","1"
"6723","6","Transport & Railways","1"
"6724","8","Electricity Tariffs & CEB","1"
"6725","16","Stock Market (CSE)","1"
"6726","0","Cricket","1"
"6727","17","Healthcare Worker Strikes (GMOA)","1"
"6728","0","Cricket","1"
"6729","0","Cricket","1"
"6730","11","Wildlife & Human-Elephant Conflict","1"
"6731","4","Weather & Flood Warnings","1"
"6732","6","Transport & Railways","1"
"6733","6","Transport & Railways","1"
"6734","17","Healthcare Worker Strikes (GMOA)","1"
"6735","16","Stock Market (CSE)","1"
"6736","0","Cricket","1"
"6737","0","Cricket","1"
"6738","7","Health & Dengue","1"
"6739","2","Arrests, Bribery & Corruption (CIABOC)","1"
"6740","5","Iran War & Geopolitics (Trump/Hormuz)","1"
"6741","10","Education & Examinations","1"
"6742","1","General Sri Lanka News (Cyclone Ditwah relief, Rupee, Tourism)","1"
"6743","2","Arrests, Bribery & Corruption (CIABOC)","1"
"6744","14","US/China Trade & Tariffs","1"
"6745","0","Cricket","1"
"6746","1","General Sri Lanka News (Cyclone Ditwah relief, Rupee, Tourism)","1"
"6747","10","Education & Examinations","1"
"6748","0","Cricket","1"
"6749","14","US/China Trade & Tariffs","1"
"6750","15","Public Holidays & Special Traffic Plans","1"
"6751","8","Electricity Tariffs & CEB","1"
"6752","2","Arrests, Bribery & Corruption (CIABOC)","1"
"6753","8","Electricity Tariffs & CEB","1"
"6754","0","Cricket","1"
"6755","8","Electricity Tariffs & CEB","1"
"6756","2","Arrests, Bribery & Corruption (CIABOC)","1"
"6757","1","General Sri Lanka News (Cyclone Ditwah relief, Rupee, Tourism)","1"
"6758","1","General Sri Lanka News (Cyclone Ditwah relief, Rupee, Tourism)","1"
"6759","0","Cricket","1"
"6760","0","Cricket","1"
"6761","0","Cricket","1"
"6762","0","Cricket","1"
"6763","2","Arrests, Bribery & Corruption (CIABOC)","1"
"6764","7","Health & Dengue","1"
"6765","1","General Sri Lanka News (Cyclone Ditwah relief, Rupee, Tourism)","1"
"6766","10","Education & Examinations","1"
"6767","7","Health & Dengue","1"
"6768","1","General Sri Lanka News (Cyclone Ditwah relief, Rupee, Tourism)","1"
"6769","3","Violence, Shootings & Fatal Accidents","1"
"6770","16","Stock Market (CSE)","1"
"6771","10","Education & Examinations","1"
"6772","0","Cricket","1"
"6773","0","Cricket","1"
"6774","2","Arrests, Bribery & Corruption (CIABOC)","1"
"6775","15","Public Holidays & Special Traffic Plans","1"
"6776","3","Violence, Shootings & Fatal Accidents","1"
"6777","2","Arrests, Bribery & Corruption (CIABOC)","1"
"6778","1","General Sri Lanka News (Cyclone Ditwah relief, Rupee, Tourism)","1"
"6779","13","Media, Online Safety & News Digests","1"
"6780","14","US/China Trade & Tariffs","1"
"6781","1","General Sri Lanka News (Cyclone Ditwah relief, Rupee, Tourism)","1"
"6782","0","Cricket","1"
"6783","0","Cricket","1"
"6784","16","Stock Market (CSE)","1"
"6785","8","Electricity Tariffs & CEB","1"
"6786","0","Cricket","1"
"6787","0","Cricket","1"
"6788","0","Cricket","1"
"6789","0","Cricket","1"
"6790","2","Arrests, Bribery & Corruption (CIABOC)","1"
"6791","2","Arrests, Bribery & Corruption (CIABOC)","1"
"6792","0","Cricket","1"
"6793","2","Arrests, Bribery & Corruption (CIABOC)","1"
"6794","12","Consumer Prices & Food (Rice/CAA)","1"
"6795","3","Violence, Shootings & Fatal Accidents","1"
"6796","17","Healthcare Worker Strikes (GMOA)","1"
"6797","0","Cricket","1"
"6798","0","Cricket","1"
"6799","7","Health & Dengue","1"
"6800","0","Cricket","1"
"6801","1","General Sri Lanka News (Cyclone Ditwah relief, Rupee, Tourism)","1"
"6802","1","General Sri Lanka News (Cyclone Ditwah relief, Rupee, Tourism)","1"
"6803","8","Electricity Tariffs & CEB","1"
"6804","1","General Sri Lanka News (Cyclone Ditwah relief, Rupee, Tourism)","1"
"6805","2","Arrests, Bribery & Corruption (CIABOC)","1"
"6806","3","Violence, Shootings & Fatal Accidents","1"
"6807","2","Arrests, Bribery & Corruption (CIABOC)","1"
"6808","0","Cricket","1"
"6809","0","Cricket","1"
"6810","0","Cricket","1"
"6811","1","General Sri Lanka News (Cyclone Ditwah relief, Rupee, Tourism)","1"
"6812","13","Media, Online Safety & News Digests","1"
"6813","13","Media, Online Safety & News Digests","1"
"6814","0","Cricket","1"
"6815","1","General Sri Lanka News (Cyclone Ditwah relief, Rupee, Tourism)","1"
"6816","7","Health & Dengue","1"
"6817","4","Weather & Flood Warnings","1"
"6818","3","Violence, Shootings & Fatal Accidents","1"
"6819","0","Cricket","1"
"6820","1","General Sri Lanka News (Cyclone Ditwah relief, Rupee, Tourism)","1"
"6821","1","General Sri Lanka News (Cyclone Ditwah relief, Rupee, Tourism)","1"
"6822","0","Cricket","1"
"6823","3","Violence, Shootings & Fatal Accidents","1"
"6824","7","Health & Dengue","1"
"6825","1","General Sri Lanka News (Cyclone Ditwah relief, Rupee, Tourism)","1"
"6826","0","Cricket","1"
"6827","0","Cricket","1"
"6828","17","Healthcare Worker Strikes (GMOA)","1"
"6829","0","Cricket","1"
"6830","6","Transport & Railways","1"
"6831","23","Elon Musk & Global Business News","1"
"6832","0","Cricket","1"
"6833","11","Wildlife & Human-Elephant Conflict","1"
"6834","17","Healthcare Worker Strikes (GMOA)","1"
"6835","14","US/China Trade & Tariffs","1"
"6836","2","Arrests, Bribery & Corruption (CIABOC)","1"
"6837","6","Transport & Railways","1"
"6838","15","Public Holidays & Special Traffic Plans","1"
"6839","7","Health & Dengue","1"
"6840","0","Cricket","1"
"6841","17","Healthcare Worker Strikes (GMOA)","1"
"6842","2","Arrests, Bribery & Corruption (CIABOC)","1"
"6843","14","US/China Trade & Tariffs","1"
"6844","2","Arrests, Bribery & Corruption (CIABOC)","1"
"6845","10","Education & Examinations","1"
"6846","14","US/China Trade & Tariffs","1"
"6847","1","General Sri Lanka News (Cyclone Ditwah relief, Rupee, Tourism)","1"
"6848","8","Electricity Tariffs & CEB","1"
"6849","13","Media, Online Safety & News Digests","1"
"6850","7","Health & Dengue","1"
"6851","12","Consumer Prices & Food (Rice/CAA)","1"
"6852","1","General Sri Lanka News (Cyclone Ditwah relief, Rupee, Tourism)","1"
"6853","1","General Sri Lanka News (Cyclone Ditwah relief, Rupee, Tourism)","1"
"6854","1","General Sri Lanka News (Cyclone Ditwah relief, Rupee, Tourism)","1"
"6855","1","General Sri Lanka News (Cyclone Ditwah relief, Rupee, Tourism)","1"
"6856","1","General Sri Lanka News (Cyclone Ditwah relief, Rupee, Tourism)","1"
"6857","2","Arrests, Bribery & Corruption (CIABOC)","1"
"6858","0","Cricket","1"
"6859","1","General Sri Lanka News (Cyclone Ditwah relief, Rupee, Tourism)","1"
"6860","16","Stock Market (CSE)","1"
"6861","15","Public Holidays & Special Traffic Plans","1"
"6862","1","General Sri Lanka News (Cyclone Ditwah relief, Rupee, Tourism)","1"
"6863","3","Violence, Shootings & Fatal Accidents","1"
"6864","7","Health & Dengue","1"
"6865","0","Cricket","1"
"6866","2","Arrests, Bribery & Corruption (CIABOC)","1"
"6867","3","Violence, Shootings & Fatal Accidents","1"
"6868","1","General Sri Lanka News (Cyclone Ditwah relief, Rupee, Tourism)","1"
"6869","3","Violence, Shootings & Fatal Accidents","1"
"6870","1","General Sri Lanka News (Cyclone Ditwah relief, Rupee, Tourism)","1"
"6871","18","Easter Sunday Attacks (Retrospective/Legal)","1"
"6872","3","Violence, Shootings & Fatal Accidents","1"
"6873","0","Cricket","1"
"6874","7","Health & Dengue","1"
"6875","4","Weather & Flood Warnings","1"
"6876","2","Arrests, Bribery & Corruption (CIABOC)","1"
"6877","16","Stock Market (CSE)","1"
"6878","16","Stock Market (CSE)","1"
"6879","3","Violence, Shootings & Fatal Accidents","1"
"6880","17","Healthcare Worker Strikes (GMOA)","1"
"6881","2","Arrests, Bribery & Corruption (CIABOC)","1"
"6882","0","Cricket","1"
"6883","0","Cricket","1"
"6884","0","Cricket","1"
"6885","23","Elon Musk & Global Business News","1"
"6886","17","Healthcare Worker Strikes (GMOA)","1"
"6887","1","General Sri Lanka News (Cyclone Ditwah relief, Rupee, Tourism)","1"
"6888","0","Cricket","1"
"6889","1","General Sri Lanka News (Cyclone Ditwah relief, Rupee, Tourism)","1"
"6890","0","Cricket","1"
"6891","5","Iran War & Geopolitics (Trump/Hormuz)","1"
"6892","0","Cricket","1"
"6893","17","Healthcare Worker Strikes (GMOA)","1"
"6894","2","Arrests, Bribery & Corruption (CIABOC)","1"
"6895","14","US/China Trade & Tariffs","1"
"6896","1","General Sri Lanka News (Cyclone Ditwah relief, Rupee, Tourism)","1"
"6897","0","Cricket","1"
"6898","0","Cricket","1"
"6899","2","Arrests, Bribery & Corruption (CIABOC)","1"
"6900","1","General Sri Lanka News (Cyclone Ditwah relief, Rupee, Tourism)","1"
"6901","7","Health & Dengue","1"
"6902","0","Cricket","1"
"6903","2","Arrests, Bribery & Corruption (CIABOC)","1"
"6904","2","Arrests, Bribery & Corruption (CIABOC)","1"
"6905","10","Education & Examinations","1"
"6906","3","Violence, Shootings & Fatal Accidents","1"
"6907","13","Media, Online Safety & News Digests","1"
"6908","8","Electricity Tariffs & CEB","1"
"6909","4","Weather & Flood Warnings","1"
"6910","12","Consumer Prices & Food (Rice/CAA)","1"
"6911","8","Electricity Tariffs & CEB","1"
"6912","1","General Sri Lanka News (Cyclone Ditwah relief, Rupee, Tourism)","1"
"6913","0","Cricket","1"
"6914","0","Cricket","1"
"6915","17","Healthcare Worker Strikes (GMOA)","1"
"6916","12","Consumer Prices & Food (Rice/CAA)","1"
"6917","1","General Sri Lanka News (Cyclone Ditwah relief, Rupee, Tourism)","1"
"6918","1","General Sri Lanka News (Cyclone Ditwah relief, Rupee, Tourism)","1"
"6919","8","Electricity Tariffs & CEB","1"
"6920","0","Cricket","1"
"6921","0","Cricket","1"
"6922","0","Cricket","1"
"6923","0","Cricket","1"
"6924","1","General Sri Lanka News (Cyclone Ditwah relief, Rupee, Tourism)","1"
"6925","2","Arrests, Bribery & Corruption (CIABOC)","1"
"6926","1","General Sri Lanka News (Cyclone Ditwah relief, Rupee, Tourism)","1"
"6927","13","Media, Online Safety & News Digests","1"
"6928","0","Cricket","1"
"6929","7","Health & Dengue","1"
"6930","0","Cricket","1"
"6931","0","Cricket","1"
"6932","10","Education & Examinations","1"
"6933","3","Violence, Shootings & Fatal Accidents","1"
"6934","1","General Sri Lanka News (Cyclone Ditwah relief, Rupee, Tourism)","1"
"6935","1","General Sri Lanka News (Cyclone Ditwah relief, Rupee, Tourism)","1"
"6936","0","Cricket","1"
"6937","18","Easter Sunday Attacks (Retrospective/Legal)","1"
"6938","6","Transport & Railways","1"
"6939","7","Health & Dengue","1"
"6940","6","Transport & Railways","1"
"6941","7","Health & Dengue","1"
"6942","0","Cricket","1"
"6943","1","General Sri Lanka News (Cyclone Ditwah relief, Rupee, Tourism)","1"
"6944","0","Cricket","1"
"6945","0","Cricket","1"
"6946","8","Electricity Tariffs & CEB","1"
"6947","16","Stock Market (CSE)","1"
"6948","7","Health & Dengue","1"
"6949","2","Arrests, Bribery & Corruption (CIABOC)","1"
"6950","0","Cricket","1"
"6951","4","Weather & Flood Warnings","1"
"6952","1","General Sri Lanka News (Cyclone Ditwah relief, Rupee, Tourism)","1"
"6953","4","Weather & Flood Warnings","1"
"6954","0","Cricket","1"
"6955","10","Education & Examinations","1"
"6956","1","General Sri Lanka News (Cyclone Ditwah relief, Rupee, Tourism)","1"
"6957","3","Violence, Shootings & Fatal Accidents","1"
"6958","2","Arrests, Bribery & Corruption (CIABOC)","1"
"6959","1","General Sri Lanka News (Cyclone Ditwah relief, Rupee, Tourism)","1"
"6960","13","Media, Online Safety & News Digests","1"
"6961","1","General Sri Lanka News (Cyclone Ditwah relief, Rupee, Tourism)","1"
"6962","1","General Sri Lanka News (Cyclone Ditwah relief, Rupee, Tourism)","1"
"6963","1","General Sri Lanka News (Cyclone Ditwah relief, Rupee, Tourism)","1"
"6964","13","Media, Online Safety & News Digests","1"
"6965","1","General Sri Lanka News (Cyclone Ditwah relief, Rupee, Tourism)","1"
"6966","10","Education & Examinations","1"
"6967","16","Stock Market (CSE)","1"
"6968","0","Cricket","1"
"6969","1","General Sri Lanka News (Cyclone Ditwah relief, Rupee, Tourism)","1"
"6970","14","US/China Trade & Tariffs","1"
"6971","0","Cricket","1"
"6972","15","Public Holidays & Special Traffic Plans","1"
"6973","14","US/China Trade & Tariffs","1"
"6974","6","Transport & Railways","1"
"6975","6","Transport & Railways","1"
"6976","14","US/China Trade & Tariffs","1"
"6977","1","General Sri Lanka News (Cyclone Ditwah relief, Rupee, Tourism)","1"
"6978","13","Media, Online Safety & News Digests","1"
"6979","5","Iran War & Geopolitics (Trump/Hormuz)","1"
"6980","0","Cricket","1"
"6981","0","Cricket","1"
"6982","8","Electricity Tariffs & CEB","1"
"6983","1","General Sri Lanka News (Cyclone Ditwah relief, Rupee, Tourism)","1"
"6984","0","Cricket","1"
"6985","7","Health & Dengue","1"
"6986","8","Electricity Tariffs & CEB","1"
"6987","2","Arrests, Bribery & Corruption (CIABOC)","1"
"6988","2","Arrests, Bribery & Corruption (CIABOC)","1"
"6989","14","US/China Trade & Tariffs","1"
"6990","21","AI & Digital Education","1"
"6991","2","Arrests, Bribery & Corruption (CIABOC)","1"
"6992","3","Violence, Shootings & Fatal Accidents","1"
"6993","2","Arrests, Bribery & Corruption (CIABOC)","1"
"6994","0","Cricket","1"
"6995","13","Media, Online Safety & News Digests","1"
"6996","0","Cricket","1"
"6997","12","Consumer Prices & Food (Rice/CAA)","1"
"6998","0","Cricket","1"
"6999","17","Healthcare Worker Strikes (GMOA)","1"
"7000","16","Stock Market (CSE)","1"
"7001","17","Healthcare Worker Strikes (GMOA)","1"
"7002","2","Arrests, Bribery & Corruption (CIABOC)","1"
"7003","7","Health & Dengue","1"
"7004","1","General Sri Lanka News (Cyclone Ditwah relief, Rupee, Tourism)","1"
"7005","1","General Sri Lanka News (Cyclone Ditwah relief, Rupee, Tourism)","1"
"7006","2","Arrests, Bribery & Corruption (CIABOC)","1"
"7007","19","NASA & Space (Artemis)","1"
"7008","7","Health & Dengue","1"
"7009","4","Weather & Flood Warnings","1"
"7010","2","Arrests, Bribery & Corruption (CIABOC)","1"
"7011","8","Electricity Tariffs & CEB","1"
"7012","1","General Sri Lanka News (Cyclone Ditwah relief, Rupee, Tourism)","1"
"7013","0","Cricket","1"
"7014","7","Health & Dengue","1"
"7015","4","Weather & Flood Warnings","1"
"7016","8","Electricity Tariffs & CEB","1"
"7017","17","Healthcare Worker Strikes (GMOA)","1"
"7018","7","Health & Dengue","1"
"7019","0","Cricket","1"
"7020","3","Violence, Shootings & Fatal Accidents","1"
"7021","8","Electricity Tariffs & CEB","1"
"7022","3","Violence, Shootings & Fatal Accidents","1"
"7023","0","Cricket","1"
"7024","3","Violence, Shootings & Fatal Accidents","1"
"7025","1","General Sri Lanka News (Cyclone Ditwah relief, Rupee, Tourism)","1"
"7026","0","Cricket","1"
"7027","0","Cricket","1"
"7028","1","General Sri Lanka News (Cyclone Ditwah relief, Rupee, Tourism)","1"
"7029","1","General Sri Lanka News (Cyclone Ditwah relief, Rupee, Tourism)","1"
"7030","1","General Sri Lanka News (Cyclone Ditwah relief, Rupee, Tourism)","1"
"7031","15","Public Holidays & Special Traffic Plans","1"
"7032","6","Transport & Railways","1"
"7033","5","Iran War & Geopolitics (Trump/Hormuz)","1"
"7034","17","Healthcare Worker Strikes (GMOA)","1"
"7035","1","General Sri Lanka News (Cyclone Ditwah relief, Rupee, Tourism)","1"
"7036","6","Transport & Railways","1"
"7037","3","Violence, Shootings & Fatal Accidents","1"
"7038","3","Violence, Shootings & Fatal Accidents","1"
"7039","13","Media, Online Safety & News Digests","1"
"7040","15","Public Holidays & Special Traffic Plans","1"
"7041","3","Violence, Shootings & Fatal Accidents","1"
"7042","3","Violence, Shootings & Fatal Accidents","1"
"7043","14","US/China Trade & Tariffs","1"
"7044","0","Cricket","1"
"7045","19","NASA & Space (Artemis)","1"
"7046","3","Violence, Shootings & Fatal Accidents","1"
"7047","0","Cricket","1"
"7048","3","Violence, Shootings & Fatal Accidents","1"
"7049","0","Cricket","1"
"7050","1","General Sri Lanka News (Cyclone Ditwah relief, Rupee, Tourism)","1"
"7051","3","Violence, Shootings & Fatal Accidents","1"
"7052","0","Cricket","1"
"7053","0","Cricket","1"
"7054","15","Public Holidays & Special Traffic Plans","1"
"7055","4","Weather & Flood Warnings","1"
"7056","6","Transport & Railways","1"
"7057","21","AI & Digital Education","1"
"7058","2","Arrests, Bribery & Corruption (CIABOC)","1"
"7059","3","Violence, Shootings & Fatal Accidents","1"
"7060","1","General Sri Lanka News (Cyclone Ditwah relief, Rupee, Tourism)","1"
"7061","4","Weather & Flood Warnings","1"
"7062","0","Cricket","1"
"7063","0","Cricket","1"
"7064","0","Cricket","1"
"7065","1","General Sri Lanka News (Cyclone Ditwah relief, Rupee, Tourism)","1"
"7066","2","Arrests, Bribery & Corruption (CIABOC)","1"
"7067","5","Iran War & Geopolitics (Trump/Hormuz)","1"
"7068","10","Education & Examinations","1"
"7069","14","US/China Trade & Tariffs","1"
"7070","3","Violence, Shootings & Fatal Accidents","1"
"7071","1","General Sri Lanka News (Cyclone Ditwah relief, Rupee, Tourism)","1"
"7072","16","Stock Market (CSE)","1"
"7073","2","Arrests, Bribery & Corruption (CIABOC)","1"
"7074","2","Arrests, Bribery & Corruption (CIABOC)","1"
"7075","0","Cricket","1"
"7076","2","Arrests, Bribery & Corruption (CIABOC)","1"
"7077","10","Education & Examinations","1"
"7078","4","Weather & Flood Warnings","1"
"7079","1","General Sri Lanka News (Cyclone Ditwah relief, Rupee, Tourism)","1"
"7080","2","Arrests, Bribery & Corruption (CIABOC)","1"
"7081","0","Cricket","1"
"7082","12","Consumer Prices & Food (Rice/CAA)","1"
"7083","2","Arrests, Bribery & Corruption (CIABOC)","1"
"7084","2","Arrests, Bribery & Corruption (CIABOC)","1"
"7085","7","Health & Dengue","1"
"7086","15","Public Holidays & Special Traffic Plans","1"
"7087","0","Cricket","1"
"7088","3","Violence, Shootings & Fatal Accidents","1"
"7089","1","General Sri Lanka News (Cyclone Ditwah relief, Rupee, Tourism)","1"
"7090","2","Arrests, Bribery & Corruption (CIABOC)","1"
"7091","7","Health & Dengue","1"
"7092","0","Cricket","1"
"7093","3","Violence, Shootings & Fatal Accidents","1"
"7094","1","General Sri Lanka News (Cyclone Ditwah relief, Rupee, Tourism)","1"
"7095","1","General Sri Lanka News (Cyclone Ditwah relief, Rupee, Tourism)","1"
"7096","2","Arrests, Bribery & Corruption (CIABOC)","1"
"7097","1","General Sri Lanka News (Cyclone Ditwah relief, Rupee, Tourism)","1"
"7098","4","Weather & Flood Warnings","1"
"7099","2","Arrests, Bribery & Corruption (CIABOC)","1"
"7100","0","Cricket","1"
"7101","6","Transport & Railways","1"
"7102","1","General Sri Lanka News (Cyclone Ditwah relief, Rupee, Tourism)","1"
"7103","14","US/China Trade & Tariffs","1"
"7104","12","Consumer Prices & Food (Rice/CAA)","1"
"7105","0","Cricket","1"
"7106","14","US/China Trade & Tariffs","1"
"7107","10","Education & Examinations","1"
"7108","6","Transport & Railways","1"
"7109","1","General Sri Lanka News (Cyclone Ditwah relief, Rupee, Tourism)","1"
"7110","6","Transport & Railways","1"
"7111","3","Violence, Shootings & Fatal Accidents","1"
"7112","19","NASA & Space (Artemis)","1"
"7113","1","General Sri Lanka News (Cyclone Ditwah relief, Rupee, Tourism)","1"
"7114","7","Health & Dengue","1"
"7115","6","Transport & Railways","1"
"7116","1","General Sri Lanka News (Cyclone Ditwah relief, Rupee, Tourism)","1"
"7117","1","General Sri Lanka News (Cyclone Ditwah relief, Rupee, Tourism)","1"
"7118","1","General Sri Lanka News (Cyclone Ditwah relief, Rupee, Tourism)","1"
"7119","17","Healthcare Worker Strikes (GMOA)","1"
"7120","19","NASA & Space (Artemis)","1"
"7121","4","Weather & Flood Warnings","1"
"7122","10","Education & Examinations","1"
"7123","13","Media, Online Safety & News Digests","1"
"7124","12","Consumer Prices & Food (Rice/CAA)","1"
"7125","8","Electricity Tariffs & CEB","1"
"7126","3","Violence, Shootings & Fatal Accidents","1"
"7127","1","General Sri Lanka News (Cyclone Ditwah relief, Rupee, Tourism)","1"
"7128","12","Consumer Prices & Food (Rice/CAA)","1"
"7129","3","Violence, Shootings & Fatal Accidents","1"
"7130","1","General Sri Lanka News (Cyclone Ditwah relief, Rupee, Tourism)","1"
"7131","1","General Sri Lanka News (Cyclone Ditwah relief, Rupee, Tourism)","1"
"7132","1","General Sri Lanka News (Cyclone Ditwah relief, Rupee, Tourism)","1"
"7133","1","General Sri Lanka News (Cyclone Ditwah relief, Rupee, Tourism)","1"
"7134","2","Arrests, Bribery & Corruption (CIABOC)","1"
"7135","5","Iran War & Geopolitics (Trump/Hormuz)","1"
"7136","0","Cricket","1"
"7137","1","General Sri Lanka News (Cyclone Ditwah relief, Rupee, Tourism)","1"
"7138","0","Cricket","1"
"7139","1","General Sri Lanka News (Cyclone Ditwah relief, Rupee, Tourism)","1"
"7140","10","Education & Examinations","1"
"7141","4","Weather & Flood Warnings","1"
"7142","1","General Sri Lanka News (Cyclone Ditwah relief, Rupee, Tourism)","1"
"7143","8","Electricity Tariffs & CEB","1"
"7144","1","General Sri Lanka News (Cyclone Ditwah relief, Rupee, Tourism)","1"
"7145","0","Cricket","1"
"7146","0","Cricket","1"
"7147","3","Violence, Shootings & Fatal Accidents","1"
"7148","17","Healthcare Worker Strikes (GMOA)","1"
"7149","1","General Sri Lanka News (Cyclone Ditwah relief, Rupee, Tourism)","1"
"7150","14","US/China Trade & Tariffs","1"
"7151","12","Consumer Prices & Food (Rice/CAA)","1"
"7152","16","Stock Market (CSE)","1"
"7153","8","Electricity Tariffs & CEB","1"
"7154","1","General Sri Lanka News (Cyclone Ditwah relief, Rupee, Tourism)","1"
"7155","10","Education & Examinations","1"
"7156","8","Electricity Tariffs & CEB","1"
"7157","10","Education & Examinations","1"
"7158","2","Arrests, Bribery & Corruption (CIABOC)","1"
"7159","6","Transport & Railways","1"
"7160","14","US/China Trade & Tariffs","1"
"7161","2","Arrests, Bribery & Corruption (CIABOC)","1"
"7162","2","Arrests, Bribery & Corruption (CIABOC)","1"
"7163","6","Transport & Railways","1"
"7164","4","Weather & Flood Warnings","1"
"7165","10","Education & Examinations","1"
"7166","0","Cricket","1"
"7167","6","Transport & Railways","1"
"7168","7","Health & Dengue","1"
"7169","17","Healthcare Worker Strikes (GMOA)","1"
"7170","2","Arrests, Bribery & Corruption (CIABOC)","1"
"7171","1","General Sri Lanka News (Cyclone Ditwah relief, Rupee, Tourism)","1"
"7172","10","Education & Examinations","1"
"7173","2","Arrests, Bribery & Corruption (CIABOC)","1"
"7174","20","Fuel Quota & QR System","1"
"7175","8","Electricity Tariffs & CEB","1"
"7176","1","General Sri Lanka News (Cyclone Ditwah relief, Rupee, Tourism)","1"
"7177","4","Weather & Flood Warnings","1"
"7178","0","Cricket","1"
"7179","7","Health & Dengue","1"
"7180","2","Arrests, Bribery & Corruption (CIABOC)","1"
"7181","8","Electricity Tariffs & CEB","1"
"7182","10","Education & Examinations","1"
"7183","5","Iran War & Geopolitics (Trump/Hormuz)","1"
"7184","2","Arrests, Bribery & Corruption (CIABOC)","1"
"7185","0","Cricket","1"
"7186","4","Weather & Flood Warnings","1"
"7187","15","Public Holidays & Special Traffic Plans","1"
"7188","1","General Sri Lanka News (Cyclone Ditwah relief, Rupee, Tourism)","1"
"7189","1","General Sri Lanka News (Cyclone Ditwah relief, Rupee, Tourism)","1"
"7190","1","General Sri Lanka News (Cyclone Ditwah relief, Rupee, Tourism)","1"
"7191","13","Media, Online Safety & News Digests","1"
"7192","3","Violence, Shootings & Fatal Accidents","1"
"7193","2","Arrests, Bribery & Corruption (CIABOC)","1"
"7194","18","Easter Sunday Attacks (Retrospective/Legal)","1"
"7195","1","General Sri Lanka News (Cyclone Ditwah relief, Rupee, Tourism)","1"
"7196","0","Cricket","1"
"7197","21","AI & Digital Education","1"
"7198","0","Cricket","1"
"7199","23","Elon Musk & Global Business News","1"
"7200","1","General Sri Lanka News (Cyclone Ditwah relief, Rupee, Tourism)","1"
"7201","0","Cricket","1"
"7202","1","General Sri Lanka News (Cyclone Ditwah relief, Rupee, Tourism)","1"
"7203","1","General Sri Lanka News (Cyclone Ditwah relief, Rupee, Tourism)","1"
"7204","0","Cricket","1"
"7205","2","Arrests, Bribery & Corruption (CIABOC)","1"
"7206","0","Cricket","1"
"7207","3","Violence, Shootings & Fatal Accidents","1"
"7208","2","Arrests, Bribery & Corruption (CIABOC)","1"
"7209","0","Cricket","1"
"7210","4","Weather & Flood Warnings","1"
"7211","0","Cricket","1"
"7212","1","General Sri Lanka News (Cyclone Ditwah relief, Rupee, Tourism)","1"
"7213","14","US/China Trade & Tariffs","1"
"7214","1","General Sri Lanka News (Cyclone Ditwah relief, Rupee, Tourism)","1"
"7215","11","Wildlife & Human-Elephant Conflict","1"
"7216","4","Weather & Flood Warnings","1"
"7217","13","Media, Online Safety & News Digests","1"
"7218","13","Media, Online Safety & News Digests","1"
"7219","2","Arrests, Bribery & Corruption (CIABOC)","1"
"7220","0","Cricket","1"
"7221","6","Transport & Railways","1"
"7222","2","Arrests, Bribery & Corruption (CIABOC)","1"
"7223","14","US/China Trade & Tariffs","1"
"7224","15","Public Holidays & Special Traffic Plans","1"
"7225","1","General Sri Lanka News (Cyclone Ditwah relief, Rupee, Tourism)","1"
"7226","2","Arrests, Bribery & Corruption (CIABOC)","1"
"7227","3","Violence, Shootings & Fatal Accidents","1"
"7228","4","Weather & Flood Warnings","1"
"7229","4","Weather & Flood Warnings","1"
"7230","14","US/China Trade & Tariffs","1"
"7231","17","Healthcare Worker Strikes (GMOA)","1"
"7232","0","Cricket","1"
"7233","2","Arrests, Bribery & Corruption (CIABOC)","1"
"7234","1","General Sri Lanka News (Cyclone Ditwah relief, Rupee, Tourism)","1"
"7235","7","Health & Dengue","1"
"7236","3","Violence, Shootings & Fatal Accidents","1"
"7237","21","AI & Digital Education","1"
"7238","0","Cricket","1"
"7239","9","Fuel & Oil Prices (CPC)","1"
"7240","14","US/China Trade & Tariffs","1"
"7241","10","Education & Examinations","1"
"7242","0","Cricket","1"
"7243","0","Cricket","1"
"7244","0","Cricket","1"
"7245","0","Cricket","1"
"7246","6","Transport & Railways","1"
"7247","10","Education & Examinations","1"
"7248","3","Violence, Shootings & Fatal Accidents","1"
"7249","2","Arrests, Bribery & Corruption (CIABOC)","1"
"7250","0","Cricket","1"
"7251","18","Easter Sunday Attacks (Retrospective/Legal)","1"
"7252","14","US/China Trade & Tariffs","1"
"7253","1","General Sri Lanka News (Cyclone Ditwah relief, Rupee, Tourism)","1"
"7254","1","General Sri Lanka News (Cyclone Ditwah relief, Rupee, Tourism)","1"
"7255","14","US/China Trade & Tariffs","1"
"7256","2","Arrests, Bribery & Corruption (CIABOC)","1"
"7257","6","Transport & Railways","1"
"7258","4","Weather & Flood Warnings","1"
"7259","17","Healthcare Worker Strikes (GMOA)","1"
"7260","3","Violence, Shootings & Fatal Accidents","1"
"7261","10","Education & Examinations","1"
"7262","10","Education & Examinations","1"
"7263","10","Education & Examinations","1"
"7264","17","Healthcare Worker Strikes (GMOA)","1"
"7265","15","Public Holidays & Special Traffic Plans","1"
"7266","1","General Sri Lanka News (Cyclone Ditwah relief, Rupee, Tourism)","1"
"7267","8","Electricity Tariffs & CEB","1"
"7268","4","Weather & Flood Warnings","1"
"7269","6","Transport & Railways","1"
"7270","3","Violence, Shootings & Fatal Accidents","1"
"7271","0","Cricket","1"
"7272","5","Iran War & Geopolitics (Trump/Hormuz)","1"
"7273","10","Education & Examinations","1"
"7274","1","General Sri Lanka News (Cyclone Ditwah relief, Rupee, Tourism)","1"
"7275","2","Arrests, Bribery & Corruption (CIABOC)","1"
"7276","0","Cricket","1"
"7277","1","General Sri Lanka News (Cyclone Ditwah relief, Rupee, Tourism)","1"
"7278","17","Healthcare Worker Strikes (GMOA)","1"
"7279","14","US/China Trade & Tariffs","1"
"7280","1","General Sri Lanka News (Cyclone Ditwah relief, Rupee, Tourism)","1"
"7281","14","US/China Trade & Tariffs","1"
"7282","9","Fuel & Oil Prices (CPC)","1"
"7283","1","General Sri Lanka News (Cyclone Ditwah relief, Rupee, Tourism)","1"
"7284","3","Violence, Shootings & Fatal Accidents","1"
"7285","0","Cricket","1"
"7286","16","Stock Market (CSE)","1"
"7287","3","Violence, Shootings & Fatal Accidents","1"
"7288","6","Transport & Railways","1"
"7289","9","Fuel & Oil Prices (CPC)","1"
"7290","1","General Sri Lanka News (Cyclone Ditwah relief, Rupee, Tourism)","1"
"7291","1","General Sri Lanka News (Cyclone Ditwah relief, Rupee, Tourism)","1"
"7292","3","Violence, Shootings & Fatal Accidents","1"
"7293","7","Health & Dengue","1"
"7294","7","Health & Dengue","1"
"7295","13","Media, Online Safety & News Digests","1"
"7296","4","Weather & Flood Warnings","1"
"7297","2","Arrests, Bribery & Corruption (CIABOC)","1"
"7298","2","Arrests, Bribery & Corruption (CIABOC)","1"
"7299","8","Electricity Tariffs & CEB","1"
"7300","10","Education & Examinations","1"
"7301","2","Arrests, Bribery & Corruption (CIABOC)","1"
"7302","1","General Sri Lanka News (Cyclone Ditwah relief, Rupee, Tourism)","1"
"7303","2","Arrests, Bribery & Corruption (CIABOC)","1"
"7304","0","Cricket","1"
"7305","17","Healthcare Worker Strikes (GMOA)","1"
"7306","2","Arrests, Bribery & Corruption (CIABOC)","1"
"7307","2","Arrests, Bribery & Corruption (CIABOC)","1"
"7308","1","General Sri Lanka News (Cyclone Ditwah relief, Rupee, Tourism)","1"
"7309","11","Wildlife & Human-Elephant Conflict","1"
"7310","6","Transport & Railways","1"
"7311","6","Transport & Railways","1"
"7312","0","Cricket","1"
"7313","1","General Sri Lanka News (Cyclone Ditwah relief, Rupee, Tourism)","1"
"7314","13","Media, Online Safety & News Digests","1"
"7315","1","General Sri Lanka News (Cyclone Ditwah relief, Rupee, Tourism)","1"
"7316","4","Weather & Flood Warnings","1"
"7317","0","Cricket","1"
"7318","13","Media, Online Safety & News Digests","1"
"7319","10","Education & Examinations","1"
"7320","2","Arrests, Bribery & Corruption (CIABOC)","1"
"7321","1","General Sri Lanka News (Cyclone Ditwah relief, Rupee, Tourism)","1"
"7322","10","Education & Examinations","1"
"7323","2","Arrests, Bribery & Corruption (CIABOC)","1"
"7324","4","Weather & Flood Warnings","1"
"7325","8","Electricity Tariffs & CEB","1"
"7326","7","Health & Dengue","1"
"7327","4","Weather & Flood Warnings","1"
"7328","8","Electricity Tariffs & CEB","1"
"7329","1","General Sri Lanka News (Cyclone Ditwah relief, Rupee, Tourism)","1"
"7330","1","General Sri Lanka News (Cyclone Ditwah relief, Rupee, Tourism)","1"
"7331","7","Health & Dengue","1"
"7332","4","Weather & Flood Warnings","1"
"7333","3","Violence, Shootings & Fatal Accidents","1"
"7334","6","Transport & Railways","1"
"7335","4","Weather & Flood Warnings","1"
"7336","0","Cricket","1"
"7337","1","General Sri Lanka News (Cyclone Ditwah relief, Rupee, Tourism)","1"
"7338","0","Cricket","1"
"7339","16","Stock Market (CSE)","1"
"7340","1","General Sri Lanka News (Cyclone Ditwah relief, Rupee, Tourism)","1"
"7341","2","Arrests, Bribery & Corruption (CIABOC)","1"
"7342","1","General Sri Lanka News (Cyclone Ditwah relief, Rupee, Tourism)","1"
"7343","10","Education & Examinations","1"
"7344","8","Electricity Tariffs & CEB","1"
"7345","4","Weather & Flood Warnings","1"
"7346","6","Transport & Railways","1"
"7347","6","Transport & Railways","1"
"7348","0","Cricket","1"
"7349","1","General Sri Lanka News (Cyclone Ditwah relief, Rupee, Tourism)","1"
"7350","7","Health & Dengue","1"
"7351","1","General Sri Lanka News (Cyclone Ditwah relief, Rupee, Tourism)","1"
"7352","1","General Sri Lanka News (Cyclone Ditwah relief, Rupee, Tourism)","1"
"7353","1","General Sri Lanka News (Cyclone Ditwah relief, Rupee, Tourism)","1"
"7354","10","Education & Examinations","1"
"7355","7","Health & Dengue","1"
"7356","3","Violence, Shootings & Fatal Accidents","1"
"7357","4","Weather & Flood Warnings","1"
"7358","1","General Sri Lanka News (Cyclone Ditwah relief, Rupee, Tourism)","1"
"7359","0","Cricket","1"
"7360","7","Health & Dengue","1"
"7361","18","Easter Sunday Attacks (Retrospective/Legal)","1"
"7362","0","Cricket","1"
"7363","0","Cricket","1"
"7364","14","US/China Trade & Tariffs","1"
"7365","0","Cricket","1"
"7366","8","Electricity Tariffs & CEB","1"
"7367","4","Weather & Flood Warnings","1"
"7368","0","Cricket","1"
"7369","1","General Sri Lanka News (Cyclone Ditwah relief, Rupee, Tourism)","1"
"7370","1","General Sri Lanka News (Cyclone Ditwah relief, Rupee, Tourism)","1"
"7371","0","Cricket","1"
"7372","0","Cricket","1"
"7373","0","Cricket","1"
"7374","2","Arrests, Bribery & Corruption (CIABOC)","1"
"7375","2","Arrests, Bribery & Corruption (CIABOC)","1"
"7376","1","General Sri Lanka News (Cyclone Ditwah relief, Rupee, Tourism)","1"
"7377","1","General Sri Lanka News (Cyclone Ditwah relief, Rupee, Tourism)","1"
"7378","1","General Sri Lanka News (Cyclone Ditwah relief, Rupee, Tourism)","1"
"7379","6","Transport & Railways","1"
"7380","3","Violence, Shootings & Fatal Accidents","1"
"7381","0","Cricket","1"
"7382","8","Electricity Tariffs & CEB","1"
"7383","1","General Sri Lanka News (Cyclone Ditwah relief, Rupee, Tourism)","1"
"7384","14","US/China Trade & Tariffs","1"
"7385","1","General Sri Lanka News (Cyclone Ditwah relief, Rupee, Tourism)","1"
"7386","3","Violence, Shootings & Fatal Accidents","1"
"7387","14","US/China Trade & Tariffs","1"
"7388","3","Violence, Shootings & Fatal Accidents","1"
"7389","16","Stock Market (CSE)","1"
"7390","6","Transport & Railways","1"
"7391","5","Iran War & Geopolitics (Trump/Hormuz)","1"
"7392","0","Cricket","1"
"7393","5","Iran War & Geopolitics (Trump/Hormuz)","1"
"7394","0","Cricket","1"
"7395","0","Cricket","1"
"7396","5","Iran War & Geopolitics (Trump/Hormuz)","1"
"7397","4","Weather & Flood Warnings","1"
"7398","7","Health & Dengue","1"
"7399","15","Public Holidays & Special Traffic Plans","1"
"7400","7","Health & Dengue","1"
"7401","2","Arrests, Bribery & Corruption (CIABOC)","1"
"7402","0","Cricket","1"
"7403","0","Cricket","1"
"7404","0","Cricket","1"
"7405","14","US/China Trade & Tariffs","1"
"7406","6","Transport & Railways","1"
"7407","0","Cricket","1"
"7408","10","Education & Examinations","1"
"7409","0","Cricket","1"
"7410","2","Arrests, Bribery & Corruption (CIABOC)","1"
"7411","16","Stock Market (CSE)","1"
"7412","4","Weather & Flood Warnings","1"
"7413","2","Arrests, Bribery & Corruption (CIABOC)","1"
"7414","4","Weather & Flood Warnings","1"
"7415","9","Fuel & Oil Prices (CPC)","1"
"7416","2","Arrests, Bribery & Corruption (CIABOC)","1"
"7417","0","Cricket","1"
"7418","1","General Sri Lanka News (Cyclone Ditwah relief, Rupee, Tourism)","1"
"7419","0","Cricket","1"
"7420","0","Cricket","1"
"7421","8","Electricity Tariffs & CEB","1"
"7422","0","Cricket","1"
"7423","13","Media, Online Safety & News Digests","1"
"7424","2","Arrests, Bribery & Corruption (CIABOC)","1"
"7425","8","Electricity Tariffs & CEB","1"
"7426","6","Transport & Railways","1"
"7427","6","Transport & Railways","1"
"7428","14","US/China Trade & Tariffs","1"
"7429","13","Media, Online Safety & News Digests","1"
"7430","0","Cricket","1"
"7431","8","Electricity Tariffs & CEB","1"
"7432","4","Weather & Flood Warnings","1"
"7433","14","US/China Trade & Tariffs","1"
"7434","3","Violence, Shootings & Fatal Accidents","1"
"7435","0","Cricket","1"
"7436","2","Arrests, Bribery & Corruption (CIABOC)","1"
"7437","0","Cricket","1"
"7438","0","Cricket","1"
"7439","6","Transport & Railways","1"
"7440","4","Weather & Flood Warnings","1"
"7441","4","Weather & Flood Warnings","1"
"7442","1","General Sri Lanka News (Cyclone Ditwah relief, Rupee, Tourism)","1"
"7443","3","Violence, Shootings & Fatal Accidents","1"
"7444","8","Electricity Tariffs & CEB","1"
"7445","0","Cricket","1"
"7446","0","Cricket","1"
"7447","6","Transport & Railways","1"
"7448","1","General Sri Lanka News (Cyclone Ditwah relief, Rupee, Tourism)","1"
"7449","11","Wildlife & Human-Elephant Conflict","1"
"7450","13","Media, Online Safety & News Digests","1"
"7451","1","General Sri Lanka News (Cyclone Ditwah relief, Rupee, Tourism)","1"
"7452","14","US/China Trade & Tariffs","1"
"7453","1","General Sri Lanka News (Cyclone Ditwah relief, Rupee, Tourism)","1"
"7454","14","US/China Trade & Tariffs","1"
"7455","3","Violence, Shootings & Fatal Accidents","1"
"7456","1","General Sri Lanka News (Cyclone Ditwah relief, Rupee, Tourism)","1"
"7457","9","Fuel & Oil Prices (CPC)","1"
"7458","14","US/China Trade & Tariffs","1"
"7459","0","Cricket","1"
"7460","2","Arrests, Bribery & Corruption (CIABOC)","1"
"7461","16","Stock Market (CSE)","1"
"7462","2","Arrests, Bribery & Corruption (CIABOC)","1"
"7463","2","Arrests, Bribery & Corruption (CIABOC)","1"
"7464","10","Education & Examinations","1"
"7465","8","Electricity Tariffs & CEB","1"
"7466","1","General Sri Lanka News (Cyclone Ditwah relief, Rupee, Tourism)","1"
"7467","4","Weather & Flood Warnings","1"
"7468","15","Public Holidays & Special Traffic Plans","1"
"7469","12","Consumer Prices & Food (Rice/CAA)","1"
"7470","2","Arrests, Bribery & Corruption (CIABOC)","1"
"7471","2","Arrests, Bribery & Corruption (CIABOC)","1"
"7472","2","Arrests, Bribery & Corruption (CIABOC)","1"
"7473","23","Elon Musk & Global Business News","1"
"7474","1","General Sri Lanka News (Cyclone Ditwah relief, Rupee, Tourism)","1"
"7475","2","Arrests, Bribery & Corruption (CIABOC)","1"
"7476","1","General Sri Lanka News (Cyclone Ditwah relief, Rupee, Tourism)","1"
"7477","0","Cricket","1"
"7478","2","Arrests, Bribery & Corruption (CIABOC)","1"
"7479","0","Cricket","1"
"7480","11","Wildlife & Human-Elephant Conflict","1"
"7481","3","Violence, Shootings & Fatal Accidents","1"
"7482","1","General Sri Lanka News (Cyclone Ditwah relief, Rupee, Tourism)","1"
"7483","0","Cricket","1"
"7484","3","Violence, Shootings & Fatal Accidents","1"
"7485","1","General Sri Lanka News (Cyclone Ditwah relief, Rupee, Tourism)","1"
"7486","1","General Sri Lanka News (Cyclone Ditwah relief, Rupee, Tourism)","1"
"7487","5","Iran War & Geopolitics (Trump/Hormuz)","1"
"7488","0","Cricket","1"
"7489","0","Cricket","1"
"7490","2","Arrests, Bribery & Corruption (CIABOC)","1"
"7491","4","Weather & Flood Warnings","1"
"7492","17","Healthcare Worker Strikes (GMOA)","1"
"7493","14","US/China Trade & Tariffs","1"
"7494","1","General Sri Lanka News (Cyclone Ditwah relief, Rupee, Tourism)","1"
"7495","14","US/China Trade & Tariffs","1"
"7496","7","Health & Dengue","1"
"7497","10","Education & Examinations","1"
"7498","1","General Sri Lanka News (Cyclone Ditwah relief, Rupee, Tourism)","1"
"7499","0","Cricket","1"
"7500","0","Cricket","1"
"7501","0","Cricket","1"
"7502","0","Cricket","1"
"7503","2","Arrests, Bribery & Corruption (CIABOC)","1"
"7504","10","Education & Examinations","1"
"7505","14","US/China Trade & Tariffs","1"
"7506","14","US/China Trade & Tariffs","1"
"7507","14","US/China Trade & Tariffs","1"
"7508","2","Arrests, Bribery & Corruption (CIABOC)","1"
"7509","5","Iran War & Geopolitics (Trump/Hormuz)","1"
"7510","1","General Sri Lanka News (Cyclone Ditwah relief, Rupee, Tourism)","1"
"7511","2","Arrests, Bribery & Corruption (CIABOC)","1"
"7512","1","General Sri Lanka News (Cyclone Ditwah relief, Rupee, Tourism)","1"
"7513","14","US/China Trade & Tariffs","1"
"7514","2","Arrests, Bribery & Corruption (CIABOC)","1"
"7515","0","Cricket","1"
"7516","14","US/China Trade & Tariffs","1"
"7517","0","Cricket","1"
"7518","2","Arrests, Bribery & Corruption (CIABOC)","1"
"7519","14","US/China Trade & Tariffs","1"
"7520","10","Education & Examinations","1"
"7521","14","US/China Trade & Tariffs","1"
"7522","14","US/China Trade & Tariffs","1"
"7523","8","Electricity Tariffs & CEB","1"
"7524","0","Cricket","1"
"7525","3","Violence, Shootings & Fatal Accidents","1"
"7526","4","Weather & Flood Warnings","1"
"7527","6","Transport & Railways","1"
"7528","0","Cricket","1"
"7529","3","Violence, Shootings & Fatal Accidents","1"
"7530","11","Wildlife & Human-Elephant Conflict","1"
"7531","1","General Sri Lanka News (Cyclone Ditwah relief, Rupee, Tourism)","1"
"7532","7","Health & Dengue","1"
"7533","0","Cricket","1"
"7534","1","General Sri Lanka News (Cyclone Ditwah relief, Rupee, Tourism)","1"
"7535","0","Cricket","1"
"7536","2","Arrests, Bribery & Corruption (CIABOC)","1"
"7537","1","General Sri Lanka News (Cyclone Ditwah relief, Rupee, Tourism)","1"
"7538","3","Violence, Shootings & Fatal Accidents","1"
"7539","0","Cricket","1"
"7540","12","Consumer Prices & Food (Rice/CAA)","1"
"7541","1","General Sri Lanka News (Cyclone Ditwah relief, Rupee, Tourism)","1"
"7542","10","Education & Examinations","1"
"7543","9","Fuel & Oil Prices (CPC)","1"
"7544","6","Transport & Railways","1"
"7545","8","Electricity Tariffs & CEB","1"
"7546","0","Cricket","1"
"7547","1","General Sri Lanka News (Cyclone Ditwah relief, Rupee, Tourism)","1"
"7548","6","Transport & Railways","1"
"7549","3","Violence, Shootings & Fatal Accidents","1"
"7550","6","Transport & Railways","1"
"7551","4","Weather & Flood Warnings","1"
"7552","1","General Sri Lanka News (Cyclone Ditwah relief, Rupee, Tourism)","1"
"7553","3","Violence, Shootings & Fatal Accidents","1"
"7554","1","General Sri Lanka News (Cyclone Ditwah relief, Rupee, Tourism)","1"
"7555","1","General Sri Lanka News (Cyclone Ditwah relief, Rupee, Tourism)","1"
"7556","6","Transport & Railways","1"
"7557","1","General Sri Lanka News (Cyclone Ditwah relief, Rupee, Tourism)","1"
"7558","2","Arrests, Bribery & Corruption (CIABOC)","1"
"7559","12","Consumer Prices & Food (Rice/CAA)","1"
"7560","1","General Sri Lanka News (Cyclone Ditwah relief, Rupee, Tourism)","1"
"7561","5","Iran War & Geopolitics (Trump/Hormuz)","1"
"7562","3","Violence, Shootings & Fatal Accidents","1"
"7563","6","Transport & Railways","1"
"7564","8","Electricity Tariffs & CEB","1"
"7565","1","General Sri Lanka News (Cyclone Ditwah relief, Rupee, Tourism)","1"
"7566","0","Cricket","1"
"7567","3","Violence, Shootings & Fatal Accidents","1"
"7568","14","US/China Trade & Tariffs","1"
"7569","20","Fuel Quota & QR System","1"
"7570","14","US/China Trade & Tariffs","1"
"7571","0","Cricket","1"
"7572","1","General Sri Lanka News (Cyclone Ditwah relief, Rupee, Tourism)","1"
"7573","15","Public Holidays & Special Traffic Plans","1"
"7574","1","General Sri Lanka News (Cyclone Ditwah relief, Rupee, Tourism)","1"
"7575","1","General Sri Lanka News (Cyclone Ditwah relief, Rupee, Tourism)","1"
"7576","7","Health & Dengue","1"
"7577","13","Media, Online Safety & News Digests","1"
"7578","1","General Sri Lanka News (Cyclone Ditwah relief, Rupee, Tourism)","1"
"7579","4","Weather & Flood Warnings","1"
"7580","1","General Sri Lanka News (Cyclone Ditwah relief, Rupee, Tourism)","1"
"7581","8","Electricity Tariffs & CEB","1"
"7582","13","Media, Online Safety & News Digests","1"
"7583","0","Cricket","1"
"7584","0","Cricket","1"
"7585","16","Stock Market (CSE)","1"
"7586","15","Public Holidays & Special Traffic Plans","1"
"7587","1","General Sri Lanka News (Cyclone Ditwah relief, Rupee, Tourism)","1"
"7588","0","Cricket","1"
"7589","0","Cricket","1"
"7590","2","Arrests, Bribery & Corruption (CIABOC)","1"
"7591","0","Cricket","1"
"7592","2","Arrests, Bribery & Corruption (CIABOC)","1"
"7593","0","Cricket","1"
"7594","7","Health & Dengue","1"
"7595","2","Arrests, Bribery & Corruption (CIABOC)","1"
"7596","0","Cricket","1"
"7597","0","Cricket","1"
"7598","14","US/China Trade & Tariffs","1"
"7599","14","US/China Trade & Tariffs","1"
"7600","0","Cricket","1"
"7601","3","Violence, Shootings & Fatal Accidents","1"
"7602","2","Arrests, Bribery & Corruption (CIABOC)","1"
"7603","2","Arrests, Bribery & Corruption (CIABOC)","1"
"7604","0","Cricket","1"
"7605","7","Health & Dengue","1"
"7606","2","Arrests, Bribery & Corruption (CIABOC)","1"
"7607","2","Arrests, Bribery & Corruption (CIABOC)","1"
"7608","12","Consumer Prices & Food (Rice/CAA)","1"
"7609","3","Violence, Shootings & Fatal Accidents","1"
"7610","0","Cricket","1"
"7611","10","Education & Examinations","1"
"7612","8","Electricity Tariffs & CEB","1"
"7613","1","General Sri Lanka News (Cyclone Ditwah relief, Rupee, Tourism)","1"
"7614","5","Iran War & Geopolitics (Trump/Hormuz)","1"
"7615","2","Arrests, Bribery & Corruption (CIABOC)","1"
"7616","8","Electricity Tariffs & CEB","1"
"7617","12","Consumer Prices & Food (Rice/CAA)","1"
"7618","16","Stock Market (CSE)","1"
"7619","0","Cricket","1"
"7620","0","Cricket","1"
"7621","7","Health & Dengue","1"
"7622","1","General Sri Lanka News (Cyclone Ditwah relief, Rupee, Tourism)","1"
"7623","8","Electricity Tariffs & CEB","1"
"7624","6","Transport & Railways","1"
"7625","2","Arrests, Bribery & Corruption (CIABOC)","1"
"7626","3","Violence, Shootings & Fatal Accidents","1"
"7627","1","General Sri Lanka News (Cyclone Ditwah relief, Rupee, Tourism)","1"
"7628","12","Consumer Prices & Food (Rice/CAA)","1"
"7629","0","Cricket","1"
"7630","2","Arrests, Bribery & Corruption (CIABOC)","1"
"7631","3","Violence, Shootings & Fatal Accidents","1"
"7632","0","Cricket","1"
"7633","1","General Sri Lanka News (Cyclone Ditwah relief, Rupee, Tourism)","1"
"7634","15","Public Holidays & Special Traffic Plans","1"
"7635","6","Transport & Railways","1"
"7636","7","Health & Dengue","1"
"7637","4","Weather & Flood Warnings","1"
"7638","0","Cricket","1"
"7639","1","General Sri Lanka News (Cyclone Ditwah relief, Rupee, Tourism)","1"
"7640","0","Cricket","1"
"7641","5","Iran War & Geopolitics (Trump/Hormuz)","1"
"7642","8","Electricity Tariffs & CEB","1"
"7643","2","Arrests, Bribery & Corruption (CIABOC)","1"
"7644","3","Violence, Shootings & Fatal Accidents","1"
"7645","1","General Sri Lanka News (Cyclone Ditwah relief, Rupee, Tourism)","1"
"7646","6","Transport & Railways","1"
"7647","16","Stock Market (CSE)","1"
"7648","1","General Sri Lanka News (Cyclone Ditwah relief, Rupee, Tourism)","1"
"7649","13","Media, Online Safety & News Digests","1"
"7650","15","Public Holidays & Special Traffic Plans","1"
"7651","0","Cricket","1"
"7652","3","Violence, Shootings & Fatal Accidents","1"
"7653","0","Cricket","1"
"7654","0","Cricket","1"
"7655","2","Arrests, Bribery & Corruption (CIABOC)","1"
"7656","4","Weather & Flood Warnings","1"
"7657","18","Easter Sunday Attacks (Retrospective/Legal)","1"
"7658","1","General Sri Lanka News (Cyclone Ditwah relief, Rupee, Tourism)","1"
"7659","3","Violence, Shootings & Fatal Accidents","1"
"7660","0","Cricket","1"
"7661","1","General Sri Lanka News (Cyclone Ditwah relief, Rupee, Tourism)","1"
"7662","0","Cricket","1"
"7663","6","Transport & Railways","1"
"7664","1","General Sri Lanka News (Cyclone Ditwah relief, Rupee, Tourism)","1"
"7665","8","Electricity Tariffs & CEB","1"
"7666","1","General Sri Lanka News (Cyclone Ditwah relief, Rupee, Tourism)","1"
"7667","1","General Sri Lanka News (Cyclone Ditwah relief, Rupee, Tourism)","1"
"7668","2","Arrests, Bribery & Corruption (CIABOC)","1"
"7669","6","Transport & Railways","1"
"7670","3","Violence, Shootings & Fatal Accidents","1"
"7671","0","Cricket","1"
"7672","14","US/China Trade & Tariffs","1"
"7673","13","Media, Online Safety & News Digests","1"
"7674","1","General Sri Lanka News (Cyclone Ditwah relief, Rupee, Tourism)","1"
"7675","11","Wildlife & Human-Elephant Conflict","1"
"7676","2","Arrests, Bribery & Corruption (CIABOC)","1"
"7677","4","Weather & Flood Warnings","1"
"7678","1","General Sri Lanka News (Cyclone Ditwah relief, Rupee, Tourism)","1"
"7679","4","Weather & Flood Warnings","1"
"7680","1","General Sri Lanka News (Cyclone Ditwah relief, Rupee, Tourism)","1"
"7681","3","Violence, Shootings & Fatal Accidents","1"
"7682","0","Cricket","1"
"7683","0","Cricket","1"
"7684","0","Cricket","1"
"7685","0","Cricket","1"
"7686","3","Violence, Shootings & Fatal Accidents","1"
"7687","3","Violence, Shootings & Fatal Accidents","1"
"7688","1","General Sri Lanka News (Cyclone Ditwah relief, Rupee, Tourism)","1"
"7689","1","General Sri Lanka News (Cyclone Ditwah relief, Rupee, Tourism)","1"
"7690","0","Cricket","1"
"7691","1","General Sri Lanka News (Cyclone Ditwah relief, Rupee, Tourism)","1"
"7692","2","Arrests, Bribery & Corruption (CIABOC)","1"
"7693","1","General Sri Lanka News (Cyclone Ditwah relief, Rupee, Tourism)","1"
"7694","0","Cricket","1"
"7695","0","Cricket","1"
"7696","17","Healthcare Worker Strikes (GMOA)","1"
"7697","0","Cricket","1"
"7698","2","Arrests, Bribery & Corruption (CIABOC)","1"
"7699","4","Weather & Flood Warnings","1"
"7700","7","Health & Dengue","1"
"7701","0","Cricket","1"
"7702","1","General Sri Lanka News (Cyclone Ditwah relief, Rupee, Tourism)","1"
"7703","4","Weather & Flood Warnings","1"
"7704","3","Violence, Shootings & Fatal Accidents","1"
"7705","0","Cricket","1"
"7706","2","Arrests, Bribery & Corruption (CIABOC)","1"
"7707","0","Cricket","1"
"7708","3","Violence, Shootings & Fatal Accidents","1"
"7709","3","Violence, Shootings & Fatal Accidents","1"
"7710","2","Arrests, Bribery & Corruption (CIABOC)","1"
"7711","15","Public Holidays & Special Traffic Plans","1"
"7712","6","Transport & Railways","1"
"7713","4","Weather & Flood Warnings","1"
"7714","16","Stock Market (CSE)","1"
"7715","3","Violence, Shootings & Fatal Accidents","1"
"7716","5","Iran War & Geopolitics (Trump/Hormuz)","1"
"7717","1","General Sri Lanka News (Cyclone Ditwah relief, Rupee, Tourism)","1"
"7718","4","Weather & Flood Warnings","1"
"7719","15","Public Holidays & Special Traffic Plans","1"
"7720","7","Health & Dengue","1"
"7721","13","Media, Online Safety & News Digests","1"
"7722","2","Arrests, Bribery & Corruption (CIABOC)","1"
"7723","13","Media, Online Safety & News Digests","1"
"7724","16","Stock Market (CSE)","1"
"7725","2","Arrests, Bribery & Corruption (CIABOC)","1"
"7726","2","Arrests, Bribery & Corruption (CIABOC)","1"
"7727","15","Public Holidays & Special Traffic Plans","1"
"7728","4","Weather & Flood Warnings","1"
"7729","2","Arrests, Bribery & Corruption (CIABOC)","1"
"7730","4","Weather & Flood Warnings","1"
"7731","22","Liquor Shop Regulations","1"
"7732","3","Violence, Shootings & Fatal Accidents","1"
"7733","13","Media, Online Safety & News Digests","1"
"7734","18","Easter Sunday Attacks (Retrospective/Legal)","1"
"7735","5","Iran War & Geopolitics (Trump/Hormuz)","1"
"7736","4","Weather & Flood Warnings","1"
"7737","2","Arrests, Bribery & Corruption (CIABOC)","1"
"7738","22","Liquor Shop Regulations","1"
"7739","6","Transport & Railways","1"
"7740","4","Weather & Flood Warnings","1"
"7741","3","Violence, Shootings & Fatal Accidents","1"
"7742","6","Transport & Railways","1"
"7743","4","Weather & Flood Warnings","1"
"7744","11","Wildlife & Human-Elephant Conflict","1"
"7745","15","Public Holidays & Special Traffic Plans","1"
"7746","2","Arrests, Bribery & Corruption (CIABOC)","1"
"7747","4","Weather & Flood Warnings","1"
"7748","6","Transport & Railways","1"
"7749","6","Transport & Railways","1"
"7750","0","Cricket","1"
"7751","5","Iran War & Geopolitics (Trump/Hormuz)","1"
"7752","3","Violence, Shootings & Fatal Accidents","1"
"7753","14","US/China Trade & Tariffs","1"
"7754","1","General Sri Lanka News (Cyclone Ditwah relief, Rupee, Tourism)","1"
"7755","2","Arrests, Bribery & Corruption (CIABOC)","1"
"7756","1","General Sri Lanka News (Cyclone Ditwah relief, Rupee, Tourism)","1"
"7757","16","Stock Market (CSE)","1"
"7758","6","Transport & Railways","1"
"7759","3","Violence, Shootings & Fatal Accidents","1"
"7760","6","Transport & Railways","1"
"7761","4","Weather & Flood Warnings","1"
"7762","0","Cricket","1"
"7763","2","Arrests, Bribery & Corruption (CIABOC)","1"
"7764","9","Fuel & Oil Prices (CPC)","1"
"7765","6","Transport & Railways","1"
"7766","3","Violence, Shootings & Fatal Accidents","1"
"7767","0","Cricket","1"
"7768","2","Arrests, Bribery & Corruption (CIABOC)","1"
"7769","2","Arrests, Bribery & Corruption (CIABOC)","1"
"7770","1","General Sri Lanka News (Cyclone Ditwah relief, Rupee, Tourism)","1"
"7771","1","General Sri Lanka News (Cyclone Ditwah relief, Rupee, Tourism)","1"
"7772","7","Health & Dengue","1"
"7773","0","Cricket","1"
"7774","11","Wildlife & Human-Elephant Conflict","1"
"7775","0","Cricket","1"
"7776","1","General Sri Lanka News (Cyclone Ditwah relief, Rupee, Tourism)","1"
"7777","3","Violence, Shootings & Fatal Accidents","1"
"7778","15","Public Holidays & Special Traffic Plans","1"
"7779","1","General Sri Lanka News (Cyclone Ditwah relief, Rupee, Tourism)","1"
"7780","1","General Sri Lanka News (Cyclone Ditwah relief, Rupee, Tourism)","1"
"7781","0","Cricket","1"
"7782","0","Cricket","1"
"7783","0","Cricket","1"
"7784","2","Arrests, Bribery & Corruption (CIABOC)","1"
"7785","16","Stock Market (CSE)","1"
"7786","0","Cricket","1"
"7787","0","Cricket","1"
"7788","1","General Sri Lanka News (Cyclone Ditwah relief, Rupee, Tourism)","1"
"7789","1","General Sri Lanka News (Cyclone Ditwah relief, Rupee, Tourism)","1"
"7790","1","General Sri Lanka News (Cyclone Ditwah relief, Rupee, Tourism)","1"
"7791","10","Education & Examinations","1"
"7792","15","Public Holidays & Special Traffic Plans","1"
"7793","1","General Sri Lanka News (Cyclone Ditwah relief, Rupee, Tourism)","1"
"7794","1","General Sri Lanka News (Cyclone Ditwah relief, Rupee, Tourism)","1"
"7795","1","General Sri Lanka News (Cyclone Ditwah relief, Rupee, Tourism)","1"
"7796","0","Cricket","1"
"7797","3","Violence, Shootings & Fatal Accidents","1"
"7798","12","Consumer Prices & Food (Rice/CAA)","1"
"7799","0","Cricket","1"
"7800","9","Fuel & Oil Prices (CPC)","1"
"7801","10","Education & Examinations","1"
"7802","1","General Sri Lanka News (Cyclone Ditwah relief, Rupee, Tourism)","1"
"7803","14","US/China Trade & Tariffs","1"
"7804","1","General Sri Lanka News (Cyclone Ditwah relief, Rupee, Tourism)","1"
"7805","10","Education & Examinations","1"
"7806","6","Transport & Railways","1"
"7807","4","Weather & Flood Warnings","1"
"7808","1","General Sri Lanka News (Cyclone Ditwah relief, Rupee, Tourism)","1"
"7809","12","Consumer Prices & Food (Rice/CAA)","1"
"7810","1","General Sri Lanka News (Cyclone Ditwah relief, Rupee, Tourism)","1"
"7811","0","Cricket","1"
"7812","6","Transport & Railways","1"
"7813","0","Cricket","1"
"7814","6","Transport & Railways","1"
"7815","3","Violence, Shootings & Fatal Accidents","1"
"7816","1","General Sri Lanka News (Cyclone Ditwah relief, Rupee, Tourism)","1"
"7817","0","Cricket","1"
"7818","1","General Sri Lanka News (Cyclone Ditwah relief, Rupee, Tourism)","1"
"7819","0","Cricket","1"
"7820","0","Cricket","1"
"7821","5","Iran War & Geopolitics (Trump/Hormuz)","1"
"7822","10","Education & Examinations","1"
"7823","1","General Sri Lanka News (Cyclone Ditwah relief, Rupee, Tourism)","1"
"7824","1","General Sri Lanka News (Cyclone Ditwah relief, Rupee, Tourism)","1"
"7825","6","Transport & Railways","1"
"7826","3","Violence, Shootings & Fatal Accidents","1"
"7827","11","Wildlife & Human-Elephant Conflict","1"
"7828","1","General Sri Lanka News (Cyclone Ditwah relief, Rupee, Tourism)","1"
"7829","18","Easter Sunday Attacks (Retrospective/Legal)","1"
"7830","3","Violence, Shootings & Fatal Accidents","1"
"7831","8","Electricity Tariffs & CEB","1"
"7832","2","Arrests, Bribery & Corruption (CIABOC)","1"
"7833","6","Transport & Railways","1"
"7834","0","Cricket","1"
"7835","4","Weather & Flood Warnings","1"
"7836","8","Electricity Tariffs & CEB","1"
"7837","3","Violence, Shootings & Fatal Accidents","1"
"7838","1","General Sri Lanka News (Cyclone Ditwah relief, Rupee, Tourism)","1"
"7839","0","Cricket","1"
"7840","16","Stock Market (CSE)","1"
"7841","1","General Sri Lanka News (Cyclone Ditwah relief, Rupee, Tourism)","1"
"7842","0","Cricket","1"
"7843","0","Cricket","1"
"7844","0","Cricket","1"
"7845","1","General Sri Lanka News (Cyclone Ditwah relief, Rupee, Tourism)","1"
"7846","4","Weather & Flood Warnings","1"
"7847","0","Cricket","1"
"7848","8","Electricity Tariffs & CEB","1"
"7849","13","Media, Online Safety & News Digests","1"
"7850","7","Health & Dengue","1"
"7851","6","Transport & Railways","1"
"7852","3","Violence, Shootings & Fatal Accidents","1"
"7853","0","Cricket","1"
"7854","7","Health & Dengue","1"
"7855","2","Arrests, Bribery & Corruption (CIABOC)","1"
"7856","5","Iran War & Geopolitics (Trump/Hormuz)","1"
"7857","1","General Sri Lanka News (Cyclone Ditwah relief, Rupee, Tourism)","1"
"7858","14","US/China Trade & Tariffs","1"
"7859","10","Education & Examinations","1"
"7860","7","Health & Dengue","1"
"7861","7","Health & Dengue","1"
"7862","15","Public Holidays & Special Traffic Plans","1"
"7863","7","Health & Dengue","1"
"7864","4","Weather & Flood Warnings","1"
"7865","1","General Sri Lanka News (Cyclone Ditwah relief, Rupee, Tourism)","1"
"7866","14","US/China Trade & Tariffs","1"
"7867","11","Wildlife & Human-Elephant Conflict","1"
"7868","2","Arrests, Bribery & Corruption (CIABOC)","1"
"7869","1","General Sri Lanka News (Cyclone Ditwah relief, Rupee, Tourism)","1"
"7870","11","Wildlife & Human-Elephant Conflict","1"
"7871","3","Violence, Shootings & Fatal Accidents","1"
"7872","1","General Sri Lanka News (Cyclone Ditwah relief, Rupee, Tourism)","1"
"7873","1","General Sri Lanka News (Cyclone Ditwah relief, Rupee, Tourism)","1"
"7874","2","Arrests, Bribery & Corruption (CIABOC)","1"
"7875","2","Arrests, Bribery & Corruption (CIABOC)","1"
"7876","10","Education & Examinations","1"
"7877","1","General Sri Lanka News (Cyclone Ditwah relief, Rupee, Tourism)","1"
"7878","14","US/China Trade & Tariffs","1"
"7879","0","Cricket","1"
"7880","2","Arrests, Bribery & Corruption (CIABOC)","1"
"7881","11","Wildlife & Human-Elephant Conflict","1"
"7882","6","Transport & Railways","1"
"7883","3","Violence, Shootings & Fatal Accidents","1"
"7884","2","Arrests, Bribery & Corruption (CIABOC)","1"
"7885","7","Health & Dengue","1"
"7886","1","General Sri Lanka News (Cyclone Ditwah relief, Rupee, Tourism)","1"
"7887","2","Arrests, Bribery & Corruption (CIABOC)","1"
"7888","3","Violence, Shootings & Fatal Accidents","1"
"7889","1","General Sri Lanka News (Cyclone Ditwah relief, Rupee, Tourism)","1"
"7890","23","Elon Musk & Global Business News","1"
"7891","0","Cricket","1"
"7892","0","Cricket","1"
"7893","1","General Sri Lanka News (Cyclone Ditwah relief, Rupee, Tourism)","1"
"7894","1","General Sri Lanka News (Cyclone Ditwah relief, Rupee, Tourism)","1"
"7895","0","Cricket","1"
"7896","0","Cricket","1"
"7897","2","Arrests, Bribery & Corruption (CIABOC)","1"
"7898","0","Cricket","1"
"7899","0","Cricket","1"
"7900","6","Transport & Railways","1"
"7901","0","Cricket","1"
"7902","3","Violence, Shootings & Fatal Accidents","1"
"7903","0","Cricket","1"
"7904","1","General Sri Lanka News (Cyclone Ditwah relief, Rupee, Tourism)","1"
"7905","2","Arrests, Bribery & Corruption (CIABOC)","1"
"7906","11","Wildlife & Human-Elephant Conflict","1"
"7907","12","Consumer Prices & Food (Rice/CAA)","1"
"7908","6","Transport & Railways","1"
"7909","5","Iran War & Geopolitics (Trump/Hormuz)","1"
"7910","1","General Sri Lanka News (Cyclone Ditwah relief, Rupee, Tourism)","1"
"7911","0","Cricket","1"
"7912","7","Health & Dengue","1"
"7913","4","Weather & Flood Warnings","1"
"7914","1","General Sri Lanka News (Cyclone Ditwah relief, Rupee, Tourism)","1"
"7915","0","Cricket","1"
"7916","2","Arrests, Bribery & Corruption (CIABOC)","1"
"7917","6","Transport & Railways","1"
"7918","4","Weather & Flood Warnings","1"
"7919","1","General Sri Lanka News (Cyclone Ditwah relief, Rupee, Tourism)","1"
"7920","8","Electricity Tariffs & CEB","1"
"7921","1","General Sri Lanka News (Cyclone Ditwah relief, Rupee, Tourism)","1"
"7922","16","Stock Market (CSE)","1"
"7923","12","Consumer Prices & Food (Rice/CAA)","1"
"7924","0","Cricket","1"
"7925","0","Cricket","1"
"7926","3","Violence, Shootings & Fatal Accidents","1"
"7927","1","General Sri Lanka News (Cyclone Ditwah relief, Rupee, Tourism)","1"
"7928","1","General Sri Lanka News (Cyclone Ditwah relief, Rupee, Tourism)","1"
"7929","0","Cricket","1"
"7930","11","Wildlife & Human-Elephant Conflict","1"
"7931","7","Health & Dengue","1"
"7932","2","Arrests, Bribery & Corruption (CIABOC)","1"
"7933","6","Transport & Railways","1"
"7934","0","Cricket","1"
"7935","0","Cricket","1"
"7936","1","General Sri Lanka News (Cyclone Ditwah relief, Rupee, Tourism)","1"
"7937","0","Cricket","1"
"7938","1","General Sri Lanka News (Cyclone Ditwah relief, Rupee, Tourism)","1"
"7939","14","US/China Trade & Tariffs","1"
"7940","0","Cricket","1"
"7941","0","Cricket","1"
"7942","3","Violence, Shootings & Fatal Accidents","1"
"7943","4","Weather & Flood Warnings","1"
"7944","1","General Sri Lanka News (Cyclone Ditwah relief, Rupee, Tourism)","1"
"7945","4","Weather & Flood Warnings","1"
"7946","0","Cricket","1"
"7947","0","Cricket","1"
"7948","7","Health & Dengue","1"
"7949","1","General Sri Lanka News (Cyclone Ditwah relief, Rupee, Tourism)","1"
"7950","12","Consumer Prices & Food (Rice/CAA)","1"
"7951","3","Violence, Shootings & Fatal Accidents","1"
"7952","7","Health & Dengue","1"
"7953","14","US/China Trade & Tariffs","1"
"7954","7","Health & Dengue","1"
"7955","3","Violence, Shootings & Fatal Accidents","1"
"7956","3","Violence, Shootings & Fatal Accidents","1"
"7957","2","Arrests, Bribery & Corruption (CIABOC)","1"
"7958","1","General Sri Lanka News (Cyclone Ditwah relief, Rupee, Tourism)","1"
"7959","1","General Sri Lanka News (Cyclone Ditwah relief, Rupee, Tourism)","1"
"7960","0","Cricket","1"
"7961","0","Cricket","1"
"7962","0","Cricket","1"
"7963","0","Cricket","1"
"7964","7","Health & Dengue","1"
"7965","1","General Sri Lanka News (Cyclone Ditwah relief, Rupee, Tourism)","1"
"7966","6","Transport & Railways","1"
"7967","4","Weather & Flood Warnings","1"
"7968","16","Stock Market (CSE)","1"
"7969","10","Education & Examinations","1"
"7970","13","Media, Online Safety & News Digests","1"
"7971","1","General Sri Lanka News (Cyclone Ditwah relief, Rupee, Tourism)","1"
"7972","1","General Sri Lanka News (Cyclone Ditwah relief, Rupee, Tourism)","1"
"7973","4","Weather & Flood Warnings","1"
"7974","0","Cricket","1"
"7975","4","Weather & Flood Warnings","1"
"7976","10","Education & Examinations","1"
"7977","15","Public Holidays & Special Traffic Plans","1"
"7978","1","General Sri Lanka News (Cyclone Ditwah relief, Rupee, Tourism)","1"
"7979","4","Weather & Flood Warnings","1"
"7980","1","General Sri Lanka News (Cyclone Ditwah relief, Rupee, Tourism)","1"
"7981","11","Wildlife & Human-Elephant Conflict","1"
"7982","0","Cricket","1"
"7983","1","General Sri Lanka News (Cyclone Ditwah relief, Rupee, Tourism)","1"
"7984","9","Fuel & Oil Prices (CPC)","1"
"7985","14","US/China Trade & Tariffs","1"
"7986","1","General Sri Lanka News (Cyclone Ditwah relief, Rupee, Tourism)","1"
"7987","11","Wildlife & Human-Elephant Conflict","1"
"7988","2","Arrests, Bribery & Corruption (CIABOC)","1"
"7989","4","Weather & Flood Warnings","1"
"7990","0","Cricket","1"
"7991","7","Health & Dengue","1"
"7992","6","Transport & Railways","1"
"7993","0","Cricket","1"
"7994","1","General Sri Lanka News (Cyclone Ditwah relief, Rupee, Tourism)","1"
"7995","2","Arrests, Bribery & Corruption (CIABOC)","1"
"7996","3","Violence, Shootings & Fatal Accidents","1"
"7997","1","General Sri Lanka News (Cyclone Ditwah relief, Rupee, Tourism)","1"
"7998","6","Transport & Railways","1"
"7999","1","General Sri Lanka News (Cyclone Ditwah relief, Rupee, Tourism)","1"
"8000","1","General Sri Lanka News (Cyclone Ditwah relief, Rupee, Tourism)","1"
"8001","1","General Sri Lanka News (Cyclone Ditwah relief, Rupee, Tourism)","1"
"8002","4","Weather & Flood Warnings","1"
"8003","3","Violence, Shootings & Fatal Accidents","1"
"8004","2","Arrests, Bribery & Corruption (CIABOC)","1"
"8005","4","Weather & Flood Warnings","1"
"8006","0","Cricket","1"
"8007","0","Cricket","1"
"8008","0","Cricket","1"
"8009","2","Arrests, Bribery & Corruption (CIABOC)","1"
"8010","0","Cricket","1"
"8011","2","Arrests, Bribery & Corruption (CIABOC)","1"
"8012","4","Weather & Flood Warnings","1"
"8013","3","Violence, Shootings & Fatal Accidents","1"
"8014","13","Media, Online Safety & News Digests","1"
"8015","1","General Sri Lanka News (Cyclone Ditwah relief, Rupee, Tourism)","1"
"8016","6","Transport & Railways","1"
"8017","0","Cricket","1"
"8018","17","Healthcare Worker Strikes (GMOA)","1"
"8019","0","Cricket","1"
"8020","21","AI & Digital Education","1"
"8021","13","Media, Online Safety & News Digests","1"
"8022","1","General Sri Lanka News (Cyclone Ditwah relief, Rupee, Tourism)","1"
"8023","3","Violence, Shootings & Fatal Accidents","1"
"8024","14","US/China Trade & Tariffs","1"
"8025","2","Arrests, Bribery & Corruption (CIABOC)","1"
"8026","3","Violence, Shootings & Fatal Accidents","1"
"8027","1","General Sri Lanka News (Cyclone Ditwah relief, Rupee, Tourism)","1"
"8028","11","Wildlife & Human-Elephant Conflict","1"
"8029","0","Cricket","1"
"8030","3","Violence, Shootings & Fatal Accidents","1"
"8031","0","Cricket","1"
"8032","0","Cricket","1"
"8033","0","Cricket","1"
"8034","18","Easter Sunday Attacks (Retrospective/Legal)","1"
"8035","7","Health & Dengue","1"
"8036","7","Health & Dengue","1"
"8037","1","General Sri Lanka News (Cyclone Ditwah relief, Rupee, Tourism)","1"
"8038","11","Wildlife & Human-Elephant Conflict","1"
"8039","0","Cricket","1"
"8040","7","Health & Dengue","1"
"8041","4","Weather & Flood Warnings","1"
"8042","1","General Sri Lanka News (Cyclone Ditwah relief, Rupee, Tourism)","1"
"8043","0","Cricket","1"
"8044","1","General Sri Lanka News (Cyclone Ditwah relief, Rupee, Tourism)","1"
"8045","0","Cricket","1"
"8046","1","General Sri Lanka News (Cyclone Ditwah relief, Rupee, Tourism)","1"
"8047","1","General Sri Lanka News (Cyclone Ditwah relief, Rupee, Tourism)","1"
"8048","8","Electricity Tariffs & CEB","1"
"8049","1","General Sri Lanka News (Cyclone Ditwah relief, Rupee, Tourism)","1"
"8050","1","General Sri Lanka News (Cyclone Ditwah relief, Rupee, Tourism)","1"
"8051","6","Transport & Railways","1"
"8052","0","Cricket","1"
"8053","0","Cricket","1"
"8054","1","General Sri Lanka News (Cyclone Ditwah relief, Rupee, Tourism)","1"
"8055","0","Cricket","1"
"8056","0","Cricket","1"
"8057","0","Cricket","1"
"8058","4","Weather & Flood Warnings","1"
"8059","3","Violence, Shootings & Fatal Accidents","1"
"8060","4","Weather & Flood Warnings","1"
"8061","0","Cricket","1"
"8062","0","Cricket","1"
"8063","2","Arrests, Bribery & Corruption (CIABOC)","1"
"8064","0","Cricket","1"
"8065","2","Arrests, Bribery & Corruption (CIABOC)","1"
"8066","10","Education & Examinations","1"
"8067","7","Health & Dengue","1"
"8068","1","General Sri Lanka News (Cyclone Ditwah relief, Rupee, Tourism)","1"
"8069","1","General Sri Lanka News (Cyclone Ditwah relief, Rupee, Tourism)","1"
"8070","12","Consumer Prices & Food (Rice/CAA)","1"
"8071","0","Cricket","1"
"8072","1","General Sri Lanka News (Cyclone Ditwah relief, Rupee, Tourism)","1"
"8073","0","Cricket","1"
"8074","2","Arrests, Bribery & Corruption (CIABOC)","1"
"8075","23","Elon Musk & Global Business News","1"
"8076","0","Cricket","1"
"8077","1","General Sri Lanka News (Cyclone Ditwah relief, Rupee, Tourism)","1"
"8078","0","Cricket","1"
"8079","2","Arrests, Bribery & Corruption (CIABOC)","1"
"8080","3","Violence, Shootings & Fatal Accidents","1"
"8081","12","Consumer Prices & Food (Rice/CAA)","1"
"8082","1","General Sri Lanka News (Cyclone Ditwah relief, Rupee, Tourism)","1"
"8083","0","Cricket","1"
"8084","4","Weather & Flood Warnings","1"
"8085","2","Arrests, Bribery & Corruption (CIABOC)","1"
"8086","1","General Sri Lanka News (Cyclone Ditwah relief, Rupee, Tourism)","1"
"8087","3","Violence, Shootings & Fatal Accidents","1"
"8088","7","Health & Dengue","1"
"8089","2","Arrests, Bribery & Corruption (CIABOC)","1"
"8090","1","General Sri Lanka News (Cyclone Ditwah relief, Rupee, Tourism)","1"
"8091","14","US/China Trade & Tariffs","1"
"8092","4","Weather & Flood Warnings","1"
"8093","10","Education & Examinations","1"
"8094","1","General Sri Lanka News (Cyclone Ditwah relief, Rupee, Tourism)","1"
"8095","3","Violence, Shootings & Fatal Accidents","1"
"8096","1","General Sri Lanka News (Cyclone Ditwah relief, Rupee, Tourism)","1"
"8097","3","Violence, Shootings & Fatal Accidents","1"
"8098","1","General Sri Lanka News (Cyclone Ditwah relief, Rupee, Tourism)","1"
"8099","10","Education & Examinations","1"
"8100","1","General Sri Lanka News (Cyclone Ditwah relief, Rupee, Tourism)","1"
"8101","1","General Sri Lanka News (Cyclone Ditwah relief, Rupee, Tourism)","1"
"8102","2","Arrests, Bribery & Corruption (CIABOC)","1"
"8103","1","General Sri Lanka News (Cyclone Ditwah relief, Rupee, Tourism)","1"
"8104","10","Education & Examinations","1"
"8105","19","NASA & Space (Artemis)","1"
"8106","0","Cricket","1"
"8107","1","General Sri Lanka News (Cyclone Ditwah relief, Rupee, Tourism)","1"
"8108","10","Education & Examinations","1"
"8109","0","Cricket","1"
"8110","15","Public Holidays & Special Traffic Plans","1"
"8111","1","General Sri Lanka News (Cyclone Ditwah relief, Rupee, Tourism)","1"
"8112","2","Arrests, Bribery & Corruption (CIABOC)","1"
"8113","3","Violence, Shootings & Fatal Accidents","1"
"8114","1","General Sri Lanka News (Cyclone Ditwah relief, Rupee, Tourism)","1"
"8115","1","General Sri Lanka News (Cyclone Ditwah relief, Rupee, Tourism)","1"
"8116","0","Cricket","1"
"8117","0","Cricket","1"
"8118","0","Cricket","1"
"8119","3","Violence, Shootings & Fatal Accidents","1"
"8120","1","General Sri Lanka News (Cyclone Ditwah relief, Rupee, Tourism)","1"
"8121","1","General Sri Lanka News (Cyclone Ditwah relief, Rupee, Tourism)","1"
"8122","2","Arrests, Bribery & Corruption (CIABOC)","1"
"8123","3","Violence, Shootings & Fatal Accidents","1"
"8124","1","General Sri Lanka News (Cyclone Ditwah relief, Rupee, Tourism)","1"
"8125","1","General Sri Lanka News (Cyclone Ditwah relief, Rupee, Tourism)","1"
"8126","6","Transport & Railways","1"
"8127","4","Weather & Flood Warnings","1"
"8128","1","General Sri Lanka News (Cyclone Ditwah relief, Rupee, Tourism)","1"
"8129","7","Health & Dengue","1"
"8130","12","Consumer Prices & Food (Rice/CAA)","1"
"8131","2","Arrests, Bribery & Corruption (CIABOC)","1"
"8132","2","Arrests, Bribery & Corruption (CIABOC)","1"
"8133","3","Violence, Shootings & Fatal Accidents","1"
"8134","3","Violence, Shootings & Fatal Accidents","1"
"8135","0","Cricket","1"
"8136","0","Cricket","1"
"8137","1","General Sri Lanka News (Cyclone Ditwah relief, Rupee, Tourism)","1"
"8138","4","Weather & Flood Warnings","1"
"8139","0","Cricket","1"
"8140","3","Violence, Shootings & Fatal Accidents","1"
"8141","1","General Sri Lanka News (Cyclone Ditwah relief, Rupee, Tourism)","1"
"8142","1","General Sri Lanka News (Cyclone Ditwah relief, Rupee, Tourism)","1"
"8143","15","Public Holidays & Special Traffic Plans","1"
"8144","3","Violence, Shootings & Fatal Accidents","1"
"8145","2","Arrests, Bribery & Corruption (CIABOC)","1"
"8146","4","Weather & Flood Warnings","1"
"8147","1","General Sri Lanka News (Cyclone Ditwah relief, Rupee, Tourism)","1"
"8148","1","General Sri Lanka News (Cyclone Ditwah relief, Rupee, Tourism)","1"
"8149","2","Arrests, Bribery & Corruption (CIABOC)","1"
"8150","1","General Sri Lanka News (Cyclone Ditwah relief, Rupee, Tourism)","1"
"8151","1","General Sri Lanka News (Cyclone Ditwah relief, Rupee, Tourism)","1"
"8152","10","Education & Examinations","1"
"8153","1","General Sri Lanka News (Cyclone Ditwah relief, Rupee, Tourism)","1"
"8154","9","Fuel & Oil Prices (CPC)","1"
"8155","0","Cricket","1"
"8156","21","AI & Digital Education","1"
"8157","3","Violence, Shootings & Fatal Accidents","1"
"8158","0","Cricket","1"
"8159","2","Arrests, Bribery & Corruption (CIABOC)","1"
"8160","4","Weather & Flood Warnings","1"
"8161","7","Health & Dengue","1"
"8162","1","General Sri Lanka News (Cyclone Ditwah relief, Rupee, Tourism)","1"
"8163","2","Arrests, Bribery & Corruption (CIABOC)","1"
"8164","2","Arrests, Bribery & Corruption (CIABOC)","1"
"8165","5","Iran War & Geopolitics (Trump/Hormuz)","1"
"8166","2","Arrests, Bribery & Corruption (CIABOC)","1"
"8167","1","General Sri Lanka News (Cyclone Ditwah relief, Rupee, Tourism)","1"
"8168","1","General Sri Lanka News (Cyclone Ditwah relief, Rupee, Tourism)","1"
"8169","14","US/China Trade & Tariffs","1"
"8170","1","General Sri Lanka News (Cyclone Ditwah relief, Rupee, Tourism)","1"
"8171","0","Cricket","1"
"8172","0","Cricket","1"
"8173","1","General Sri Lanka News (Cyclone Ditwah relief, Rupee, Tourism)","1"
"8174","2","Arrests, Bribery & Corruption (CIABOC)","1"
"8175","12","Consumer Prices & Food (Rice/CAA)","1"
"8176","2","Arrests, Bribery & Corruption (CIABOC)","1"
"8177","2","Arrests, Bribery & Corruption (CIABOC)","1"
"8178","15","Public Holidays & Special Traffic Plans","1"
"8179","4","Weather & Flood Warnings","1"
"8180","10","Education & Examinations","1"
"8181","0","Cricket","1"
"8182","4","Weather & Flood Warnings","1"
"8183","8","Electricity Tariffs & CEB","1"
"8184","4","Weather & Flood Warnings","1"
"8185","4","Weather & Flood Warnings","1"
"8186","4","Weather & Flood Warnings","1"
"8187","2","Arrests, Bribery & Corruption (CIABOC)","1"
"8188","4","Weather & Flood Warnings","1"
"8189","1","General Sri Lanka News (Cyclone Ditwah relief, Rupee, Tourism)","1"
"8190","0","Cricket","1"
"8191","0","Cricket","1"
"8192","16","Stock Market (CSE)","1"
"8193","0","Cricket","1"
"8194","1","General Sri Lanka News (Cyclone Ditwah relief, Rupee, Tourism)","1"
"8195","3","Violence, Shootings & Fatal Accidents","1"
"8196","11","Wildlife & Human-Elephant Conflict","1"
"8197","1","General Sri Lanka News (Cyclone Ditwah relief, Rupee, Tourism)","1"
"8198","3","Violence, Shootings & Fatal Accidents","1"
"8199","1","General Sri Lanka News (Cyclone Ditwah relief, Rupee, Tourism)","1"
"8200","0","Cricket","1"
"8201","0","Cricket","1"
"8202","2","Arrests, Bribery & Corruption (CIABOC)","1"
"8203","0","Cricket","1"
"8204","1","General Sri Lanka News (Cyclone Ditwah relief, Rupee, Tourism)","1"
"8205","1","General Sri Lanka News (Cyclone Ditwah relief, Rupee, Tourism)","1"
"8206","1","General Sri Lanka News (Cyclone Ditwah relief, Rupee, Tourism)","1"
"8207","1","General Sri Lanka News (Cyclone Ditwah relief, Rupee, Tourism)","1"
"8208","1","General Sri Lanka News (Cyclone Ditwah relief, Rupee, Tourism)","1"
"8209","1","General Sri Lanka News (Cyclone Ditwah relief, Rupee, Tourism)","1"
"8210","0","Cricket","1"
"8211","11","Wildlife & Human-Elephant Conflict","1"
"8212","4","Weather & Flood Warnings","1"
"8213","2","Arrests, Bribery & Corruption (CIABOC)","1"
"8214","2","Arrests, Bribery & Corruption (CIABOC)","1"
"8215","7","Health & Dengue","1"
"8216","4","Weather & Flood Warnings","1"
"8217","2","Arrests, Bribery & Corruption (CIABOC)","1"
"8218","2","Arrests, Bribery & Corruption (CIABOC)","1"
"8219","2","Arrests, Bribery & Corruption (CIABOC)","1"
"8220","0","Cricket","1"
"8221","0","Cricket","1"
"8222","0","Cricket","1"
"8223","1","General Sri Lanka News (Cyclone Ditwah relief, Rupee, Tourism)","1"
"8224","5","Iran War & Geopolitics (Trump/Hormuz)","1"
"8225","4","Weather & Flood Warnings","1"
"8226","1","General Sri Lanka News (Cyclone Ditwah relief, Rupee, Tourism)","1"
"8227","1","General Sri Lanka News (Cyclone Ditwah relief, Rupee, Tourism)","1"
"8228","2","Arrests, Bribery & Corruption (CIABOC)","1"
"8229","1","General Sri Lanka News (Cyclone Ditwah relief, Rupee, Tourism)","1"
"8230","14","US/China Trade & Tariffs","1"
"8231","3","Violence, Shootings & Fatal Accidents","1"
"8232","1","General Sri Lanka News (Cyclone Ditwah relief, Rupee, Tourism)","1"
"8233","2","Arrests, Bribery & Corruption (CIABOC)","1"
"8234","12","Consumer Prices & Food (Rice/CAA)","1"
"8235","0","Cricket","1"
"8236","4","Weather & Flood Warnings","1"
"8237","4","Weather & Flood Warnings","1"
"8238","0","Cricket","1"
"8239","1","General Sri Lanka News (Cyclone Ditwah relief, Rupee, Tourism)","1"
"8240","0","Cricket","1"
"8241","0","Cricket","1"
"8242","3","Violence, Shootings & Fatal Accidents","1"
"8243","18","Easter Sunday Attacks (Retrospective/Legal)","1"
"8244","2","Arrests, Bribery & Corruption (CIABOC)","1"
"8245","4","Weather & Flood Warnings","1"
"8246","1","General Sri Lanka News (Cyclone Ditwah relief, Rupee, Tourism)","1"
"8247","2","Arrests, Bribery & Corruption (CIABOC)","1"
"8248","1","General Sri Lanka News (Cyclone Ditwah relief, Rupee, Tourism)","1"
"8249","14","US/China Trade & Tariffs","1"
"8250","10","Education & Examinations","1"
"8251","10","Education & Examinations","1"
"8252","0","Cricket","1"
"8253","1","General Sri Lanka News (Cyclone Ditwah relief, Rupee, Tourism)","1"
"8254","2","Arrests, Bribery & Corruption (CIABOC)","1"
"8255","7","Health & Dengue","1"
"8256","4","Weather & Flood Warnings","1"
"8257","11","Wildlife & Human-Elephant Conflict","1"
"8258","2","Arrests, Bribery & Corruption (CIABOC)","1"
"8259","10","Education & Examinations","1"
"8260","1","General Sri Lanka News (Cyclone Ditwah relief, Rupee, Tourism)","1"
"8261","4","Weather & Flood Warnings","1"
"8262","1","General Sri Lanka News (Cyclone Ditwah relief, Rupee, Tourism)","1"
"8263","1","General Sri Lanka News (Cyclone Ditwah relief, Rupee, Tourism)","1"
"8264","4","Weather & Flood Warnings","1"
"8265","1","General Sri Lanka News (Cyclone Ditwah relief, Rupee, Tourism)","1"
"8266","1","General Sri Lanka News (Cyclone Ditwah relief, Rupee, Tourism)","1"
"8267","11","Wildlife & Human-Elephant Conflict","1"
"8268","1","General Sri Lanka News (Cyclone Ditwah relief, Rupee, Tourism)","1"
"8269","1","General Sri Lanka News (Cyclone Ditwah relief, Rupee, Tourism)","1"
"8270","1","General Sri Lanka News (Cyclone Ditwah relief, Rupee, Tourism)","1"
"8271","1","General Sri Lanka News (Cyclone Ditwah relief, Rupee, Tourism)","1"
"8272","6","Transport & Railways","1"
"8273","12","Consumer Prices & Food (Rice/CAA)","1"
"8274","13","Media, Online Safety & News Digests","1"
"8275","16","Stock Market (CSE)","1"
"8276","12","Consumer Prices & Food (Rice/CAA)","1"
"8277","0","Cricket","1"
"8278","1","General Sri Lanka News (Cyclone Ditwah relief, Rupee, Tourism)","1"
"8279","1","General Sri Lanka News (Cyclone Ditwah relief, Rupee, Tourism)","1"
"8280","13","Media, Online Safety & News Digests","1"
"8281","10","Education & Examinations","1"
"8282","1","General Sri Lanka News (Cyclone Ditwah relief, Rupee, Tourism)","1"
"8283","10","Education & Examinations","1"
"8284","10","Education & Examinations","1"
"8285","10","Education & Examinations","1"
"8286","1","General Sri Lanka News (Cyclone Ditwah relief, Rupee, Tourism)","1"
"8287","5","Iran War & Geopolitics (Trump/Hormuz)","1"
"8288","14","US/China Trade & Tariffs","1"
"8289","3","Violence, Shootings & Fatal Accidents","1"
"8290","6","Transport & Railways","1"
"8291","1","General Sri Lanka News (Cyclone Ditwah relief, Rupee, Tourism)","1"
"8292","1","General Sri Lanka News (Cyclone Ditwah relief, Rupee, Tourism)","1"
"8293","1","General Sri Lanka News (Cyclone Ditwah relief, Rupee, Tourism)","1"
"8294","4","Weather & Flood Warnings","1"
"8295","0","Cricket","1"
"8296","1","General Sri Lanka News (Cyclone Ditwah relief, Rupee, Tourism)","1"
"8297","1","General Sri Lanka News (Cyclone Ditwah relief, Rupee, Tourism)","1"
"8298","1","General Sri Lanka News (Cyclone Ditwah relief, Rupee, Tourism)","1"
"8299","0","Cricket","1"
"8300","6","Transport & Railways","1"
"8301","0","Cricket","1"
"8302","2","Arrests, Bribery & Corruption (CIABOC)","1"
"8303","4","Weather & Flood Warnings","1"
"8304","1","General Sri Lanka News (Cyclone Ditwah relief, Rupee, Tourism)","1"
"8305","1","General Sri Lanka News (Cyclone Ditwah relief, Rupee, Tourism)","1"
"8306","4","Weather & Flood Warnings","1"
"8307","1","General Sri Lanka News (Cyclone Ditwah relief, Rupee, Tourism)","1"
"8308","4","Weather & Flood Warnings","1"
"8309","4","Weather & Flood Warnings","1"
"8310","2","Arrests, Bribery & Corruption (CIABOC)","1"
"8311","4","Weather & Flood Warnings","1"
"8312","1","General Sri Lanka News (Cyclone Ditwah relief, Rupee, Tourism)","1"
"8313","1","General Sri Lanka News (Cyclone Ditwah relief, Rupee, Tourism)","1"
"8314","1","General Sri Lanka News (Cyclone Ditwah relief, Rupee, Tourism)","1"
"8315","1","General Sri Lanka News (Cyclone Ditwah relief, Rupee, Tourism)","1"
"8316","4","Weather & Flood Warnings","1"
"8317","7","Health & Dengue","1"
"8318","2","Arrests, Bribery & Corruption (CIABOC)","1"
"8319","1","General Sri Lanka News (Cyclone Ditwah relief, Rupee, Tourism)","1"
"8320","4","Weather & Flood Warnings","1"
"8321","1","General Sri Lanka News (Cyclone Ditwah relief, Rupee, Tourism)","1"
"8322","0","Cricket","1"
"8323","1","General Sri Lanka News (Cyclone Ditwah relief, Rupee, Tourism)","1"
"8324","0","Cricket","1"
"8325","2","Arrests, Bribery & Corruption (CIABOC)","1"
"8326","2","Arrests, Bribery & Corruption (CIABOC)","1"
"8327","0","Cricket","1"
"8328","4","Weather & Flood Warnings","1"
"8329","4","Weather & Flood Warnings","1"
"8330","1","General Sri Lanka News (Cyclone Ditwah relief, Rupee, Tourism)","1"
"8331","1","General Sri Lanka News (Cyclone Ditwah relief, Rupee, Tourism)","1"
"8332","6","Transport & Railways","1"
"8333","1","General Sri Lanka News (Cyclone Ditwah relief, Rupee, Tourism)","1"
"8334","0","Cricket","1"
"8335","1","General Sri Lanka News (Cyclone Ditwah relief, Rupee, Tourism)","1"
"8336","4","Weather & Flood Warnings","1"
"8337","1","General Sri Lanka News (Cyclone Ditwah relief, Rupee, Tourism)","1"
"8338","1","General Sri Lanka News (Cyclone Ditwah relief, Rupee, Tourism)","1"
"8339","2","Arrests, Bribery & Corruption (CIABOC)","1"
"8340","5","Iran War & Geopolitics (Trump/Hormuz)","1"
"8341","4","Weather & Flood Warnings","1"
"8342","6","Transport & Railways","1"
"8343","4","Weather & Flood Warnings","1"
"8344","1","General Sri Lanka News (Cyclone Ditwah relief, Rupee, Tourism)","1"
"8345","6","Transport & Railways","1"
"8346","3","Violence, Shootings & Fatal Accidents","1"
"8347","0","Cricket","1"
"8348","12","Consumer Prices & Food (Rice/CAA)","1"
"8349","12","Consumer Prices & Food (Rice/CAA)","1"
"8350","14","US/China Trade & Tariffs","1"
"8351","4","Weather & Flood Warnings","1"
"8352","4","Weather & Flood Warnings","1"
"8353","0","Cricket","1"
"8354","1","General Sri Lanka News (Cyclone Ditwah relief, Rupee, Tourism)","1"
"8355","1","General Sri Lanka News (Cyclone Ditwah relief, Rupee, Tourism)","1"
"8356","4","Weather & Flood Warnings","1"
"8357","3","Violence, Shootings & Fatal Accidents","1"
"8358","1","General Sri Lanka News (Cyclone Ditwah relief, Rupee, Tourism)","1"
"8359","4","Weather & Flood Warnings","1"
"8360","12","Consumer Prices & Food (Rice/CAA)","1"
"8361","1","General Sri Lanka News (Cyclone Ditwah relief, Rupee, Tourism)","1"
"8362","4","Weather & Flood Warnings","1"
"8363","4","Weather & Flood Warnings","1"
"8364","3","Violence, Shootings & Fatal Accidents","1"
"8365","0","Cricket","1"
"8366","13","Media, Online Safety & News Digests","1"
"8367","0","Cricket","1"
"8368","0","Cricket","1"
"8369","3","Violence, Shootings & Fatal Accidents","1"
"8370","8","Electricity Tariffs & CEB","1"
"8371","1","General Sri Lanka News (Cyclone Ditwah relief, Rupee, Tourism)","1"
"8372","3","Violence, Shootings & Fatal Accidents","1"
"8373","4","Weather & Flood Warnings","1"
"8374","0","Cricket","1"
"8375","1","General Sri Lanka News (Cyclone Ditwah relief, Rupee, Tourism)","1"
"8376","1","General Sri Lanka News (Cyclone Ditwah relief, Rupee, Tourism)","1"
"8377","1","General Sri Lanka News (Cyclone Ditwah relief, Rupee, Tourism)","1"
"8378","7","Health & Dengue","1"
"8379","11","Wildlife & Human-Elephant Conflict","1"
"8380","6","Transport & Railways","1"
"8381","1","General Sri Lanka News (Cyclone Ditwah relief, Rupee, Tourism)","1"
"8382","0","Cricket","1"
"8383","8","Electricity Tariffs & CEB","1"
"8384","0","Cricket","1"
"8385","0","Cricket","1"
"8386","1","General Sri Lanka News (Cyclone Ditwah relief, Rupee, Tourism)","1"
"8387","3","Violence, Shootings & Fatal Accidents","1"
"8388","4","Weather & Flood Warnings","1"
"8389","3","Violence, Shootings & Fatal Accidents","1"
"8390","2","Arrests, Bribery & Corruption (CIABOC)","1"
"8391","15","Public Holidays & Special Traffic Plans","1"
"8392","1","General Sri Lanka News (Cyclone Ditwah relief, Rupee, Tourism)","1"
"8393","0","Cricket","1"
"8394","4","Weather & Flood Warnings","1"
"8395","0","Cricket","1"
"8396","0","Cricket","1"
"8397","0","Cricket","1"
"8398","1","General Sri Lanka News (Cyclone Ditwah relief, Rupee, Tourism)","1"
"8399","0","Cricket","1"
"8400","1","General Sri Lanka News (Cyclone Ditwah relief, Rupee, Tourism)","1"
"8401","1","General Sri Lanka News (Cyclone Ditwah relief, Rupee, Tourism)","1"
"8402","8","Electricity Tariffs & CEB","1"
"8403","16","Stock Market (CSE)","1"
"8404","11","Wildlife & Human-Elephant Conflict","1"
"8405","0","Cricket","1"
"8406","23","Elon Musk & Global Business News","1"
"8407","13","Media, Online Safety & News Digests","1"
"8408","4","Weather & Flood Warnings","1"
"8409","14","US/China Trade & Tariffs","1"
"8410","7","Health & Dengue","1"
"8411","1","General Sri Lanka News (Cyclone Ditwah relief, Rupee, Tourism)","1"
"8412","1","General Sri Lanka News (Cyclone Ditwah relief, Rupee, Tourism)","1"
"8413","0","Cricket","1"
"8414","1","General Sri Lanka News (Cyclone Ditwah relief, Rupee, Tourism)","1"
"8415","2","Arrests, Bribery & Corruption (CIABOC)","1"
"8416","8","Electricity Tariffs & CEB","1"
"8417","1","General Sri Lanka News (Cyclone Ditwah relief, Rupee, Tourism)","1"
"8418","0","Cricket","1"
"8419","11","Wildlife & Human-Elephant Conflict","1"
"8420","2","Arrests, Bribery & Corruption (CIABOC)","1"
"8421","0","Cricket","1"
"8422","0","Cricket","1"
"8423","4","Weather & Flood Warnings","1"
"8424","7","Health & Dengue","1"
"8425","5","Iran War & Geopolitics (Trump/Hormuz)","1"
"8426","6","Transport & Railways","1"
"8427","6","Transport & Railways","1"
"8428","6","Transport & Railways","1"
"8429","1","General Sri Lanka News (Cyclone Ditwah relief, Rupee, Tourism)","1"
"8430","1","General Sri Lanka News (Cyclone Ditwah relief, Rupee, Tourism)","1"
"8431","0","Cricket","1"
"8432","1","General Sri Lanka News (Cyclone Ditwah relief, Rupee, Tourism)","1"
"8433","2","Arrests, Bribery & Corruption (CIABOC)","1"
"8434","4","Weather & Flood Warnings","1"
"8435","1","General Sri Lanka News (Cyclone Ditwah relief, Rupee, Tourism)","1"
"8436","13","Media, Online Safety & News Digests","1"
"8437","3","Violence, Shootings & Fatal Accidents","1"
"8438","13","Media, Online Safety & News Digests","1"
"8439","11","Wildlife & Human-Elephant Conflict","1"
"8440","2","Arrests, Bribery & Corruption (CIABOC)","1"
"8441","12","Consumer Prices & Food (Rice/CAA)","1"
"8442","1","General Sri Lanka News (Cyclone Ditwah relief, Rupee, Tourism)","1"
"8443","10","Education & Examinations","1"
"8444","6","Transport & Railways","1"
"8445","0","Cricket","1"
"8446","1","General Sri Lanka News (Cyclone Ditwah relief, Rupee, Tourism)","1"
"8447","4","Weather & Flood Warnings","1"
"8448","4","Weather & Flood Warnings","1"
"8449","8","Electricity Tariffs & CEB","1"
"8450","14","US/China Trade & Tariffs","1"
"8451","0","Cricket","1"
"8452","14","US/China Trade & Tariffs","1"
"8453","1","General Sri Lanka News (Cyclone Ditwah relief, Rupee, Tourism)","1"
"8454","1","General Sri Lanka News (Cyclone Ditwah relief, Rupee, Tourism)","1"
"8455","8","Electricity Tariffs & CEB","1"
"8456","0","Cricket","1"
"8457","6","Transport & Railways","1"
"8458","14","US/China Trade & Tariffs","1"
"8459","4","Weather & Flood Warnings","1"
"8460","2","Arrests, Bribery & Corruption (CIABOC)","1"
"8461","1","General Sri Lanka News (Cyclone Ditwah relief, Rupee, Tourism)","1"
"8462","12","Consumer Prices & Food (Rice/CAA)","1"
"8463","1","General Sri Lanka News (Cyclone Ditwah relief, Rupee, Tourism)","1"
"8464","1","General Sri Lanka News (Cyclone Ditwah relief, Rupee, Tourism)","1"
"8465","3","Violence, Shootings & Fatal Accidents","1"
"8466","3","Violence, Shootings & Fatal Accidents","1"
"8467","6","Transport & Railways","1"
"8468","14","US/China Trade & Tariffs","1"
"8469","6","Transport & Railways","1"
"8470","12","Consumer Prices & Food (Rice/CAA)","1"
"8471","1","General Sri Lanka News (Cyclone Ditwah relief, Rupee, Tourism)","1"
"8472","1","General Sri Lanka News (Cyclone Ditwah relief, Rupee, Tourism)","1"
"8473","1","General Sri Lanka News (Cyclone Ditwah relief, Rupee, Tourism)","1"
"8474","18","Easter Sunday Attacks (Retrospective/Legal)","1"
"8475","1","General Sri Lanka News (Cyclone Ditwah relief, Rupee, Tourism)","1"
"8476","1","General Sri Lanka News (Cyclone Ditwah relief, Rupee, Tourism)","1"
"8477","0","Cricket","1"
"8478","1","General Sri Lanka News (Cyclone Ditwah relief, Rupee, Tourism)","1"
"8479","4","Weather & Flood Warnings","1"
"8480","1","General Sri Lanka News (Cyclone Ditwah relief, Rupee, Tourism)","1"
"8481","1","General Sri Lanka News (Cyclone Ditwah relief, Rupee, Tourism)","1"
"8482","1","General Sri Lanka News (Cyclone Ditwah relief, Rupee, Tourism)","1"
"8483","6","Transport & Railways","1"
"8484","1","General Sri Lanka News (Cyclone Ditwah relief, Rupee, Tourism)","1"
"8485","6","Transport & Railways","1"
"8486","1","General Sri Lanka News (Cyclone Ditwah relief, Rupee, Tourism)","1"
"8487","13","Media, Online Safety & News Digests","1"
"8488","8","Electricity Tariffs & CEB","1"
"8489","6","Transport & Railways","1"
"8490","4","Weather & Flood Warnings","1"
"8491","1","General Sri Lanka News (Cyclone Ditwah relief, Rupee, Tourism)","1"
"8492","4","Weather & Flood Warnings","1"
"8493","3","Violence, Shootings & Fatal Accidents","1"
"8494","10","Education & Examinations","1"
"8495","7","Health & Dengue","1"
"8496","1","General Sri Lanka News (Cyclone Ditwah relief, Rupee, Tourism)","1"
"8497","15","Public Holidays & Special Traffic Plans","1"
"8498","6","Transport & Railways","1"
"8499","3","Violence, Shootings & Fatal Accidents","1"
"8500","1","General Sri Lanka News (Cyclone Ditwah relief, Rupee, Tourism)","1"
"8501","1","General Sri Lanka News (Cyclone Ditwah relief, Rupee, Tourism)","1"
"8502","1","General Sri Lanka News (Cyclone Ditwah relief, Rupee, Tourism)","1"
"8503","16","Stock Market (CSE)","1"
"8504","0","Cricket","1"
"8505","0","Cricket","1"
"8506","8","Electricity Tariffs & CEB","1"
"8507","0","Cricket","1"
"8508","3","Violence, Shootings & Fatal Accidents","1"
"8509","2","Arrests, Bribery & Corruption (CIABOC)","1"
"8510","18","Easter Sunday Attacks (Retrospective/Legal)","1"
"8511","4","Weather & Flood Warnings","1"
"8512","13","Media, Online Safety & News Digests","1"
"8513","4","Weather & Flood Warnings","1"
"8514","6","Transport & Railways","1"
"8515","1","General Sri Lanka News (Cyclone Ditwah relief, Rupee, Tourism)","1"
"8516","1","General Sri Lanka News (Cyclone Ditwah relief, Rupee, Tourism)","1"
"8517","1","General Sri Lanka News (Cyclone Ditwah relief, Rupee, Tourism)","1"
"8518","7","Health & Dengue","1"
"8519","1","General Sri Lanka News (Cyclone Ditwah relief, Rupee, Tourism)","1"
"8520","1","General Sri Lanka News (Cyclone Ditwah relief, Rupee, Tourism)","1"
"8521","1","General Sri Lanka News (Cyclone Ditwah relief, Rupee, Tourism)","1"
"8522","0","Cricket","1"
"8523","12","Consumer Prices & Food (Rice/CAA)","1"
"8524","1","General Sri Lanka News (Cyclone Ditwah relief, Rupee, Tourism)","1"
"8525","6","Transport & Railways","1"
"8526","1","General Sri Lanka News (Cyclone Ditwah relief, Rupee, Tourism)","1"
"8527","1","General Sri Lanka News (Cyclone Ditwah relief, Rupee, Tourism)","1"
"8528","1","General Sri Lanka News (Cyclone Ditwah relief, Rupee, Tourism)","1"
"8529","13","Media, Online Safety & News Digests","1"
"8530","1","General Sri Lanka News (Cyclone Ditwah relief, Rupee, Tourism)","1"
"8531","6","Transport & Railways","1"
"8532","10","Education & Examinations","1"
"8533","0","Cricket","1"
"8534","2","Arrests, Bribery & Corruption (CIABOC)","1"
"8535","1","General Sri Lanka News (Cyclone Ditwah relief, Rupee, Tourism)","1"
"8536","19","NASA & Space (Artemis)","1"
"8537","5","Iran War & Geopolitics (Trump/Hormuz)","1"
"8538","1","General Sri Lanka News (Cyclone Ditwah relief, Rupee, Tourism)","1"
"8539","8","Electricity Tariffs & CEB","1"
"8540","1","General Sri Lanka News (Cyclone Ditwah relief, Rupee, Tourism)","1"
"8541","0","Cricket","1"
"8542","1","General Sri Lanka News (Cyclone Ditwah relief, Rupee, Tourism)","1"
"8543","3","Violence, Shootings & Fatal Accidents","1"
"8544","1","General Sri Lanka News (Cyclone Ditwah relief, Rupee, Tourism)","1"
"8545","1","General Sri Lanka News (Cyclone Ditwah relief, Rupee, Tourism)","1"
"8546","4","Weather & Flood Warnings","1"
"8547","13","Media, Online Safety & News Digests","1"
"8548","0","Cricket","1"
"8549","0","Cricket","1"
"8550","1","General Sri Lanka News (Cyclone Ditwah relief, Rupee, Tourism)","1"
"8551","1","General Sri Lanka News (Cyclone Ditwah relief, Rupee, Tourism)","1"
"8552","1","General Sri Lanka News (Cyclone Ditwah relief, Rupee, Tourism)","1"
"8553","6","Transport & Railways","1"
"8554","12","Consumer Prices & Food (Rice/CAA)","1"
"8555","6","Transport & Railways","1"
"8556","1","General Sri Lanka News (Cyclone Ditwah relief, Rupee, Tourism)","1"
"8557","1","General Sri Lanka News (Cyclone Ditwah relief, Rupee, Tourism)","1"
"8558","16","Stock Market (CSE)","1"
"8559","0","Cricket","1"
"8560","0","Cricket","1"
"8561","0","Cricket","1"
"8562","1","General Sri Lanka News (Cyclone Ditwah relief, Rupee, Tourism)","1"
"8563","4","Weather & Flood Warnings","1"
"8564","1","General Sri Lanka News (Cyclone Ditwah relief, Rupee, Tourism)","1"
"8565","1","General Sri Lanka News (Cyclone Ditwah relief, Rupee, Tourism)","1"
"8566","13","Media, Online Safety & News Digests","1"
"8567","4","Weather & Flood Warnings","1"
"8568","2","Arrests, Bribery & Corruption (CIABOC)","1"
"8569","12","Consumer Prices & Food (Rice/CAA)","1"
"8570","0","Cricket","1"
"8571","2","Arrests, Bribery & Corruption (CIABOC)","1"
"8572","0","Cricket","1"
"8573","3","Violence, Shootings & Fatal Accidents","1"
"8574","10","Education & Examinations","1"
"8575","7","Health & Dengue","1"
"8576","0","Cricket","1"
"8577","10","Education & Examinations","1"
"8578","8","Electricity Tariffs & CEB","1"
"8579","1","General Sri Lanka News (Cyclone Ditwah relief, Rupee, Tourism)","1"
"8580","4","Weather & Flood Warnings","1"
"8581","2","Arrests, Bribery & Corruption (CIABOC)","1"
"8582","1","General Sri Lanka News (Cyclone Ditwah relief, Rupee, Tourism)","1"
"8583","23","Elon Musk & Global Business News","1"
"8584","6","Transport & Railways","1"
"8585","4","Weather & Flood Warnings","1"
"8586","1","General Sri Lanka News (Cyclone Ditwah relief, Rupee, Tourism)","1"
"8587","4","Weather & Flood Warnings","1"
"8588","4","Weather & Flood Warnings","1"
"8589","10","Education & Examinations","1"
"8590","2","Arrests, Bribery & Corruption (CIABOC)","1"
"8591","6","Transport & Railways","1"
"8592","7","Health & Dengue","1"
"8593","1","General Sri Lanka News (Cyclone Ditwah relief, Rupee, Tourism)","1"
"8594","4","Weather & Flood Warnings","1"
"8595","4","Weather & Flood Warnings","1"
"8596","1","General Sri Lanka News (Cyclone Ditwah relief, Rupee, Tourism)","1"
"8597","4","Weather & Flood Warnings","1"
"8598","1","General Sri Lanka News (Cyclone Ditwah relief, Rupee, Tourism)","1"
"8599","0","Cricket","1"
"8600","1","General Sri Lanka News (Cyclone Ditwah relief, Rupee, Tourism)","1"
"8601","3","Violence, Shootings & Fatal Accidents","1"
"8602","1","General Sri Lanka News (Cyclone Ditwah relief, Rupee, Tourism)","1"
"8603","1","General Sri Lanka News (Cyclone Ditwah relief, Rupee, Tourism)","1"
"8604","4","Weather & Flood Warnings","1"
"8605","0","Cricket","1"
"8606","0","Cricket","1"
"8607","12","Consumer Prices & Food (Rice/CAA)","1"
"8608","12","Consumer Prices & Food (Rice/CAA)","1"
"8609","3","Violence, Shootings & Fatal Accidents","1"
"8610","7","Health & Dengue","1"
"8611","0","Cricket","1"
"8612","16","Stock Market (CSE)","1"
"8613","6","Transport & Railways","1"
"8614","1","General Sri Lanka News (Cyclone Ditwah relief, Rupee, Tourism)","1"
"8615","3","Violence, Shootings & Fatal Accidents","1"
"8616","1","General Sri Lanka News (Cyclone Ditwah relief, Rupee, Tourism)","1"
"8617","1","General Sri Lanka News (Cyclone Ditwah relief, Rupee, Tourism)","1"
"8618","4","Weather & Flood Warnings","1"
"8619","1","General Sri Lanka News (Cyclone Ditwah relief, Rupee, Tourism)","1"
"8620","1","General Sri Lanka News (Cyclone Ditwah relief, Rupee, Tourism)","1"
"8621","0","Cricket","1"
"8622","6","Transport & Railways","1"
"8623","13","Media, Online Safety & News Digests","1"
"8624","4","Weather & Flood Warnings","1"
"8625","6","Transport & Railways","1"
"8626","12","Consumer Prices & Food (Rice/CAA)","1"
"8627","2","Arrests, Bribery & Corruption (CIABOC)","1"
"8628","7","Health & Dengue","1"
"8629","1","General Sri Lanka News (Cyclone Ditwah relief, Rupee, Tourism)","1"
"8630","4","Weather & Flood Warnings","1"
"8631","1","General Sri Lanka News (Cyclone Ditwah relief, Rupee, Tourism)","1"
"8632","2","Arrests, Bribery & Corruption (CIABOC)","1"
"8633","6","Transport & Railways","1"
"8634","2","Arrests, Bribery & Corruption (CIABOC)","1"
"8635","1","General Sri Lanka News (Cyclone Ditwah relief, Rupee, Tourism)","1"
"8636","7","Health & Dengue","1"
"8637","1","General Sri Lanka News (Cyclone Ditwah relief, Rupee, Tourism)","1"
"8638","0","Cricket","1"
"8639","1","General Sri Lanka News (Cyclone Ditwah relief, Rupee, Tourism)","1"
"8640","1","General Sri Lanka News (Cyclone Ditwah relief, Rupee, Tourism)","1"
"8641","4","Weather & Flood Warnings","1"
"8642","4","Weather & Flood Warnings","1"
"8643","16","Stock Market (CSE)","1"
"8644","2","Arrests, Bribery & Corruption (CIABOC)","1"
"8645","4","Weather & Flood Warnings","1"
"8646","4","Weather & Flood Warnings","1"
"8647","4","Weather & Flood Warnings","1"
"8648","1","General Sri Lanka News (Cyclone Ditwah relief, Rupee, Tourism)","1"
"8649","0","Cricket","1"
"8650","0","Cricket","1"
"8651","5","Iran War & Geopolitics (Trump/Hormuz)","1"
"8652","2","Arrests, Bribery & Corruption (CIABOC)","1"
"8653","12","Consumer Prices & Food (Rice/CAA)","1"
"8654","4","Weather & Flood Warnings","1"
"8655","4","Weather & Flood Warnings","1"
"8656","12","Consumer Prices & Food (Rice/CAA)","1"
"8657","1","General Sri Lanka News (Cyclone Ditwah relief, Rupee, Tourism)","1"
"8658","0","Cricket","1"
"8659","1","General Sri Lanka News (Cyclone Ditwah relief, Rupee, Tourism)","1"
"8660","1","General Sri Lanka News (Cyclone Ditwah relief, Rupee, Tourism)","1"
"8661","3","Violence, Shootings & Fatal Accidents","1"
"8662","0","Cricket","1"
"8663","0","Cricket","1"
"8664","1","General Sri Lanka News (Cyclone Ditwah relief, Rupee, Tourism)","1"
"8665","13","Media, Online Safety & News Digests","1"
"8666","1","General Sri Lanka News (Cyclone Ditwah relief, Rupee, Tourism)","1"
"8667","1","General Sri Lanka News (Cyclone Ditwah relief, Rupee, Tourism)","1"
"8668","3","Violence, Shootings & Fatal Accidents","1"
"8669","3","Violence, Shootings & Fatal Accidents","1"
"8670","10","Education & Examinations","1"
"8671","5","Iran War & Geopolitics (Trump/Hormuz)","1"
"8672","4","Weather & Flood Warnings","1"
"8673","0","Cricket","1"
"8674","3","Violence, Shootings & Fatal Accidents","1"
"8675","3","Violence, Shootings & Fatal Accidents","1"
"8676","4","Weather & Flood Warnings","1"
"8677","7","Health & Dengue","1"
"8678","9","Fuel & Oil Prices (CPC)","1"
"8679","3","Violence, Shootings & Fatal Accidents","1"
"8680","1","General Sri Lanka News (Cyclone Ditwah relief, Rupee, Tourism)","1"
"8681","4","Weather & Flood Warnings","1"
"8682","9","Fuel & Oil Prices (CPC)","1"
"8683","12","Consumer Prices & Food (Rice/CAA)","1"
"8684","6","Transport & Railways","1"
"8685","10","Education & Examinations","1"
"8686","10","Education & Examinations","1"
"8687","1","General Sri Lanka News (Cyclone Ditwah relief, Rupee, Tourism)","1"
"8688","0","Cricket","1"
"8689","11","Wildlife & Human-Elephant Conflict","1"
"8690","1","General Sri Lanka News (Cyclone Ditwah relief, Rupee, Tourism)","1"
"8691","1","General Sri Lanka News (Cyclone Ditwah relief, Rupee, Tourism)","1"
"8692","6","Transport & Railways","1"
"8693","3","Violence, Shootings & Fatal Accidents","1"
"8694","4","Weather & Flood Warnings","1"
"8695","4","Weather & Flood Warnings","1"
"8696","4","Weather & Flood Warnings","1"
"8697","4","Weather & Flood Warnings","1"
"8698","1","General Sri Lanka News (Cyclone Ditwah relief, Rupee, Tourism)","1"
"8699","4","Weather & Flood Warnings","1"
"8700","8","Electricity Tariffs & CEB","1"
"8701","3","Violence, Shootings & Fatal Accidents","1"
"8702","4","Weather & Flood Warnings","1"
"8703","17","Healthcare Worker Strikes (GMOA)","1"
"8704","6","Transport & Railways","1"
"8705","1","General Sri Lanka News (Cyclone Ditwah relief, Rupee, Tourism)","1"
"8706","1","General Sri Lanka News (Cyclone Ditwah relief, Rupee, Tourism)","1"
"8707","8","Electricity Tariffs & CEB","1"
"8708","1","General Sri Lanka News (Cyclone Ditwah relief, Rupee, Tourism)","1"
"8709","0","Cricket","1"
"8710","1","General Sri Lanka News (Cyclone Ditwah relief, Rupee, Tourism)","1"
"8711","7","Health & Dengue","1"
"8712","13","Media, Online Safety & News Digests","1"
"8713","2","Arrests, Bribery & Corruption (CIABOC)","1"
"8714","15","Public Holidays & Special Traffic Plans","1"
"8715","4","Weather & Flood Warnings","1"
"8716","13","Media, Online Safety & News Digests","1"
"8717","0","Cricket","1"
"8718","6","Transport & Railways","1"
"8719","4","Weather & Flood Warnings","1"
"8720","18","Easter Sunday Attacks (Retrospective/Legal)","1"
"8721","1","General Sri Lanka News (Cyclone Ditwah relief, Rupee, Tourism)","1"
"8722","4","Weather & Flood Warnings","1"
"8723","1","General Sri Lanka News (Cyclone Ditwah relief, Rupee, Tourism)","1"
"8724","4","Weather & Flood Warnings","1"
"8725","6","Transport & Railways","1"
"8726","0","Cricket","1"
"8727","3","Violence, Shootings & Fatal Accidents","1"
"8728","1","General Sri Lanka News (Cyclone Ditwah relief, Rupee, Tourism)","1"
"8729","4","Weather & Flood Warnings","1"
"8730","1","General Sri Lanka News (Cyclone Ditwah relief, Rupee, Tourism)","1"
"8731","3","Violence, Shootings & Fatal Accidents","1"
"8732","4","Weather & Flood Warnings","1"
"8733","8","Electricity Tariffs & CEB","1"
"8734","2","Arrests, Bribery & Corruption (CIABOC)","1"
"8735","3","Violence, Shootings & Fatal Accidents","1"
"8736","4","Weather & Flood Warnings","1"
"8737","4","Weather & Flood Warnings","1"
"8738","10","Education & Examinations","1"
"8739","4","Weather & Flood Warnings","1"
"8740","3","Violence, Shootings & Fatal Accidents","1"
"8741","4","Weather & Flood Warnings","1"
"8742","1","General Sri Lanka News (Cyclone Ditwah relief, Rupee, Tourism)","1"
"8743","3","Violence, Shootings & Fatal Accidents","1"
"8744","4","Weather & Flood Warnings","1"
"8745","1","General Sri Lanka News (Cyclone Ditwah relief, Rupee, Tourism)","1"
"8746","1","General Sri Lanka News (Cyclone Ditwah relief, Rupee, Tourism)","1"
"8747","4","Weather & Flood Warnings","1"
"8748","3","Violence, Shootings & Fatal Accidents","1"
"8749","6","Transport & Railways","1"
"8750","4","Weather & Flood Warnings","1"
"8751","1","General Sri Lanka News (Cyclone Ditwah relief, Rupee, Tourism)","1"
"8752","2","Arrests, Bribery & Corruption (CIABOC)","1"
"8753","6","Transport & Railways","1"
"8754","14","US/China Trade & Tariffs","1"
"8755","1","General Sri Lanka News (Cyclone Ditwah relief, Rupee, Tourism)","1"
"8756","1","General Sri Lanka News (Cyclone Ditwah relief, Rupee, Tourism)","1"
"8757","13","Media, Online Safety & News Digests","1"
"8758","4","Weather & Flood Warnings","1"
"8759","1","General Sri Lanka News (Cyclone Ditwah relief, Rupee, Tourism)","1"
"8760","1","General Sri Lanka News (Cyclone Ditwah relief, Rupee, Tourism)","1"
"8761","6","Transport & Railways","1"
"8762","3","Violence, Shootings & Fatal Accidents","1"
"8763","4","Weather & Flood Warnings","1"
"8764","1","General Sri Lanka News (Cyclone Ditwah relief, Rupee, Tourism)","1"
"8765","1","General Sri Lanka News (Cyclone Ditwah relief, Rupee, Tourism)","1"
"8766","4","Weather & Flood Warnings","1"
"8767","4","Weather & Flood Warnings","1"
"8768","4","Weather & Flood Warnings","1"
"8769","3","Violence, Shootings & Fatal Accidents","1"
"8770","1","General Sri Lanka News (Cyclone Ditwah relief, Rupee, Tourism)","1"
"8771","1","General Sri Lanka News (Cyclone Ditwah relief, Rupee, Tourism)","1"
"8772","6","Transport & Railways","1"
"8773","4","Weather & Flood Warnings","1"
"8774","4","Weather & Flood Warnings","1"
"8775","1","General Sri Lanka News (Cyclone Ditwah relief, Rupee, Tourism)","1"
"8776","4","Weather & Flood Warnings","1"
"8777","6","Transport & Railways","1"
"8778","0","Cricket","1"
"8779","0","Cricket","1"
"8780","0","Cricket","1"
"8781","7","Health & Dengue","1"
"8782","6","Transport & Railways","1"
"8783","3","Violence, Shootings & Fatal Accidents","1"
"8784","1","General Sri Lanka News (Cyclone Ditwah relief, Rupee, Tourism)","1"
"8785","4","Weather & Flood Warnings","1"
"8786","10","Education & Examinations","1"
"8787","0","Cricket","1"
"8788","4","Weather & Flood Warnings","1"
"8789","4","Weather & Flood Warnings","1"
"8790","3","Violence, Shootings & Fatal Accidents","1"
"8791","6","Transport & Railways","1"
"8792","10","Education & Examinations","1"
"8793","1","General Sri Lanka News (Cyclone Ditwah relief, Rupee, Tourism)","1"
"8794","13","Media, Online Safety & News Digests","1"
"8795","1","General Sri Lanka News (Cyclone Ditwah relief, Rupee, Tourism)","1"
"8796","4","Weather & Flood Warnings","1"
"8797","3","Violence, Shootings & Fatal Accidents","1"
"8798","3","Violence, Shootings & Fatal Accidents","1"
"8799","4","Weather & Flood Warnings","1"
"8800","1","General Sri Lanka News (Cyclone Ditwah relief, Rupee, Tourism)","1"
"8801","4","Weather & Flood Warnings","1"
"8802","1","General Sri Lanka News (Cyclone Ditwah relief, Rupee, Tourism)","1"
"8803","4","Weather & Flood Warnings","1"
"8804","1","General Sri Lanka News (Cyclone Ditwah relief, Rupee, Tourism)","1"
"8805","6","Transport & Railways","1"
"8806","1","General Sri Lanka News (Cyclone Ditwah relief, Rupee, Tourism)","1"
"8807","4","Weather & Flood Warnings","1"
"8808","1","General Sri Lanka News (Cyclone Ditwah relief, Rupee, Tourism)","1"
"8809","4","Weather & Flood Warnings","1"
"8810","3","Violence, Shootings & Fatal Accidents","1"
"8811","6","Transport & Railways","1"
"8812","1","General Sri Lanka News (Cyclone Ditwah relief, Rupee, Tourism)","1"
"8813","1","General Sri Lanka News (Cyclone Ditwah relief, Rupee, Tourism)","1"
"8814","4","Weather & Flood Warnings","1"
"8815","4","Weather & Flood Warnings","1"
"8816","1","General Sri Lanka News (Cyclone Ditwah relief, Rupee, Tourism)","1"
"8817","6","Transport & Railways","1"
"8818","0","Cricket","1"
"8819","1","General Sri Lanka News (Cyclone Ditwah relief, Rupee, Tourism)","1"
"8820","3","Violence, Shootings & Fatal Accidents","1"
"8821","6","Transport & Railways","1"
"8822","4","Weather & Flood Warnings","1"
"8823","4","Weather & Flood Warnings","1"
"8824","6","Transport & Railways","1"
"8825","17","Healthcare Worker Strikes (GMOA)","1"
"8826","6","Transport & Railways","1"
"8827","1","General Sri Lanka News (Cyclone Ditwah relief, Rupee, Tourism)","1"
"8828","4","Weather & Flood Warnings","1"
"8829","0","Cricket","1"
"8830","1","General Sri Lanka News (Cyclone Ditwah relief, Rupee, Tourism)","1"
"8831","1","General Sri Lanka News (Cyclone Ditwah relief, Rupee, Tourism)","1"
"8832","4","Weather & Flood Warnings","1"
"8833","1","General Sri Lanka News (Cyclone Ditwah relief, Rupee, Tourism)","1"
"8834","4","Weather & Flood Warnings","1"
"8835","1","General Sri Lanka News (Cyclone Ditwah relief, Rupee, Tourism)","1"
"8836","1","General Sri Lanka News (Cyclone Ditwah relief, Rupee, Tourism)","1"
"8837","1","General Sri Lanka News (Cyclone Ditwah relief, Rupee, Tourism)","1"
"8838","4","Weather & Flood Warnings","1"
"8839","4","Weather & Flood Warnings","1"
"8840","4","Weather & Flood Warnings","1"
"8841","4","Weather & Flood Warnings","1"
"8842","4","Weather & Flood Warnings","1"
"8843","6","Transport & Railways","1"
"8844","4","Weather & Flood Warnings","1"
"8845","6","Transport & Railways","1"
"8846","6","Transport & Railways","1"
"8847","15","Public Holidays & Special Traffic Plans","1"
"8848","10","Education & Examinations","1"
"8849","0","Cricket","1"
"8850","4","Weather & Flood Warnings","1"
"8851","10","Education & Examinations","1"
"8852","6","Transport & Railways","1"
"8853","3","Violence, Shootings & Fatal Accidents","1"
"8854","6","Transport & Railways","1"
"8855","4","Weather & Flood Warnings","1"
"8856","0","Cricket","1"
"8857","1","General Sri Lanka News (Cyclone Ditwah relief, Rupee, Tourism)","1"
"8858","4","Weather & Flood Warnings","1"
"8859","4","Weather & Flood Warnings","1"
"8860","4","Weather & Flood Warnings","1"
"8861","0","Cricket","1"
"8862","0","Cricket","1"
"8863","4","Weather & Flood Warnings","1"
"8864","0","Cricket","1"
"8865","1","General Sri Lanka News (Cyclone Ditwah relief, Rupee, Tourism)","1"
"8866","4","Weather & Flood Warnings","1"
"8867","4","Weather & Flood Warnings","1"
"8868","4","Weather & Flood Warnings","1"
"8869","4","Weather & Flood Warnings","1"
"8870","4","Weather & Flood Warnings","1"
"8871","4","Weather & Flood Warnings","1"
"8872","4","Weather & Flood Warnings","1"
"8873","4","Weather & Flood Warnings","1"
"8874","0","Cricket","1"
"8875","3","Violence, Shootings & Fatal Accidents","1"
"8876","10","Education & Examinations","1"
"8877","4","Weather & Flood Warnings","1"
"8878","4","Weather & Flood Warnings","1"
"8879","6","Transport & Railways","1"
"8880","6","Transport & Railways","1"
"8881","4","Weather & Flood Warnings","1"
"8882","4","Weather & Flood Warnings","1"
"8883","4","Weather & Flood Warnings","1"
"8884","8","Electricity Tariffs & CEB","1"
"8885","10","Education & Examinations","1"
"8886","4","Weather & Flood Warnings","1"
"8887","17","Healthcare Worker Strikes (GMOA)","1"
"8888","4","Weather & Flood Warnings","1"
"8889","6","Transport & Railways","1"
"8890","3","Violence, Shootings & Fatal Accidents","1"
"8891","4","Weather & Flood Warnings","1"
"8892","4","Weather & Flood Warnings","1"
"8893","7","Health & Dengue","1"
"8894","1","General Sri Lanka News (Cyclone Ditwah relief, Rupee, Tourism)","1"
"8895","2","Arrests, Bribery & Corruption (CIABOC)","1"
"8896","6","Transport & Railways","1"
"8897","6","Transport & Railways","1"
"8898","6","Transport & Railways","1"
"8899","8","Electricity Tariffs & CEB","1"
"8900","3","Violence, Shootings & Fatal Accidents","1"
"8901","4","Weather & Flood Warnings","1"
"8902","3","Violence, Shootings & Fatal Accidents","1"
"8903","4","Weather & Flood Warnings","1"
"8904","2","Arrests, Bribery & Corruption (CIABOC)","1"
"8905","3","Violence, Shootings & Fatal Accidents","1"
"8906","0","Cricket","1"
"8907","12","Consumer Prices & Food (Rice/CAA)","1"
"8908","2","Arrests, Bribery & Corruption (CIABOC)","1"
"8909","2","Arrests, Bribery & Corruption (CIABOC)","1"
"8910","0","Cricket","1"
"8911","6","Transport & Railways","1"
"8912","4","Weather & Flood Warnings","1"
"8913","10","Education & Examinations","1"
"8914","1","General Sri Lanka News (Cyclone Ditwah relief, Rupee, Tourism)","1"
"8915","0","Cricket","1"
"8916","0","Cricket","1"
"8917","0","Cricket","1"
"8918","1","General Sri Lanka News (Cyclone Ditwah relief, Rupee, Tourism)","1"
"8919","0","Cricket","1"
"8920","6","Transport & Railways","1"
"8921","0","Cricket","1"
"8922","0","Cricket","1"
"8923","6","Transport & Railways","1"
"8924","1","General Sri Lanka News (Cyclone Ditwah relief, Rupee, Tourism)","1"
"8925","6","Transport & Railways","1"
"8926","16","Stock Market (CSE)","1"
"8927","1","General Sri Lanka News (Cyclone Ditwah relief, Rupee, Tourism)","1"
"8928","0","Cricket","1"
"8929","0","Cricket","1"
"8930","0","Cricket","1"
"8931","13","Media, Online Safety & News Digests","1"
"8932","2","Arrests, Bribery & Corruption (CIABOC)","1"
"8933","3","Violence, Shootings & Fatal Accidents","1"
"8934","2","Arrests, Bribery & Corruption (CIABOC)","1"
"8935","1","General Sri Lanka News (Cyclone Ditwah relief, Rupee, Tourism)","1"
"8936","3","Violence, Shootings & Fatal Accidents","1"
"8937","0","Cricket","1"
"8938","2","Arrests, Bribery & Corruption (CIABOC)","1"
"8939","0","Cricket","1"
"8940","17","Healthcare Worker Strikes (GMOA)","1"
"8941","4","Weather & Flood Warnings","1"
"8942","1","General Sri Lanka News (Cyclone Ditwah relief, Rupee, Tourism)","1"
"8943","11","Wildlife & Human-Elephant Conflict","1"
"8944","2","Arrests, Bribery & Corruption (CIABOC)","1"
"8945","0","Cricket","1"
"8946","2","Arrests, Bribery & Corruption (CIABOC)","1"
"8947","18","Easter Sunday Attacks (Retrospective/Legal)","1"
"8948","1","General Sri Lanka News (Cyclone Ditwah relief, Rupee, Tourism)","1"
"8949","1","General Sri Lanka News (Cyclone Ditwah relief, Rupee, Tourism)","1"
"8950","9","Fuel & Oil Prices (CPC)","1"
"8951","3","Violence, Shootings & Fatal Accidents","1"
"8952","1","General Sri Lanka News (Cyclone Ditwah relief, Rupee, Tourism)","1"
"8953","10","Education & Examinations","1"
"8954","1","General Sri Lanka News (Cyclone Ditwah relief, Rupee, Tourism)","1"
"8955","6","Transport & Railways","1"
"8956","11","Wildlife & Human-Elephant Conflict","1"
"8957","4","Weather & Flood Warnings","1"
"8958","12","Consumer Prices & Food (Rice/CAA)","1"
"8959","1","General Sri Lanka News (Cyclone Ditwah relief, Rupee, Tourism)","1"
"8960","7","Health & Dengue","1"
"8961","5","Iran War & Geopolitics (Trump/Hormuz)","1"
"8962","3","Violence, Shootings & Fatal Accidents","1"
"8963","12","Consumer Prices & Food (Rice/CAA)","1"
"8964","0","Cricket","1"
"8965","1","General Sri Lanka News (Cyclone Ditwah relief, Rupee, Tourism)","1"
"8966","2","Arrests, Bribery & Corruption (CIABOC)","1"
"8967","20","Fuel Quota & QR System","1"
"8968","0","Cricket","1"
"8969","1","General Sri Lanka News (Cyclone Ditwah relief, Rupee, Tourism)","1"
"8970","0","Cricket","1"
"8971","0","Cricket","1"
"8972","10","Education & Examinations","1"
"8973","0","Cricket","1"
"8974","2","Arrests, Bribery & Corruption (CIABOC)","1"
"8975","16","Stock Market (CSE)","1"
"8976","3","Violence, Shootings & Fatal Accidents","1"
"8977","12","Consumer Prices & Food (Rice/CAA)","1"
"8978","18","Easter Sunday Attacks (Retrospective/Legal)","1"
"8979","0","Cricket","1"
"8980","2","Arrests, Bribery & Corruption (CIABOC)","1"
"8981","5","Iran War & Geopolitics (Trump/Hormuz)","1"
"8982","1","General Sri Lanka News (Cyclone Ditwah relief, Rupee, Tourism)","1"
"8983","0","Cricket","1"
"8984","8","Electricity Tariffs & CEB","1"
"8985","2","Arrests, Bribery & Corruption (CIABOC)","1"
"8986","0","Cricket","1"
"8987","11","Wildlife & Human-Elephant Conflict","1"
"8988","5","Iran War & Geopolitics (Trump/Hormuz)","1"
"8989","0","Cricket","1"
"8990","1","General Sri Lanka News (Cyclone Ditwah relief, Rupee, Tourism)","1"
"8991","2","Arrests, Bribery & Corruption (CIABOC)","1"
"8992","0","Cricket","1"
"8993","6","Transport & Railways","1"
"8994","2","Arrests, Bribery & Corruption (CIABOC)","1"
"8995","3","Violence, Shootings & Fatal Accidents","1"
"8996","13","Media, Online Safety & News Digests","1"
"8997","3","Violence, Shootings & Fatal Accidents","1"
"8998","10","Education & Examinations","1"
"8999","1","General Sri Lanka News (Cyclone Ditwah relief, Rupee, Tourism)","1"
"9000","16","Stock Market (CSE)","1"
"9001","0","Cricket","1"
"9002","7","Health & Dengue","1"
"9003","3","Violence, Shootings & Fatal Accidents","1"
"9004","2","Arrests, Bribery & Corruption (CIABOC)","1"
"9005","4","Weather & Flood Warnings","1"
"9006","3","Violence, Shootings & Fatal Accidents","1"
"9007","8","Electricity Tariffs & CEB","1"
"9008","3","Violence, Shootings & Fatal Accidents","1"
"9009","2","Arrests, Bribery & Corruption (CIABOC)","1"
"9010","6","Transport & Railways","1"
"9011","2","Arrests, Bribery & Corruption (CIABOC)","1"
"9012","2","Arrests, Bribery & Corruption (CIABOC)","1"
"9013","0","Cricket","1"
"9014","2","Arrests, Bribery & Corruption (CIABOC)","1"
"9015","11","Wildlife & Human-Elephant Conflict","1"
"9016","2","Arrests, Bribery & Corruption (CIABOC)","1"
"9017","0","Cricket","1"
"9018","0","Cricket","1"
"9019","7","Health & Dengue","1"
"9020","9","Fuel & Oil Prices (CPC)","1"
"9021","7","Health & Dengue","1"
"9022","0","Cricket","1"
"9023","0","Cricket","1"
"9024","3","Violence, Shootings & Fatal Accidents","1"
"9025","3","Violence, Shootings & Fatal Accidents","1"
"9026","0","Cricket","1"
"9027","0","Cricket","1"
"9028","10","Education & Examinations","1"
"9029","17","Healthcare Worker Strikes (GMOA)","1"
"9030","0","Cricket","1"
"9031","15","Public Holidays & Special Traffic Plans","1"
"9032","23","Elon Musk & Global Business News","1"
"9033","2","Arrests, Bribery & Corruption (CIABOC)","1"
"9034","1","General Sri Lanka News (Cyclone Ditwah relief, Rupee, Tourism)","1"
"9035","6","Transport & Railways","1"
"9036","6","Transport & Railways","1"
"9037","0","Cricket","1"
"9038","2","Arrests, Bribery & Corruption (CIABOC)","1"
"9039","3","Violence, Shootings & Fatal Accidents","1"
"9040","0","Cricket","1"
"9041","3","Violence, Shootings & Fatal Accidents","1"
"9042","0","Cricket","1"
"9043","4","Weather & Flood Warnings","1"
"9044","14","US/China Trade & Tariffs","1"
"9045","6","Transport & Railways","1"
"9046","0","Cricket","1"
"9047","1","General Sri Lanka News (Cyclone Ditwah relief, Rupee, Tourism)","1"
"9048","13","Media, Online Safety & News Digests","1"
"9049","4","Weather & Flood Warnings","1"
"9050","2","Arrests, Bribery & Corruption (CIABOC)","1"
"9051","12","Consumer Prices & Food (Rice/CAA)","1"
"9052","6","Transport & Railways","1"
"9053","8","Electricity Tariffs & CEB","1"
"9054","3","Violence, Shootings & Fatal Accidents","1"
"9055","4","Weather & Flood Warnings","1"
"9056","4","Weather & Flood Warnings","1"
"9057","8","Electricity Tariffs & CEB","1"
"9058","0","Cricket","1"
"9059","8","Electricity Tariffs & CEB","1"
"9060","12","Consumer Prices & Food (Rice/CAA)","1"
"9061","0","Cricket","1"
"9062","1","General Sri Lanka News (Cyclone Ditwah relief, Rupee, Tourism)","1"
"9063","0","Cricket","1"
"9064","0","Cricket","1"
"9065","0","Cricket","1"
"9066","10","Education & Examinations","1"
"9067","1","General Sri Lanka News (Cyclone Ditwah relief, Rupee, Tourism)","1"
"9068","2","Arrests, Bribery & Corruption (CIABOC)","1"
"9069","16","Stock Market (CSE)","1"
"9070","3","Violence, Shootings & Fatal Accidents","1"
"9071","2","Arrests, Bribery & Corruption (CIABOC)","1"
"9072","3","Violence, Shootings & Fatal Accidents","1"
"9073","0","Cricket","1"
"9074","6","Transport & Railways","1"
"9075","3","Violence, Shootings & Fatal Accidents","1"
"9076","10","Education & Examinations","1"
"9077","10","Education & Examinations","1"
"9078","8","Electricity Tariffs & CEB","1"
"9079","0","Cricket","1"
"9080","3","Violence, Shootings & Fatal Accidents","1"
"9081","1","General Sri Lanka News (Cyclone Ditwah relief, Rupee, Tourism)","1"
"9082","12","Consumer Prices & Food (Rice/CAA)","1"
"9083","12","Consumer Prices & Food (Rice/CAA)","1"
"9084","3","Violence, Shootings & Fatal Accidents","1"
"9085","2","Arrests, Bribery & Corruption (CIABOC)","1"
"9086","4","Weather & Flood Warnings","1"
"9087","0","Cricket","1"
"9088","13","Media, Online Safety & News Digests","1"
"9089","2","Arrests, Bribery & Corruption (CIABOC)","1"
"9090","12","Consumer Prices & Food (Rice/CAA)","1"
"9091","0","Cricket","1"
"9092","1","General Sri Lanka News (Cyclone Ditwah relief, Rupee, Tourism)","1"
"9093","2","Arrests, Bribery & Corruption (CIABOC)","1"
"9094","11","Wildlife & Human-Elephant Conflict","1"
"9095","6","Transport & Railways","1"
"9096","0","Cricket","1"
"9097","7","Health & Dengue","1"
"9098","0","Cricket","1"
"9099","0","Cricket","1"
"9100","11","Wildlife & Human-Elephant Conflict","1"
"9101","0","Cricket","1"
"9102","2","Arrests, Bribery & Corruption (CIABOC)","1"
"9103","13","Media, Online Safety & News Digests","1"
"9104","0","Cricket","1"
"9105","14","US/China Trade & Tariffs","1"
"9106","9","Fuel & Oil Prices (CPC)","1"
"9107","0","Cricket","1"
"9108","0","Cricket","1"
"9109","23","Elon Musk & Global Business News","1"
"9110","0","Cricket","1"
"9111","0","Cricket","1"
"9112","2","Arrests, Bribery & Corruption (CIABOC)","1"
"9113","1","General Sri Lanka News (Cyclone Ditwah relief, Rupee, Tourism)","1"
"9114","1","General Sri Lanka News (Cyclone Ditwah relief, Rupee, Tourism)","1"
"9115","3","Violence, Shootings & Fatal Accidents","1"
"9116","2","Arrests, Bribery & Corruption (CIABOC)","1"
"9117","16","Stock Market (CSE)","1"
"9118","1","General Sri Lanka News (Cyclone Ditwah relief, Rupee, Tourism)","1"
"9119","13","Media, Online Safety & News Digests","1"
"9120","6","Transport & Railways","1"
"9121","0","Cricket","1"
"9122","1","General Sri Lanka News (Cyclone Ditwah relief, Rupee, Tourism)","1"
"9123","0","Cricket","1"
"9124","1","General Sri Lanka News (Cyclone Ditwah relief, Rupee, Tourism)","1"
"9125","16","Stock Market (CSE)","1"
"9126","0","Cricket","1"
"9127","6","Transport & Railways","1"
"9128","0","Cricket","1"
"9129","0","Cricket","1"
"9130","0","Cricket","1"
"9131","0","Cricket","1"
"9132","18","Easter Sunday Attacks (Retrospective/Legal)","1"
"9133","1","General Sri Lanka News (Cyclone Ditwah relief, Rupee, Tourism)","1"
"9134","0","Cricket","1"
"9135","0","Cricket","1"
"9136","0","Cricket","1"
"9137","2","Arrests, Bribery & Corruption (CIABOC)","1"
"9138","14","US/China Trade & Tariffs","1"
"9139","19","NASA & Space (Artemis)","1"
"9140","0","Cricket","1"
"9141","2","Arrests, Bribery & Corruption (CIABOC)","1"
"9142","11","Wildlife & Human-Elephant Conflict","1"
"9143","7","Health & Dengue","1"
"9144","0","Cricket","1"
"9145","0","Cricket","1"
"9146","2","Arrests, Bribery & Corruption (CIABOC)","1"
"9147","1","General Sri Lanka News (Cyclone Ditwah relief, Rupee, Tourism)","1"
"9148","0","Cricket","1"
"9149","0","Cricket","1"
"9150","0","Cricket","1"
"9151","2","Arrests, Bribery & Corruption (CIABOC)","1"
"9152","11","Wildlife & Human-Elephant Conflict","1"
"9153","0","Cricket","1"
"9154","1","General Sri Lanka News (Cyclone Ditwah relief, Rupee, Tourism)","1"
"9155","11","Wildlife & Human-Elephant Conflict","1"
"9156","0","Cricket","1"
"9157","6","Transport & Railways","1"
"9158","1","General Sri Lanka News (Cyclone Ditwah relief, Rupee, Tourism)","1"
"9159","0","Cricket","1"
"9160","0","Cricket","1"
"9161","6","Transport & Railways","1"
"9162","10","Education & Examinations","1"
"9163","0","Cricket","1"
"9164","18","Easter Sunday Attacks (Retrospective/Legal)","1"
"9165","15","Public Holidays & Special Traffic Plans","1"
"9166","0","Cricket","1"
"9167","4","Weather & Flood Warnings","1"
"9168","0","Cricket","1"
"9169","18","Easter Sunday Attacks (Retrospective/Legal)","1"
"9170","7","Health & Dengue","1"
"9171","8","Electricity Tariffs & CEB","1"
"9172","3","Violence, Shootings & Fatal Accidents","1"
"9173","16","Stock Market (CSE)","1"
"9174","13","Media, Online Safety & News Digests","1"
"9175","0","Cricket","1"
"9176","0","Cricket","1"
"9177","11","Wildlife & Human-Elephant Conflict","1"
"9178","3","Violence, Shootings & Fatal Accidents","1"
"9179","21","AI & Digital Education","1"
"9180","0","Cricket","1"
"9181","4","Weather & Flood Warnings","1"
"9182","13","Media, Online Safety & News Digests","1"
"9183","0","Cricket","1"
"9184","0","Cricket","1"
"9185","0","Cricket","1"
"9186","1","General Sri Lanka News (Cyclone Ditwah relief, Rupee, Tourism)","1"
"9187","1","General Sri Lanka News (Cyclone Ditwah relief, Rupee, Tourism)","1"
"9188","1","General Sri Lanka News (Cyclone Ditwah relief, Rupee, Tourism)","1"
"9189","3","Violence, Shootings & Fatal Accidents","1"
"9190","1","General Sri Lanka News (Cyclone Ditwah relief, Rupee, Tourism)","1"
"9191","0","Cricket","1"
"9192","2","Arrests, Bribery & Corruption (CIABOC)","1"
"9193","10","Education & Examinations","1"
"9194","11","Wildlife & Human-Elephant Conflict","1"
"9195","6","Transport & Railways","1"
"9196","10","Education & Examinations","1"
"9197","22","Liquor Shop Regulations","1"
"9198","0","Cricket","1"
"9199","8","Electricity Tariffs & CEB","1"
"9200","1","General Sri Lanka News (Cyclone Ditwah relief, Rupee, Tourism)","1"
"9201","6","Transport & Railways","1"
"9202","2","Arrests, Bribery & Corruption (CIABOC)","1"
"9203","0","Cricket","1"
"9204","1","General Sri Lanka News (Cyclone Ditwah relief, Rupee, Tourism)","1"
"9205","2","Arrests, Bribery & Corruption (CIABOC)","1"
"9206","3","Violence, Shootings & Fatal Accidents","1"
"9207","1","General Sri Lanka News (Cyclone Ditwah relief, Rupee, Tourism)","1"
"9208","4","Weather & Flood Warnings","1"
"9209","7","Health & Dengue","1"
"9210","1","General Sri Lanka News (Cyclone Ditwah relief, Rupee, Tourism)","1"
"9211","0","Cricket","1"
"9212","2","Arrests, Bribery & Corruption (CIABOC)","1"
"9213","8","Electricity Tariffs & CEB","1"
"9214","3","Violence, Shootings & Fatal Accidents","1"
"9215","2","Arrests, Bribery & Corruption (CIABOC)","1"
"9216","2","Arrests, Bribery & Corruption (CIABOC)","1"
"9217","2","Arrests, Bribery & Corruption (CIABOC)","1"
"9218","2","Arrests, Bribery & Corruption (CIABOC)","1"
"9219","3","Violence, Shootings & Fatal Accidents","1"
"9220","0","Cricket","1"
"9221","0","Cricket","1"
"9222","1","General Sri Lanka News (Cyclone Ditwah relief, Rupee, Tourism)","1"
"9223","7","Health & Dengue","1"
"9224","2","Arrests, Bribery & Corruption (CIABOC)","1"
"9225","2","Arrests, Bribery & Corruption (CIABOC)","1"
"9226","1","General Sri Lanka News (Cyclone Ditwah relief, Rupee, Tourism)","1"
"9227","3","Violence, Shootings & Fatal Accidents","1"
"9228","2","Arrests, Bribery & Corruption (CIABOC)","1"
"9229","2","Arrests, Bribery & Corruption (CIABOC)","1"
"9230","1","General Sri Lanka News (Cyclone Ditwah relief, Rupee, Tourism)","1"
"9231","1","General Sri Lanka News (Cyclone Ditwah relief, Rupee, Tourism)","1"
"9232","0","Cricket","1"
"9233","1","General Sri Lanka News (Cyclone Ditwah relief, Rupee, Tourism)","1"
"9234","11","Wildlife & Human-Elephant Conflict","1"
"9235","7","Health & Dengue","1"
"9236","1","General Sri Lanka News (Cyclone Ditwah relief, Rupee, Tourism)","1"
"9237","17","Healthcare Worker Strikes (GMOA)","1"
"9238","0","Cricket","1"
"9239","0","Cricket","1"
"9240","0","Cricket","1"
"9241","2","Arrests, Bribery & Corruption (CIABOC)","1"
"9242","5","Iran War & Geopolitics (Trump/Hormuz)","1"
"9243","8","Electricity Tariffs & CEB","1"
"9244","0","Cricket","1"
"9245","7","Health & Dengue","1"
"9246","0","Cricket","1"
"9247","1","General Sri Lanka News (Cyclone Ditwah relief, Rupee, Tourism)","1"
"9248","6","Transport & Railways","1"
"9249","1","General Sri Lanka News (Cyclone Ditwah relief, Rupee, Tourism)","1"
"9250","1","General Sri Lanka News (Cyclone Ditwah relief, Rupee, Tourism)","1"
"9251","8","Electricity Tariffs & CEB","1"
"9252","2","Arrests, Bribery & Corruption (CIABOC)","1"
"9253","4","Weather & Flood Warnings","1"
"9254","18","Easter Sunday Attacks (Retrospective/Legal)","1"
"9255","7","Health & Dengue","1"
"9256","0","Cricket","1"
"9257","10","Education & Examinations","1"
"9258","1","General Sri Lanka News (Cyclone Ditwah relief, Rupee, Tourism)","1"
"9259","3","Violence, Shootings & Fatal Accidents","1"
"9260","0","Cricket","1"
"9261","0","Cricket","1"
"9262","2","Arrests, Bribery & Corruption (CIABOC)","1"
"9263","2","Arrests, Bribery & Corruption (CIABOC)","1"
"9264","1","General Sri Lanka News (Cyclone Ditwah relief, Rupee, Tourism)","1"
"9265","1","General Sri Lanka News (Cyclone Ditwah relief, Rupee, Tourism)","1"
"9266","2","Arrests, Bribery & Corruption (CIABOC)","1"
"9267","0","Cricket","1"
"9268","14","US/China Trade & Tariffs","1"
"9269","3","Violence, Shootings & Fatal Accidents","1"
"9270","8","Electricity Tariffs & CEB","1"
"9271","23","Elon Musk & Global Business News","1"
"9272","12","Consumer Prices & Food (Rice/CAA)","1"
"9273","0","Cricket","1"
"9274","8","Electricity Tariffs & CEB","1"
"9275","3","Violence, Shootings & Fatal Accidents","1"
"9276","0","Cricket","1"
"9277","0","Cricket","1"
"9278","1","General Sri Lanka News (Cyclone Ditwah relief, Rupee, Tourism)","1"
"9279","11","Wildlife & Human-Elephant Conflict","1"
"9280","7","Health & Dengue","1"
"9281","0","Cricket","1"
"9282","16","Stock Market (CSE)","1"
"9283","0","Cricket","1"
"9284","0","Cricket","1"
"9285","6","Transport & Railways","1"
"9286","8","Electricity Tariffs & CEB","1"
"9287","8","Electricity Tariffs & CEB","1"
"9288","0","Cricket","1"
"9289","3","Violence, Shootings & Fatal Accidents","1"
"9290","8","Electricity Tariffs & CEB","1"
"9291","1","General Sri Lanka News (Cyclone Ditwah relief, Rupee, Tourism)","1"
"9292","10","Education & Examinations","1"
"9293","1","General Sri Lanka News (Cyclone Ditwah relief, Rupee, Tourism)","1"
"9294","0","Cricket","1"
"9295","0","Cricket","1"
"9296","2","Arrests, Bribery & Corruption (CIABOC)","1"
"9297","13","Media, Online Safety & News Digests","1"
"9298","0","Cricket","1"
"9299","4","Weather & Flood Warnings","1"
"9300","16","Stock Market (CSE)","1"
"9301","0","Cricket","1"
"9302","0","Cricket","1"
"9303","12","Consumer Prices & Food (Rice/CAA)","1"
"9304","8","Electricity Tariffs & CEB","1"
"9305","6","Transport & Railways","1"
"9306","0","Cricket","1"
"9307","0","Cricket","1"
"9308","2","Arrests, Bribery & Corruption (CIABOC)","1"
"9309","0","Cricket","1"
"9310","1","General Sri Lanka News (Cyclone Ditwah relief, Rupee, Tourism)","1"
"9311","0","Cricket","1"
"9312","3","Violence, Shootings & Fatal Accidents","1"
"9313","10","Education & Examinations","1"
"9314","0","Cricket","1"
"9315","12","Consumer Prices & Food (Rice/CAA)","1"
"9316","6","Transport & Railways","1"
"9317","0","Cricket","1"
"9318","1","General Sri Lanka News (Cyclone Ditwah relief, Rupee, Tourism)","1"
"9319","13","Media, Online Safety & News Digests","1"
"9320","1","General Sri Lanka News (Cyclone Ditwah relief, Rupee, Tourism)","1"
"9321","0","Cricket","1"
"9322","0","Cricket","1"
"9323","1","General Sri Lanka News (Cyclone Ditwah relief, Rupee, Tourism)","1"
"9324","0","Cricket","1"
"9325","10","Education & Examinations","1"
"9326","0","Cricket","1"
"9327","0","Cricket","1"
"9328","2","Arrests, Bribery & Corruption (CIABOC)","1"
"9329","0","Cricket","1"
"9330","2","Arrests, Bribery & Corruption (CIABOC)","1"
"9331","1","General Sri Lanka News (Cyclone Ditwah relief, Rupee, Tourism)","1"
"9332","23","Elon Musk & Global Business News","1"
"9333","7","Health & Dengue","1"
"9334","1","General Sri Lanka News (Cyclone Ditwah relief, Rupee, Tourism)","1"
"9335","3","Violence, Shootings & Fatal Accidents","1"
"9336","2","Arrests, Bribery & Corruption (CIABOC)","1"
"9337","0","Cricket","1"
"9338","16","Stock Market (CSE)","1"
"9339","6","Transport & Railways","1"
"9340","22","Liquor Shop Regulations","1"
"9341","1","General Sri Lanka News (Cyclone Ditwah relief, Rupee, Tourism)","1"
"9342","7","Health & Dengue","1"
"9343","0","Cricket","1"
"9344","0","Cricket","1"
"9345","1","General Sri Lanka News (Cyclone Ditwah relief, Rupee, Tourism)","1"
"9346","1","General Sri Lanka News (Cyclone Ditwah relief, Rupee, Tourism)","1"
"9347","17","Healthcare Worker Strikes (GMOA)","1"
"9348","0","Cricket","1"
"9349","0","Cricket","1"
"9350","23","Elon Musk & Global Business News","1"
"9351","3","Violence, Shootings & Fatal Accidents","1"
"9352","13","Media, Online Safety & News Digests","1"
"9353","16","Stock Market (CSE)","1"
"9354","2","Arrests, Bribery & Corruption (CIABOC)","1"
"9355","0","Cricket","1"
"9356","17","Healthcare Worker Strikes (GMOA)","1"
"9357","1","General Sri Lanka News (Cyclone Ditwah relief, Rupee, Tourism)","1"
"9358","13","Media, Online Safety & News Digests","1"
"9359","14","US/China Trade & Tariffs","1"
"9360","7","Health & Dengue","1"
"9361","12","Consumer Prices & Food (Rice/CAA)","1"
"9362","1","General Sri Lanka News (Cyclone Ditwah relief, Rupee, Tourism)","1"
"9363","2","Arrests, Bribery & Corruption (CIABOC)","1"
"9364","1","General Sri Lanka News (Cyclone Ditwah relief, Rupee, Tourism)","1"
"9365","0","Cricket","1"
"9366","0","Cricket","1"
"9367","17","Healthcare Worker Strikes (GMOA)","1"
"9368","8","Electricity Tariffs & CEB","1"
"9369","0","Cricket","1"
"9370","0","Cricket","1"
"9371","0","Cricket","1"
"9372","0","Cricket","1"
"9373","0","Cricket","1"
"9374","10","Education & Examinations","1"
"9375","0","Cricket","1"
"9376","9","Fuel & Oil Prices (CPC)","1"
"9377","0","Cricket","1"
"9378","11","Wildlife & Human-Elephant Conflict","1"
"9379","0","Cricket","1"
"9380","18","Easter Sunday Attacks (Retrospective/Legal)","1"
"9381","0","Cricket","1"
"9382","16","Stock Market (CSE)","1"
"9383","15","Public Holidays & Special Traffic Plans","1"
"9384","2","Arrests, Bribery & Corruption (CIABOC)","1"
"9385","4","Weather & Flood Warnings","1"
"9386","12","Consumer Prices & Food (Rice/CAA)","1"
"9387","3","Violence, Shootings & Fatal Accidents","1"
"9388","1","General Sri Lanka News (Cyclone Ditwah relief, Rupee, Tourism)","1"
"9389","1","General Sri Lanka News (Cyclone Ditwah relief, Rupee, Tourism)","1"
"9390","2","Arrests, Bribery & Corruption (CIABOC)","1"
"9391","15","Public Holidays & Special Traffic Plans","1"
"9392","1","General Sri Lanka News (Cyclone Ditwah relief, Rupee, Tourism)","1"
"9393","1","General Sri Lanka News (Cyclone Ditwah relief, Rupee, Tourism)","1"
"9394","12","Consumer Prices & Food (Rice/CAA)","1"
"9395","1","General Sri Lanka News (Cyclone Ditwah relief, Rupee, Tourism)","1"
"9396","7","Health & Dengue","1"
"9397","2","Arrests, Bribery & Corruption (CIABOC)","1"
"9398","1","General Sri Lanka News (Cyclone Ditwah relief, Rupee, Tourism)","1"
"9399","0","Cricket","1"
"9400","6","Transport & Railways","1"
"9401","3","Violence, Shootings & Fatal Accidents","1"
"9402","0","Cricket","1"
"9403","23","Elon Musk & Global Business News","1"
"9404","0","Cricket","1"
"9405","8","Electricity Tariffs & CEB","1"
"9406","7","Health & Dengue","1"
"9407","1","General Sri Lanka News (Cyclone Ditwah relief, Rupee, Tourism)","1"
"9408","2","Arrests, Bribery & Corruption (CIABOC)","1"
"9409","2","Arrests, Bribery & Corruption (CIABOC)","1"
"9410","13","Media, Online Safety & News Digests","1"
"9411","0","Cricket","1"
"9412","3","Violence, Shootings & Fatal Accidents","1"
"9413","0","Cricket","1"
"9414","1","General Sri Lanka News (Cyclone Ditwah relief, Rupee, Tourism)","1"
"9415","17","Healthcare Worker Strikes (GMOA)","1"
"9416","0","Cricket","1"
"9417","12","Consumer Prices & Food (Rice/CAA)","1"
"9418","0","Cricket","1"
"9419","0","Cricket","1"
"9420","0","Cricket","1"
"9421","13","Media, Online Safety & News Digests","1"
"9422","1","General Sri Lanka News (Cyclone Ditwah relief, Rupee, Tourism)","1"
"9423","3","Violence, Shootings & Fatal Accidents","1"
"9424","0","Cricket","1"
"9425","16","Stock Market (CSE)","1"
"9426","17","Healthcare Worker Strikes (GMOA)","1"
"9427","0","Cricket","1"
"9428","0","Cricket","1"
"9429","2","Arrests, Bribery & Corruption (CIABOC)","1"
"9430","13","Media, Online Safety & News Digests","1"
"9431","1","General Sri Lanka News (Cyclone Ditwah relief, Rupee, Tourism)","1"
"9432","8","Electricity Tariffs & CEB","1"
"9433","11","Wildlife & Human-Elephant Conflict","1"
"9434","0","Cricket","1"
"9435","1","General Sri Lanka News (Cyclone Ditwah relief, Rupee, Tourism)","1"
"9436","7","Health & Dengue","1"
"9437","3","Violence, Shootings & Fatal Accidents","1"
"9438","1","General Sri Lanka News (Cyclone Ditwah relief, Rupee, Tourism)","1"
"9439","1","General Sri Lanka News (Cyclone Ditwah relief, Rupee, Tourism)","1"
"9440","6","Transport & Railways","1"
"9441","6","Transport & Railways","1"
"9442","6","Transport & Railways","1"
"9443","10","Education & Examinations","1"
"9444","6","Transport & Railways","1"
"9445","0","Cricket","1"
"9446","0","Cricket","1"
"9447","21","AI & Digital Education","1"
"9448","0","Cricket","1"
"9449","8","Electricity Tariffs & CEB","1"
"9450","3","Violence, Shootings & Fatal Accidents","1"
"9451","3","Violence, Shootings & Fatal Accidents","1"
"9452","2","Arrests, Bribery & Corruption (CIABOC)","1"
"9453","13","Media, Online Safety & News Digests","1"
"9454","3","Violence, Shootings & Fatal Accidents","1"
"9455","7","Health & Dengue","1"
"9456","8","Electricity Tariffs & CEB","1"
"9457","15","Public Holidays & Special Traffic Plans","1"
"9458","0","Cricket","1"
"9459","13","Media, Online Safety & News Digests","1"
"9460","22","Liquor Shop Regulations","1"
"9461","1","General Sri Lanka News (Cyclone Ditwah relief, Rupee, Tourism)","1"
"9462","0","Cricket","1"
"9463","7","Health & Dengue","1"
"9464","8","Electricity Tariffs & CEB","1"
"9465","6","Transport & Railways","1"
"9466","1","General Sri Lanka News (Cyclone Ditwah relief, Rupee, Tourism)","1"
"9467","8","Electricity Tariffs & CEB","1"
"9468","0","Cricket","1"
"9469","1","General Sri Lanka News (Cyclone Ditwah relief, Rupee, Tourism)","1"
"9470","0","Cricket","1"
"9471","0","Cricket","1"
"9472","0","Cricket","1"
"9473","12","Consumer Prices & Food (Rice/CAA)","1"
"9474","0","Cricket","1"
"9475","1","General Sri Lanka News (Cyclone Ditwah relief, Rupee, Tourism)","1"
"9476","0","Cricket","1"
"9477","3","Violence, Shootings & Fatal Accidents","1"
"9478","3","Violence, Shootings & Fatal Accidents","1"
"9479","16","Stock Market (CSE)","1"
"9480","1","General Sri Lanka News (Cyclone Ditwah relief, Rupee, Tourism)","1"
"9481","7","Health & Dengue","1"
"9482","2","Arrests, Bribery & Corruption (CIABOC)","1"
"9483","0","Cricket","1"
"9484","15","Public Holidays & Special Traffic Plans","1"
"9485","15","Public Holidays & Special Traffic Plans","1"
"9486","2","Arrests, Bribery & Corruption (CIABOC)","1"
"9487","3","Violence, Shootings & Fatal Accidents","1"
"9488","1","General Sri Lanka News (Cyclone Ditwah relief, Rupee, Tourism)","1"
"9489","0","Cricket","1"
"9490","12","Consumer Prices & Food (Rice/CAA)","1"
"9491","0","Cricket","1"
"9492","3","Violence, Shootings & Fatal Accidents","1"
"9493","3","Violence, Shootings & Fatal Accidents","1"
"9494","2","Arrests, Bribery & Corruption (CIABOC)","1"
"9495","0","Cricket","1"
"9496","7","Health & Dengue","1"
"9497","3","Violence, Shootings & Fatal Accidents","1"
"9498","10","Education & Examinations","1"
"9499","0","Cricket","1"
"9500","8","Electricity Tariffs & CEB","1"
"9501","22","Liquor Shop Regulations","1"
"9502","0","Cricket","1"
"9503","1","General Sri Lanka News (Cyclone Ditwah relief, Rupee, Tourism)","1"
"9504","7","Health & Dengue","1"
"9505","13","Media, Online Safety & News Digests","1"
"9506","1","General Sri Lanka News (Cyclone Ditwah relief, Rupee, Tourism)","1"
"9507","1","General Sri Lanka News (Cyclone Ditwah relief, Rupee, Tourism)","1"
"9508","3","Violence, Shootings & Fatal Accidents","1"
"9509","8","Electricity Tariffs & CEB","1"
"9510","18","Easter Sunday Attacks (Retrospective/Legal)","1"
"9511","7","Health & Dengue","1"
"9512","1","General Sri Lanka News (Cyclone Ditwah relief, Rupee, Tourism)","1"
"9513","8","Electricity Tariffs & CEB","1"
"9514","1","General Sri Lanka News (Cyclone Ditwah relief, Rupee, Tourism)","1"
"9515","3","Violence, Shootings & Fatal Accidents","1"
"9516","0","Cricket","1"
"9517","11","Wildlife & Human-Elephant Conflict","1"
"9518","1","General Sri Lanka News (Cyclone Ditwah relief, Rupee, Tourism)","1"
"9519","1","General Sri Lanka News (Cyclone Ditwah relief, Rupee, Tourism)","1"
"9520","4","Weather & Flood Warnings","1"
"9521","3","Violence, Shootings & Fatal Accidents","1"
"9522","7","Health & Dengue","1"
"9523","12","Consumer Prices & Food (Rice/CAA)","1"
"9524","18","Easter Sunday Attacks (Retrospective/Legal)","1"
"9525","8","Electricity Tariffs & CEB","1"
"9526","7","Health & Dengue","1"
"9527","5","Iran War & Geopolitics (Trump/Hormuz)","1"
"9528","8","Electricity Tariffs & CEB","1"
"9529","4","Weather & Flood Warnings","1"
"9530","2","Arrests, Bribery & Corruption (CIABOC)","1"
"9531","2","Arrests, Bribery & Corruption (CIABOC)","1"
"9532","1","General Sri Lanka News (Cyclone Ditwah relief, Rupee, Tourism)","1"
"9533","1","General Sri Lanka News (Cyclone Ditwah relief, Rupee, Tourism)","1"
"9534","3","Violence, Shootings & Fatal Accidents","1"
"9535","4","Weather & Flood Warnings","1"
"9536","1","General Sri Lanka News (Cyclone Ditwah relief, Rupee, Tourism)","1"
"9537","15","Public Holidays & Special Traffic Plans","1"
"9538","1","General Sri Lanka News (Cyclone Ditwah relief, Rupee, Tourism)","1"
"9539","1","General Sri Lanka News (Cyclone Ditwah relief, Rupee, Tourism)","1"
"9540","2","Arrests, Bribery & Corruption (CIABOC)","1"
"9541","0","Cricket","1"
"9542","0","Cricket","1"
"9543","1","General Sri Lanka News (Cyclone Ditwah relief, Rupee, Tourism)","1"
"9544","3","Violence, Shootings & Fatal Accidents","1"
"9545","0","Cricket","1"
"9546","8","Electricity Tariffs & CEB","1"
"9547","1","General Sri Lanka News (Cyclone Ditwah relief, Rupee, Tourism)","1"
"9548","3","Violence, Shootings & Fatal Accidents","1"
"9549","1","General Sri Lanka News (Cyclone Ditwah relief, Rupee, Tourism)","1"
"9550","8","Electricity Tariffs & CEB","1"
"9551","8","Electricity Tariffs & CEB","1"
"9552","0","Cricket","1"
"9553","0","Cricket","1"
"9554","0","Cricket","1"
"9555","14","US/China Trade & Tariffs","1"
"9556","16","Stock Market (CSE)","1"
"9557","0","Cricket","1"
"9558","0","Cricket","1"
"9559","8","Electricity Tariffs & CEB","1"
"9560","1","General Sri Lanka News (Cyclone Ditwah relief, Rupee, Tourism)","1"
"9561","0","Cricket","1"
"9562","1","General Sri Lanka News (Cyclone Ditwah relief, Rupee, Tourism)","1"
"9563","6","Transport & Railways","1"
"9564","3","Violence, Shootings & Fatal Accidents","1"
"9565","0","Cricket","1"
"9566","6","Transport & Railways","1"
"9567","8","Electricity Tariffs & CEB","1"
"9568","8","Electricity Tariffs & CEB","1"
"9569","11","Wildlife & Human-Elephant Conflict","1"
"9570","8","Electricity Tariffs & CEB","1"
"9571","6","Transport & Railways","1"
"9572","8","Electricity Tariffs & CEB","1"
"9573","2","Arrests, Bribery & Corruption (CIABOC)","1"
"9574","8","Electricity Tariffs & CEB","1"
"9575","1","General Sri Lanka News (Cyclone Ditwah relief, Rupee, Tourism)","1"
"9576","8","Electricity Tariffs & CEB","1"
"9577","1","General Sri Lanka News (Cyclone Ditwah relief, Rupee, Tourism)","1"
"9578","1","General Sri Lanka News (Cyclone Ditwah relief, Rupee, Tourism)","1"
"9579","1","General Sri Lanka News (Cyclone Ditwah relief, Rupee, Tourism)","1"
"9580","0","Cricket","1"
"9581","0","Cricket","1"
"9582","2","Arrests, Bribery & Corruption (CIABOC)","1"
"9583","22","Liquor Shop Regulations","1"
"9584","8","Electricity Tariffs & CEB","1"
"9585","21","AI & Digital Education","1"
"9586","2","Arrests, Bribery & Corruption (CIABOC)","1"
"9587","2","Arrests, Bribery & Corruption (CIABOC)","1"
"9588","1","General Sri Lanka News (Cyclone Ditwah relief, Rupee, Tourism)","1"
"9589","23","Elon Musk & Global Business News","1"
"9590","8","Electricity Tariffs & CEB","1"
"9591","15","Public Holidays & Special Traffic Plans","1"
"9592","7","Health & Dengue","1"
"9593","11","Wildlife & Human-Elephant Conflict","1"
"9594","1","General Sri Lanka News (Cyclone Ditwah relief, Rupee, Tourism)","1"
"9595","8","Electricity Tariffs & CEB","1"
"9596","5","Iran War & Geopolitics (Trump/Hormuz)","1"
"9597","0","Cricket","1"
"9598","3","Violence, Shootings & Fatal Accidents","1"
"9599","2","Arrests, Bribery & Corruption (CIABOC)","1"
"9600","10","Education & Examinations","1"
"9601","2","Arrests, Bribery & Corruption (CIABOC)","1"
"9602","17","Healthcare Worker Strikes (GMOA)","1"
"9603","12","Consumer Prices & Food (Rice/CAA)","1"
"9604","9","Fuel & Oil Prices (CPC)","1"
"9605","2","Arrests, Bribery & Corruption (CIABOC)","1"
"9606","1","General Sri Lanka News (Cyclone Ditwah relief, Rupee, Tourism)","1"
"9607","12","Consumer Prices & Food (Rice/CAA)","1"
"9608","3","Violence, Shootings & Fatal Accidents","1"
"9609","1","General Sri Lanka News (Cyclone Ditwah relief, Rupee, Tourism)","1"
"9610","0","Cricket","1"
"9611","1","General Sri Lanka News (Cyclone Ditwah relief, Rupee, Tourism)","1"
"9612","1","General Sri Lanka News (Cyclone Ditwah relief, Rupee, Tourism)","1"
"9613","3","Violence, Shootings & Fatal Accidents","1"
"9614","0","Cricket","1"
"9615","0","Cricket","1"
"9616","2","Arrests, Bribery & Corruption (CIABOC)","1"
"9617","0","Cricket","1"
"9618","0","Cricket","1"
"9619","2","Arrests, Bribery & Corruption (CIABOC)","1"
"9620","3","Violence, Shootings & Fatal Accidents","1"
"9621","2","Arrests, Bribery & Corruption (CIABOC)","1"
"9622","0","Cricket","1"
"9623","0","Cricket","1"
"9624","0","Cricket","1"
"9625","2","Arrests, Bribery & Corruption (CIABOC)","1"
"9626","0","Cricket","1"
"9627","6","Transport & Railways","1"
"9628","3","Violence, Shootings & Fatal Accidents","1"
"9629","2","Arrests, Bribery & Corruption (CIABOC)","1"
"9630","1","General Sri Lanka News (Cyclone Ditwah relief, Rupee, Tourism)","1"
"9631","10","Education & Examinations","1"
"9632","15","Public Holidays & Special Traffic Plans","1"
"9633","7","Health & Dengue","1"
"9634","14","US/China Trade & Tariffs","1"
"9635","6","Transport & Railways","1"
"9636","0","Cricket","1"
"9637","8","Electricity Tariffs & CEB","1"
"9638","1","General Sri Lanka News (Cyclone Ditwah relief, Rupee, Tourism)","1"
"9639","0","Cricket","1"
"9640","0","Cricket","1"
"9641","6","Transport & Railways","1"
"9642","3","Violence, Shootings & Fatal Accidents","1"
"9643","2","Arrests, Bribery & Corruption (CIABOC)","1"
"9644","0","Cricket","1"
"9645","2","Arrests, Bribery & Corruption (CIABOC)","1"
"9646","3","Violence, Shootings & Fatal Accidents","1"
"9647","3","Violence, Shootings & Fatal Accidents","1"
"9648","0","Cricket","1"
"9649","0","Cricket","1"
"9650","0","Cricket","1"
"9651","2","Arrests, Bribery & Corruption (CIABOC)","1"
"9652","10","Education & Examinations","1"
"9653","2","Arrests, Bribery & Corruption (CIABOC)","1"
"9654","18","Easter Sunday Attacks (Retrospective/Legal)","1"
"9655","6","Transport & Railways","1"
"9656","7","Health & Dengue","1"
"9657","2","Arrests, Bribery & Corruption (CIABOC)","1"
"9658","10","Education & Examinations","1"
"9659","2","Arrests, Bribery & Corruption (CIABOC)","1"
"9660","2","Arrests, Bribery & Corruption (CIABOC)","1"
"9661","0","Cricket","1"
"9662","0","Cricket","1"
"9663","1","General Sri Lanka News (Cyclone Ditwah relief, Rupee, Tourism)","1"
"9664","2","Arrests, Bribery & Corruption (CIABOC)","1"
"9665","3","Violence, Shootings & Fatal Accidents","1"
"9666","0","Cricket","1"
"9667","3","Violence, Shootings & Fatal Accidents","1"
"9668","8","Electricity Tariffs & CEB","1"
"9669","18","Easter Sunday Attacks (Retrospective/Legal)","1"
"9670","1","General Sri Lanka News (Cyclone Ditwah relief, Rupee, Tourism)","1"
"9671","1","General Sri Lanka News (Cyclone Ditwah relief, Rupee, Tourism)","1"
"9672","10","Education & Examinations","1"
"9673","1","General Sri Lanka News (Cyclone Ditwah relief, Rupee, Tourism)","1"
"9674","11","Wildlife & Human-Elephant Conflict","1"
"9675","15","Public Holidays & Special Traffic Plans","1"
"9676","0","Cricket","1"
"9677","0","Cricket","1"
"9678","2","Arrests, Bribery & Corruption (CIABOC)","1"
"9679","0","Cricket","1"
"9680","12","Consumer Prices & Food (Rice/CAA)","1"
"9681","0","Cricket","1"
"9682","0","Cricket","1"
"9683","9","Fuel & Oil Prices (CPC)","1"
"9684","3","Violence, Shootings & Fatal Accidents","1"
"9685","16","Stock Market (CSE)","1"
"9686","0","Cricket","1"
"9687","0","Cricket","1"
"9688","0","Cricket","1"
"9689","0","Cricket","1"
"9690","2","Arrests, Bribery & Corruption (CIABOC)","1"
"9691","0","Cricket","1"
"9692","2","Arrests, Bribery & Corruption (CIABOC)","1"
"9693","2","Arrests, Bribery & Corruption (CIABOC)","1"
"9694","1","General Sri Lanka News (Cyclone Ditwah relief, Rupee, Tourism)","1"
"9695","7","Health & Dengue","1"
"9696","2","Arrests, Bribery & Corruption (CIABOC)","1"
"9697","10","Education & Examinations","1"
"9698","2","Arrests, Bribery & Corruption (CIABOC)","1"
"9699","14","US/China Trade & Tariffs","1"
"9700","18","Easter Sunday Attacks (Retrospective/Legal)","1"
"9701","3","Violence, Shootings & Fatal Accidents","1"
"9702","0","Cricket","1"
"9703","0","Cricket","1"
"9704","0","Cricket","1"
"9705","1","General Sri Lanka News (Cyclone Ditwah relief, Rupee, Tourism)","1"
"9706","0","Cricket","1"
"9707","2","Arrests, Bribery & Corruption (CIABOC)","1"
"9708","2","Arrests, Bribery & Corruption (CIABOC)","1"
"9709","0","Cricket","1"
"9710","1","General Sri Lanka News (Cyclone Ditwah relief, Rupee, Tourism)","1"
"9711","2","Arrests, Bribery & Corruption (CIABOC)","1"
"9712","2","Arrests, Bribery & Corruption (CIABOC)","1"
"9713","0","Cricket","1"
"9714","22","Liquor Shop Regulations","1"
"9715","2","Arrests, Bribery & Corruption (CIABOC)","1"
"9716","7","Health & Dengue","1"
"9717","7","Health & Dengue","1"
"9718","1","General Sri Lanka News (Cyclone Ditwah relief, Rupee, Tourism)","1"
"9719","1","General Sri Lanka News (Cyclone Ditwah relief, Rupee, Tourism)","1"
"9720","1","General Sri Lanka News (Cyclone Ditwah relief, Rupee, Tourism)","1"
"9721","14","US/China Trade & Tariffs","1"
"9722","16","Stock Market (CSE)","1"
"9723","17","Healthcare Worker Strikes (GMOA)","1"
"9724","16","Stock Market (CSE)","1"
"9725","0","Cricket","1"
"9726","1","General Sri Lanka News (Cyclone Ditwah relief, Rupee, Tourism)","1"
"9727","1","General Sri Lanka News (Cyclone Ditwah relief, Rupee, Tourism)","1"
"9728","16","Stock Market (CSE)","1"
"9729","14","US/China Trade & Tariffs","1"
"9730","2","Arrests, Bribery & Corruption (CIABOC)","1"
"9731","11","Wildlife & Human-Elephant Conflict","1"
"9732","7","Health & Dengue","1"
"9733","17","Healthcare Worker Strikes (GMOA)","1"
"9734","7","Health & Dengue","1"
"9735","2","Arrests, Bribery & Corruption (CIABOC)","1"
"9736","1","General Sri Lanka News (Cyclone Ditwah relief, Rupee, Tourism)","1"
"9737","7","Health & Dengue","1"
"9738","1","General Sri Lanka News (Cyclone Ditwah relief, Rupee, Tourism)","1"
"9739","0","Cricket","1"
"9740","2","Arrests, Bribery & Corruption (CIABOC)","1"
"9741","0","Cricket","1"
"9742","18","Easter Sunday Attacks (Retrospective/Legal)","1"
"9743","2","Arrests, Bribery & Corruption (CIABOC)","1"
"9744","1","General Sri Lanka News (Cyclone Ditwah relief, Rupee, Tourism)","1"
"9745","2","Arrests, Bribery & Corruption (CIABOC)","1"
"9746","6","Transport & Railways","1"
"9747","0","Cricket","1"
"9748","6","Transport & Railways","1"
"9749","7","Health & Dengue","1"
"9750","17","Healthcare Worker Strikes (GMOA)","1"
"9751","9","Fuel & Oil Prices (CPC)","1"
"9752","17","Healthcare Worker Strikes (GMOA)","1"
"9753","5","Iran War & Geopolitics (Trump/Hormuz)","1"
"9754","8","Electricity Tariffs & CEB","1"
"9755","13","Media, Online Safety & News Digests","1"
"9756","0","Cricket","1"
"9757","2","Arrests, Bribery & Corruption (CIABOC)","1"
"9758","3","Violence, Shootings & Fatal Accidents","1"
"9759","0","Cricket","1"
"9760","0","Cricket","1"
"9761","2","Arrests, Bribery & Corruption (CIABOC)","1"
"9762","11","Wildlife & Human-Elephant Conflict","1"
"9763","14","US/China Trade & Tariffs","1"
"9764","15","Public Holidays & Special Traffic Plans","1"
"9765","7","Health & Dengue","1"
"9766","2","Arrests, Bribery & Corruption (CIABOC)","1"
"9767","4","Weather & Flood Warnings","1"
"9768","4","Weather & Flood Warnings","1"
"9769","0","Cricket","1"
"9770","12","Consumer Prices & Food (Rice/CAA)","1"
"9771","16","Stock Market (CSE)","1"
"9772","3","Violence, Shootings & Fatal Accidents","1"
"9773","10","Education & Examinations","1"
"9774","1","General Sri Lanka News (Cyclone Ditwah relief, Rupee, Tourism)","1"
"9775","13","Media, Online Safety & News Digests","1"
"9776","2","Arrests, Bribery & Corruption (CIABOC)","1"
"9777","0","Cricket","1"
"9778","1","General Sri Lanka News (Cyclone Ditwah relief, Rupee, Tourism)","1"
"9779","14","US/China Trade & Tariffs","1"
"9780","2","Arrests, Bribery & Corruption (CIABOC)","1"
"9781","14","US/China Trade & Tariffs","1"
"9782","0","Cricket","1"
"9783","11","Wildlife & Human-Elephant Conflict","1"
"9784","0","Cricket","1"
"9785","0","Cricket","1"
"9786","2","Arrests, Bribery & Corruption (CIABOC)","1"
"9787","0","Cricket","1"
"9788","0","Cricket","1"
"9789","12","Consumer Prices & Food (Rice/CAA)","1"
"9790","3","Violence, Shootings & Fatal Accidents","1"
"9791","2","Arrests, Bribery & Corruption (CIABOC)","1"
"9792","3","Violence, Shootings & Fatal Accidents","1"
"9793","0","Cricket","1"
"9794","16","Stock Market (CSE)","1"
"9795","2","Arrests, Bribery & Corruption (CIABOC)","1"
"9796","1","General Sri Lanka News (Cyclone Ditwah relief, Rupee, Tourism)","1"
"9797","2","Arrests, Bribery & Corruption (CIABOC)","1"
"9798","3","Violence, Shootings & Fatal Accidents","1"
"9799","3","Violence, Shootings & Fatal Accidents","1"
"9800","7","Health & Dengue","1"
"9801","1","General Sri Lanka News (Cyclone Ditwah relief, Rupee, Tourism)","1"
"9802","6","Transport & Railways","1"
"9803","5","Iran War & Geopolitics (Trump/Hormuz)","1"
"9804","0","Cricket","1"
"9805","1","General Sri Lanka News (Cyclone Ditwah relief, Rupee, Tourism)","1"
"9806","0","Cricket","1"
"9807","4","Weather & Flood Warnings","1"
"9808","2","Arrests, Bribery & Corruption (CIABOC)","1"
"9809","3","Violence, Shootings & Fatal Accidents","1"
"9810","1","General Sri Lanka News (Cyclone Ditwah relief, Rupee, Tourism)","1"
"9811","0","Cricket","1"
"9812","2","Arrests, Bribery & Corruption (CIABOC)","1"
"9813","1","General Sri Lanka News (Cyclone Ditwah relief, Rupee, Tourism)","1"
"9814","0","Cricket","1"
"9815","0","Cricket","1"
"9816","13","Media, Online Safety & News Digests","1"
"9817","0","Cricket","1"
"9818","16","Stock Market (CSE)","1"
"9819","1","General Sri Lanka News (Cyclone Ditwah relief, Rupee, Tourism)","1"
"9820","0","Cricket","1"
"9821","7","Health & Dengue","1"
"9822","1","General Sri Lanka News (Cyclone Ditwah relief, Rupee, Tourism)","1"
"9823","14","US/China Trade & Tariffs","1"
"9824","0","Cricket","1"
"9825","0","Cricket","1"
"9826","3","Violence, Shootings & Fatal Accidents","1"
"9827","1","General Sri Lanka News (Cyclone Ditwah relief, Rupee, Tourism)","1"
"9828","2","Arrests, Bribery & Corruption (CIABOC)","1"
"9829","2","Arrests, Bribery & Corruption (CIABOC)","1"
"9830","3","Violence, Shootings & Fatal Accidents","1"
"9831","23","Elon Musk & Global Business News","1"
"9832","8","Electricity Tariffs & CEB","1"
"9833","0","Cricket","1"
"9834","0","Cricket","1"
"9835","7","Health & Dengue","1"
"9836","7","Health & Dengue","1"
"9837","1","General Sri Lanka News (Cyclone Ditwah relief, Rupee, Tourism)","1"
"9838","2","Arrests, Bribery & Corruption (CIABOC)","1"
"9839","1","General Sri Lanka News (Cyclone Ditwah relief, Rupee, Tourism)","1"
"9840","1","General Sri Lanka News (Cyclone Ditwah relief, Rupee, Tourism)","1"
"9841","0","Cricket","1"
"9842","2","Arrests, Bribery & Corruption (CIABOC)","1"
"9843","2","Arrests, Bribery & Corruption (CIABOC)","1"
"9844","0","Cricket","1"
"9845","0","Cricket","1"
"9846","0","Cricket","1"
"9847","2","Arrests, Bribery & Corruption (CIABOC)","1"
"9848","2","Arrests, Bribery & Corruption (CIABOC)","1"
"9849","4","Weather & Flood Warnings","1"
"9850","2","Arrests, Bribery & Corruption (CIABOC)","1"
"9851","3","Violence, Shootings & Fatal Accidents","1"
"9852","13","Media, Online Safety & News Digests","1"
"9853","2","Arrests, Bribery & Corruption (CIABOC)","1"
"9854","7","Health & Dengue","1"
"9855","6","Transport & Railways","1"
"9856","14","US/China Trade & Tariffs","1"
"9857","6","Transport & Railways","1"
"9858","8","Electricity Tariffs & CEB","1"
"9859","5","Iran War & Geopolitics (Trump/Hormuz)","1"
"9860","2","Arrests, Bribery & Corruption (CIABOC)","1"
"9861","2","Arrests, Bribery & Corruption (CIABOC)","1"
"9862","8","Electricity Tariffs & CEB","1"
"9863","14","US/China Trade & Tariffs","1"
"9864","0","Cricket","1"
"9865","13","Media, Online Safety & News Digests","1"
"9866","1","General Sri Lanka News (Cyclone Ditwah relief, Rupee, Tourism)","1"
"9867","0","Cricket","1"
"9868","0","Cricket","1"
"9869","6","Transport & Railways","1"
"9870","0","Cricket","1"
"9871","0","Cricket","1"
"9872","21","AI & Digital Education","1"
"9873","0","Cricket","1"
"9874","7","Health & Dengue","1"
"9875","1","General Sri Lanka News (Cyclone Ditwah relief, Rupee, Tourism)","1"
"9876","4","Weather & Flood Warnings","1"
"9877","15","Public Holidays & Special Traffic Plans","1"
"9878","7","Health & Dengue","1"
"9879","1","General Sri Lanka News (Cyclone Ditwah relief, Rupee, Tourism)","1"
"9880","0","Cricket","1"
"9881","1","General Sri Lanka News (Cyclone Ditwah relief, Rupee, Tourism)","1"
"9882","7","Health & Dengue","1"
"9883","2","Arrests, Bribery & Corruption (CIABOC)","1"
"9884","3","Violence, Shootings & Fatal Accidents","1"
"9885","2","Arrests, Bribery & Corruption (CIABOC)","1"
"9886","6","Transport & Railways","1"
"9887","4","Weather & Flood Warnings","1"
"9888","3","Violence, Shootings & Fatal Accidents","1"
"9889","1","General Sri Lanka News (Cyclone Ditwah relief, Rupee, Tourism)","1"
"9890","18","Easter Sunday Attacks (Retrospective/Legal)","1"
"9891","1","General Sri Lanka News (Cyclone Ditwah relief, Rupee, Tourism)","1"
"9892","10","Education & Examinations","1"
"9893","9","Fuel & Oil Prices (CPC)","1"
"9894","0","Cricket","1"
"9895","15","Public Holidays & Special Traffic Plans","1"
"9896","4","Weather & Flood Warnings","1"
"9897","1","General Sri Lanka News (Cyclone Ditwah relief, Rupee, Tourism)","1"
"9898","1","General Sri Lanka News (Cyclone Ditwah relief, Rupee, Tourism)","1"
"9899","3","Violence, Shootings & Fatal Accidents","1"
"9900","2","Arrests, Bribery & Corruption (CIABOC)","1"
"9901","0","Cricket","1"
"9902","17","Healthcare Worker Strikes (GMOA)","1"
"9903","2","Arrests, Bribery & Corruption (CIABOC)","1"
"9904","1","General Sri Lanka News (Cyclone Ditwah relief, Rupee, Tourism)","1"
"9905","2","Arrests, Bribery & Corruption (CIABOC)","1"
"9906","6","Transport & Railways","1"
"9907","3","Violence, Shootings & Fatal Accidents","1"
"9908","3","Violence, Shootings & Fatal Accidents","1"
"9909","10","Education & Examinations","1"
"9910","11","Wildlife & Human-Elephant Conflict","1"
"9911","5","Iran War & Geopolitics (Trump/Hormuz)","1"
"9912","14","US/China Trade & Tariffs","1"
"9913","0","Cricket","1"
"9914","16","Stock Market (CSE)","1"
"9915","4","Weather & Flood Warnings","1"
"9916","1","General Sri Lanka News (Cyclone Ditwah relief, Rupee, Tourism)","1"
"9917","1","General Sri Lanka News (Cyclone Ditwah relief, Rupee, Tourism)","1"
"9918","21","AI & Digital Education","1"
"9919","1","General Sri Lanka News (Cyclone Ditwah relief, Rupee, Tourism)","1"
"9920","3","Violence, Shootings & Fatal Accidents","1"
"9921","3","Violence, Shootings & Fatal Accidents","1"
"9922","15","Public Holidays & Special Traffic Plans","1"
"9923","1","General Sri Lanka News (Cyclone Ditwah relief, Rupee, Tourism)","1"
"9924","2","Arrests, Bribery & Corruption (CIABOC)","1"
"9925","0","Cricket","1"
"9926","0","Cricket","1"
"9927","0","Cricket","1"
"9928","3","Violence, Shootings & Fatal Accidents","1"
"9929","6","Transport & Railways","1"
"9930","0","Cricket","1"
"9931","2","Arrests, Bribery & Corruption (CIABOC)","1"
"9932","3","Violence, Shootings & Fatal Accidents","1"
"9933","2","Arrests, Bribery & Corruption (CIABOC)","1"
"9934","0","Cricket","1"
"9935","7","Health & Dengue","1"
"9936","0","Cricket","1"
"9937","5","Iran War & Geopolitics (Trump/Hormuz)","1"
"9938","3","Violence, Shootings & Fatal Accidents","1"
"9939","2","Arrests, Bribery & Corruption (CIABOC)","1"
"9940","23","Elon Musk & Global Business News","1"
"9941","1","General Sri Lanka News (Cyclone Ditwah relief, Rupee, Tourism)","1"
"9942","12","Consumer Prices & Food (Rice/CAA)","1"
"9943","23","Elon Musk & Global Business News","1"
"9944","5","Iran War & Geopolitics (Trump/Hormuz)","1"
"9945","6","Transport & Railways","1"
"9946","8","Electricity Tariffs & CEB","1"
"9947","1","General Sri Lanka News (Cyclone Ditwah relief, Rupee, Tourism)","1"
"9948","0","Cricket","1"
"9949","0","Cricket","1"
"9950","0","Cricket","1"
"9951","0","Cricket","1"
"9952","13","Media, Online Safety & News Digests","1"
"9953","1","General Sri Lanka News (Cyclone Ditwah relief, Rupee, Tourism)","1"
"9954","16","Stock Market (CSE)","1"
"9955","2","Arrests, Bribery & Corruption (CIABOC)","1"
"9956","2","Arrests, Bribery & Corruption (CIABOC)","1"
"9957","0","Cricket","1"
"9958","6","Transport & Railways","1"
"9959","10","Education & Examinations","1"
"9960","0","Cricket","1"
"9961","11","Wildlife & Human-Elephant Conflict","1"
"9962","0","Cricket","1"
"9963","2","Arrests, Bribery & Corruption (CIABOC)","1"
"9964","2","Arrests, Bribery & Corruption (CIABOC)","1"
"9965","2","Arrests, Bribery & Corruption (CIABOC)","1"
"9966","3","Violence, Shootings & Fatal Accidents","1"
"9967","9","Fuel & Oil Prices (CPC)","1"
"9968","3","Violence, Shootings & Fatal Accidents","1"
"9969","6","Transport & Railways","1"
"9970","0","Cricket","1"
"9971","14","US/China Trade & Tariffs","1"
"9972","2","Arrests, Bribery & Corruption (CIABOC)","1"
"9973","1","General Sri Lanka News (Cyclone Ditwah relief, Rupee, Tourism)","1"
"9974","22","Liquor Shop Regulations","1"
"9975","2","Arrests, Bribery & Corruption (CIABOC)","1"
"9976","12","Consumer Prices & Food (Rice/CAA)","1"
"9977","1","General Sri Lanka News (Cyclone Ditwah relief, Rupee, Tourism)","1"
"9978","2","Arrests, Bribery & Corruption (CIABOC)","1"
"9979","9","Fuel & Oil Prices (CPC)","1"
"9980","14","US/China Trade & Tariffs","1"
"9981","0","Cricket","1"
"9982","6","Transport & Railways","1"
"9983","1","General Sri Lanka News (Cyclone Ditwah relief, Rupee, Tourism)","1"
"9984","0","Cricket","1"
"9985","4","Weather & Flood Warnings","1"
"9986","0","Cricket","1"
"9987","1","General Sri Lanka News (Cyclone Ditwah relief, Rupee, Tourism)","1"
"9988","2","Arrests, Bribery & Corruption (CIABOC)","1"
"9989","0","Cricket","1"
"9990","9","Fuel & Oil Prices (CPC)","1"
"9991","2","Arrests, Bribery & Corruption (CIABOC)","1"
"9992","18","Easter Sunday Attacks (Retrospective/Legal)","1"
"9993","3","Violence, Shootings & Fatal Accidents","1"
"9994","16","Stock Market (CSE)","1"
"9995","18","Easter Sunday Attacks (Retrospective/Legal)","1"
"9996","2","Arrests, Bribery & Corruption (CIABOC)","1"
"9997","4","Weather & Flood Warnings","1"
"9998","6","Transport & Railways","1"
"9999","0","Cricket","1"
"10000","0","Cricket","1"
"10001","0","Cricket","1"
"10002","2","Arrests, Bribery & Corruption (CIABOC)","1"
"10003","2","Arrests, Bribery & Corruption (CIABOC)","1"
"10004","18","Easter Sunday Attacks (Retrospective/Legal)","1"
"10005","11","Wildlife & Human-Elephant Conflict","1"
"10006","15","Public Holidays & Special Traffic Plans","1"
"10007","1","General Sri Lanka News (Cyclone Ditwah relief, Rupee, Tourism)","1"
"10008","2","Arrests, Bribery & Corruption (CIABOC)","1"
"10009","0","Cricket","1"
"10010","23","Elon Musk & Global Business News","1"
"10011","0","Cricket","1"
"10012","1","General Sri Lanka News (Cyclone Ditwah relief, Rupee, Tourism)","1"
"10013","13","Media, Online Safety & News Digests","1"
"10014","12","Consumer Prices & Food (Rice/CAA)","1"
"10015","3","Violence, Shootings & Fatal Accidents","1"
"10016","3","Violence, Shootings & Fatal Accidents","1"
"10017","17","Healthcare Worker Strikes (GMOA)","1"
"10018","17","Healthcare Worker Strikes (GMOA)","1"
"10019","9","Fuel & Oil Prices (CPC)","1"
"10020","2","Arrests, Bribery & Corruption (CIABOC)","1"
"10021","0","Cricket","1"
"10022","11","Wildlife & Human-Elephant Conflict","1"
"10023","6","Transport & Railways","1"
"10024","1","General Sri Lanka News (Cyclone Ditwah relief, Rupee, Tourism)","1"
"10025","4","Weather & Flood Warnings","1"
"10026","13","Media, Online Safety & News Digests","1"
"10027","1","General Sri Lanka News (Cyclone Ditwah relief, Rupee, Tourism)","1"
"10028","6","Transport & Railways","1"
"10029","13","Media, Online Safety & News Digests","1"
"10030","2","Arrests, Bribery & Corruption (CIABOC)","1"
"10031","1","General Sri Lanka News (Cyclone Ditwah relief, Rupee, Tourism)","1"
"10032","1","General Sri Lanka News (Cyclone Ditwah relief, Rupee, Tourism)","1"
"10033","0","Cricket","1"
"10034","0","Cricket","1"
"10035","0","Cricket","1"
"10036","1","General Sri Lanka News (Cyclone Ditwah relief, Rupee, Tourism)","1"
"10037","1","General Sri Lanka News (Cyclone Ditwah relief, Rupee, Tourism)","1"
"10038","1","General Sri Lanka News (Cyclone Ditwah relief, Rupee, Tourism)","1"
"10039","0","Cricket","1"
"10040","3","Violence, Shootings & Fatal Accidents","1"
"10041","8","Electricity Tariffs & CEB","1"
"10042","5","Iran War & Geopolitics (Trump/Hormuz)","1"
"10043","16","Stock Market (CSE)","1"
"10044","18","Easter Sunday Attacks (Retrospective/Legal)","1"
"10045","6","Transport & Railways","1"
"10046","0","Cricket","1"
"10047","2","Arrests, Bribery & Corruption (CIABOC)","1"
"10048","0","Cricket","1"
"10049","14","US/China Trade & Tariffs","1"
"10050","0","Cricket","1"
"10051","3","Violence, Shootings & Fatal Accidents","1"
"10052","3","Violence, Shootings & Fatal Accidents","1"
"10053","7","Health & Dengue","1"
"10054","2","Arrests, Bribery & Corruption (CIABOC)","1"
"10055","13","Media, Online Safety & News Digests","1"
"10056","7","Health & Dengue","1"
"10057","13","Media, Online Safety & News Digests","1"
"10058","2","Arrests, Bribery & Corruption (CIABOC)","1"
"10059","2","Arrests, Bribery & Corruption (CIABOC)","1"
"10060","0","Cricket","1"
"10061","3","Violence, Shootings & Fatal Accidents","1"
"10062","3","Violence, Shootings & Fatal Accidents","1"
"10063","2","Arrests, Bribery & Corruption (CIABOC)","1"
"10064","2","Arrests, Bribery & Corruption (CIABOC)","1"
"10065","3","Violence, Shootings & Fatal Accidents","1"
"10066","8","Electricity Tariffs & CEB","1"
"10067","7","Health & Dengue","1"
"10068","1","General Sri Lanka News (Cyclone Ditwah relief, Rupee, Tourism)","1"
"10069","0","Cricket","1"
"10070","7","Health & Dengue","1"
"10071","0","Cricket","1"
"10072","8","Electricity Tariffs & CEB","1"
"10073","21","AI & Digital Education","1"
"10074","2","Arrests, Bribery & Corruption (CIABOC)","1"
"10075","0","Cricket","1"
"10076","1","General Sri Lanka News (Cyclone Ditwah relief, Rupee, Tourism)","1"
"10077","3","Violence, Shootings & Fatal Accidents","1"
"10078","1","General Sri Lanka News (Cyclone Ditwah relief, Rupee, Tourism)","1"
"10079","3","Violence, Shootings & Fatal Accidents","1"
"10080","18","Easter Sunday Attacks (Retrospective/Legal)","1"
"10081","1","General Sri Lanka News (Cyclone Ditwah relief, Rupee, Tourism)","1"
"10082","1","General Sri Lanka News (Cyclone Ditwah relief, Rupee, Tourism)","1"
"10083","8","Electricity Tariffs & CEB","1"
"10084","0","Cricket","1"
"10085","1","General Sri Lanka News (Cyclone Ditwah relief, Rupee, Tourism)","1"
"10086","8","Electricity Tariffs & CEB","1"
"10087","0","Cricket","1"
"10088","0","Cricket","1"
"10089","1","General Sri Lanka News (Cyclone Ditwah relief, Rupee, Tourism)","1"
"10090","2","Arrests, Bribery & Corruption (CIABOC)","1"
"10091","5","Iran War & Geopolitics (Trump/Hormuz)","1"
"10092","0","Cricket","1"
"10093","9","Fuel & Oil Prices (CPC)","1"
"10094","2","Arrests, Bribery & Corruption (CIABOC)","1"
"10095","1","General Sri Lanka News (Cyclone Ditwah relief, Rupee, Tourism)","1"
"10096","11","Wildlife & Human-Elephant Conflict","1"
"10097","2","Arrests, Bribery & Corruption (CIABOC)","1"
"10098","0","Cricket","1"
"10099","5","Iran War & Geopolitics (Trump/Hormuz)","1"
"10100","0","Cricket","1"
"10101","17","Healthcare Worker Strikes (GMOA)","1"
"10102","5","Iran War & Geopolitics (Trump/Hormuz)","1"
"10103","7","Health & Dengue","1"
"10104","6","Transport & Railways","1"
"10105","0","Cricket","1"
"10106","8","Electricity Tariffs & CEB","1"
"10107","3","Violence, Shootings & Fatal Accidents","1"
"10108","3","Violence, Shootings & Fatal Accidents","1"
"10109","0","Cricket","1"
"10110","2","Arrests, Bribery & Corruption (CIABOC)","1"
"10111","5","Iran War & Geopolitics (Trump/Hormuz)","1"
"10112","11","Wildlife & Human-Elephant Conflict","1"
"10113","3","Violence, Shootings & Fatal Accidents","1"
"10114","0","Cricket","1"
"10115","7","Health & Dengue","1"
"10116","6","Transport & Railways","1"
"10117","0","Cricket","1"
"10118","0","Cricket","1"
"10119","5","Iran War & Geopolitics (Trump/Hormuz)","1"
"10120","0","Cricket","1"
"10121","0","Cricket","1"
"10122","1","General Sri Lanka News (Cyclone Ditwah relief, Rupee, Tourism)","1"
"10123","0","Cricket","1"
"10124","0","Cricket","1"
"10125","0","Cricket","1"
"10126","2","Arrests, Bribery & Corruption (CIABOC)","1"
"10127","9","Fuel & Oil Prices (CPC)","1"
"10128","2","Arrests, Bribery & Corruption (CIABOC)","1"
"10129","0","Cricket","1"
"10130","1","General Sri Lanka News (Cyclone Ditwah relief, Rupee, Tourism)","1"
"10131","1","General Sri Lanka News (Cyclone Ditwah relief, Rupee, Tourism)","1"
"10132","0","Cricket","1"
"10133","8","Electricity Tariffs & CEB","1"
"10134","3","Violence, Shootings & Fatal Accidents","1"
"10135","6","Transport & Railways","1"
"10136","1","General Sri Lanka News (Cyclone Ditwah relief, Rupee, Tourism)","1"
"10137","1","General Sri Lanka News (Cyclone Ditwah relief, Rupee, Tourism)","1"
"10138","11","Wildlife & Human-Elephant Conflict","1"
"10139","13","Media, Online Safety & News Digests","1"
"10140","2","Arrests, Bribery & Corruption (CIABOC)","1"
"10141","0","Cricket","1"
"10142","1","General Sri Lanka News (Cyclone Ditwah relief, Rupee, Tourism)","1"
"10143","2","Arrests, Bribery & Corruption (CIABOC)","1"
"10144","13","Media, Online Safety & News Digests","1"
"10145","2","Arrests, Bribery & Corruption (CIABOC)","1"
"10146","21","AI & Digital Education","1"
"10147","9","Fuel & Oil Prices (CPC)","1"
"10148","2","Arrests, Bribery & Corruption (CIABOC)","1"
"10149","1","General Sri Lanka News (Cyclone Ditwah relief, Rupee, Tourism)","1"
"10150","7","Health & Dengue","1"
"10151","0","Cricket","1"
"10152","14","US/China Trade & Tariffs","1"
"10153","0","Cricket","1"
"10154","0","Cricket","1"
"10155","6","Transport & Railways","1"
"10156","3","Violence, Shootings & Fatal Accidents","1"
"10157","7","Health & Dengue","1"
"10158","0","Cricket","1"
"10159","1","General Sri Lanka News (Cyclone Ditwah relief, Rupee, Tourism)","1"
"10160","1","General Sri Lanka News (Cyclone Ditwah relief, Rupee, Tourism)","1"
"10161","2","Arrests, Bribery & Corruption (CIABOC)","1"
"10162","1","General Sri Lanka News (Cyclone Ditwah relief, Rupee, Tourism)","1"
"10163","6","Transport & Railways","1"
"10164","3","Violence, Shootings & Fatal Accidents","1"
"10165","0","Cricket","1"
"10166","0","Cricket","1"
"10167","0","Cricket","1"
"10168","0","Cricket","1"
"10169","1","General Sri Lanka News (Cyclone Ditwah relief, Rupee, Tourism)","1"
"10170","1","General Sri Lanka News (Cyclone Ditwah relief, Rupee, Tourism)","1"
"10171","8","Electricity Tariffs & CEB","1"
"10172","16","Stock Market (CSE)","1"
"10173","2","Arrests, Bribery & Corruption (CIABOC)","1"
"10174","1","General Sri Lanka News (Cyclone Ditwah relief, Rupee, Tourism)","1"
"10175","0","Cricket","1"
"10176","6","Transport & Railways","1"
"10177","1","General Sri Lanka News (Cyclone Ditwah relief, Rupee, Tourism)","1"
"10178","0","Cricket","1"
"10179","10","Education & Examinations","1"
"10180","20","Fuel Quota & QR System","1"
"10181","0","Cricket","1"
"10182","17","Healthcare Worker Strikes (GMOA)","1"
"10183","4","Weather & Flood Warnings","1"
"10184","0","Cricket","1"
"10185","0","Cricket","1"
"10186","10","Education & Examinations","1"
"10187","1","General Sri Lanka News (Cyclone Ditwah relief, Rupee, Tourism)","1"
"10188","1","General Sri Lanka News (Cyclone Ditwah relief, Rupee, Tourism)","1"
"10189","2","Arrests, Bribery & Corruption (CIABOC)","1"
"10190","2","Arrests, Bribery & Corruption (CIABOC)","1"
"10191","2","Arrests, Bribery & Corruption (CIABOC)","1"
"10192","14","US/China Trade & Tariffs","1"
"10193","0","Cricket","1"
"10194","0","Cricket","1"
"10195","4","Weather & Flood Warnings","1"
"10196","11","Wildlife & Human-Elephant Conflict","1"
"10197","1","General Sri Lanka News (Cyclone Ditwah relief, Rupee, Tourism)","1"
"10198","0","Cricket","1"
"10199","5","Iran War & Geopolitics (Trump/Hormuz)","1"
"10200","0","Cricket","1"
"10201","2","Arrests, Bribery & Corruption (CIABOC)","1"
"10202","0","Cricket","1"
"10203","19","NASA & Space (Artemis)","1"
"10204","0","Cricket","1"
"10205","1","General Sri Lanka News (Cyclone Ditwah relief, Rupee, Tourism)","1"
"10206","1","General Sri Lanka News (Cyclone Ditwah relief, Rupee, Tourism)","1"
"10207","0","Cricket","1"
"10208","0","Cricket","1"
"10209","3","Violence, Shootings & Fatal Accidents","1"
"10210","0","Cricket","1"
"10211","2","Arrests, Bribery & Corruption (CIABOC)","1"
"10212","12","Consumer Prices & Food (Rice/CAA)","1"
"10213","16","Stock Market (CSE)","1"
"10214","8","Electricity Tariffs & CEB","1"
"10215","3","Violence, Shootings & Fatal Accidents","1"
"10216","8","Electricity Tariffs & CEB","1"
"10217","6","Transport & Railways","1"
"10218","2","Arrests, Bribery & Corruption (CIABOC)","1"
"10219","15","Public Holidays & Special Traffic Plans","1"
"10220","0","Cricket","1"
"10221","3","Violence, Shootings & Fatal Accidents","1"
"10222","3","Violence, Shootings & Fatal Accidents","1"
"10223","9","Fuel & Oil Prices (CPC)","1"
"10224","2","Arrests, Bribery & Corruption (CIABOC)","1"
"10225","8","Electricity Tariffs & CEB","1"
"10226","1","General Sri Lanka News (Cyclone Ditwah relief, Rupee, Tourism)","1"
"10227","1","General Sri Lanka News (Cyclone Ditwah relief, Rupee, Tourism)","1"
"10228","10","Education & Examinations","1"
"10229","11","Wildlife & Human-Elephant Conflict","1"
"10230","4","Weather & Flood Warnings","1"
"10231","2","Arrests, Bribery & Corruption (CIABOC)","1"
"10232","13","Media, Online Safety & News Digests","1"
"10233","0","Cricket","1"
"10234","23","Elon Musk & Global Business News","1"
"10235","2","Arrests, Bribery & Corruption (CIABOC)","1"
"10236","2","Arrests, Bribery & Corruption (CIABOC)","1"
"10237","12","Consumer Prices & Food (Rice/CAA)","1"
"10238","0","Cricket","1"
"10239","0","Cricket","1"
"10240","7","Health & Dengue","1"
"10241","18","Easter Sunday Attacks (Retrospective/Legal)","1"
"10242","1","General Sri Lanka News (Cyclone Ditwah relief, Rupee, Tourism)","1"
"10243","0","Cricket","1"
"10244","4","Weather & Flood Warnings","1"
"10245","7","Health & Dengue","1"
"10246","8","Electricity Tariffs & CEB","1"
"10247","2","Arrests, Bribery & Corruption (CIABOC)","1"
"10248","8","Electricity Tariffs & CEB","1"
"10249","0","Cricket","1"
"10250","8","Electricity Tariffs & CEB","1"
"10251","8","Electricity Tariffs & CEB","1"
"10252","3","Violence, Shootings & Fatal Accidents","1"
"10253","1","General Sri Lanka News (Cyclone Ditwah relief, Rupee, Tourism)","1"
"10254","5","Iran War & Geopolitics (Trump/Hormuz)","1"
"10255","0","Cricket","1"
"10256","16","Stock Market (CSE)","1"
"10257","16","Stock Market (CSE)","1"
"10258","3","Violence, Shootings & Fatal Accidents","1"
"10259","1","General Sri Lanka News (Cyclone Ditwah relief, Rupee, Tourism)","1"
"10260","13","Media, Online Safety & News Digests","1"
"10261","5","Iran War & Geopolitics (Trump/Hormuz)","1"
"10262","2","Arrests, Bribery & Corruption (CIABOC)","1"
"10263","0","Cricket","1"
"10264","0","Cricket","1"
"10265","0","Cricket","1"
"10266","2","Arrests, Bribery & Corruption (CIABOC)","1"
"10267","8","Electricity Tariffs & CEB","1"
"10268","11","Wildlife & Human-Elephant Conflict","1"
"10269","18","Easter Sunday Attacks (Retrospective/Legal)","1"
"10270","19","NASA & Space (Artemis)","1"
"10271","0","Cricket","1"
"10272","2","Arrests, Bribery & Corruption (CIABOC)","1"
"10273","3","Violence, Shootings & Fatal Accidents","1"
"10274","17","Healthcare Worker Strikes (GMOA)","1"
"10275","8","Electricity Tariffs & CEB","1"
"10276","5","Iran War & Geopolitics (Trump/Hormuz)","1"
"10277","1","General Sri Lanka News (Cyclone Ditwah relief, Rupee, Tourism)","1"
"10278","3","Violence, Shootings & Fatal Accidents","1"
"10279","0","Cricket","1"
"10280","3","Violence, Shootings & Fatal Accidents","1"
"10281","8","Electricity Tariffs & CEB","1"
"10282","3","Violence, Shootings & Fatal Accidents","1"
"10283","7","Health & Dengue","1"
"10284","2","Arrests, Bribery & Corruption (CIABOC)","1"
"10285","1","General Sri Lanka News (Cyclone Ditwah relief, Rupee, Tourism)","1"
"10286","3","Violence, Shootings & Fatal Accidents","1"
"10287","0","Cricket","1"
"10288","2","Arrests, Bribery & Corruption (CIABOC)","1"
"10289","6","Transport & Railways","1"
"10290","2","Arrests, Bribery & Corruption (CIABOC)","1"
"10291","10","Education & Examinations","1"
"10292","6","Transport & Railways","1"
"10293","3","Violence, Shootings & Fatal Accidents","1"
"10294","1","General Sri Lanka News (Cyclone Ditwah relief, Rupee, Tourism)","1"
"10295","13","Media, Online Safety & News Digests","1"
"10296","3","Violence, Shootings & Fatal Accidents","1"
"10297","0","Cricket","1"
"10298","8","Electricity Tariffs & CEB","1"
"10299","18","Easter Sunday Attacks (Retrospective/Legal)","1"
"10300","2","Arrests, Bribery & Corruption (CIABOC)","1"
"10301","1","General Sri Lanka News (Cyclone Ditwah relief, Rupee, Tourism)","1"
"10302","14","US/China Trade & Tariffs","1"
"10303","0","Cricket","1"
"10304","0","Cricket","1"
"10305","4","Weather & Flood Warnings","1"
"10306","7","Health & Dengue","1"
"10307","3","Violence, Shootings & Fatal Accidents","1"
"10308","0","Cricket","1"
"10309","14","US/China Trade & Tariffs","1"
"10310","0","Cricket","1"
"10311","1","General Sri Lanka News (Cyclone Ditwah relief, Rupee, Tourism)","1"
"10312","1","General Sri Lanka News (Cyclone Ditwah relief, Rupee, Tourism)","1"
"10313","0","Cricket","1"
"10314","0","Cricket","1"
"10315","0","Cricket","1"
"10316","16","Stock Market (CSE)","1"
"10317","2","Arrests, Bribery & Corruption (CIABOC)","1"
"10318","0","Cricket","1"
"10319","2","Arrests, Bribery & Corruption (CIABOC)","1"
"10320","0","Cricket","1"
"10321","1","General Sri Lanka News (Cyclone Ditwah relief, Rupee, Tourism)","1"
"10322","0","Cricket","1"
"10323","13","Media, Online Safety & News Digests","1"
"10324","17","Healthcare Worker Strikes (GMOA)","1"
"10325","1","General Sri Lanka News (Cyclone Ditwah relief, Rupee, Tourism)","1"
"10326","0","Cricket","1"
"10327","1","General Sri Lanka News (Cyclone Ditwah relief, Rupee, Tourism)","1"
"10328","12","Consumer Prices & Food (Rice/CAA)","1"
"10329","2","Arrests, Bribery & Corruption (CIABOC)","1"
"10330","0","Cricket","1"
"10331","2","Arrests, Bribery & Corruption (CIABOC)","1"
"10332","2","Arrests, Bribery & Corruption (CIABOC)","1"
"10333","6","Transport & Railways","1"
"10334","1","General Sri Lanka News (Cyclone Ditwah relief, Rupee, Tourism)","1"
"10335","5","Iran War & Geopolitics (Trump/Hormuz)","1"
"10336","3","Violence, Shootings & Fatal Accidents","1"
"10337","2","Arrests, Bribery & Corruption (CIABOC)","1"
"10338","2","Arrests, Bribery & Corruption (CIABOC)","1"
"10339","2","Arrests, Bribery & Corruption (CIABOC)","1"
"10340","8","Electricity Tariffs & CEB","1"
"10341","1","General Sri Lanka News (Cyclone Ditwah relief, Rupee, Tourism)","1"
"10342","3","Violence, Shootings & Fatal Accidents","1"
"10343","8","Electricity Tariffs & CEB","1"
"10344","13","Media, Online Safety & News Digests","1"
"10345","2","Arrests, Bribery & Corruption (CIABOC)","1"
"10346","3","Violence, Shootings & Fatal Accidents","1"
"10347","0","Cricket","1"
"10348","3","Violence, Shootings & Fatal Accidents","1"
"10349","0","Cricket","1"
"10350","1","General Sri Lanka News (Cyclone Ditwah relief, Rupee, Tourism)","1"
"10351","6","Transport & Railways","1"
"10352","0","Cricket","1"
"10353","2","Arrests, Bribery & Corruption (CIABOC)","1"
"10354","3","Violence, Shootings & Fatal Accidents","1"
"10355","1","General Sri Lanka News (Cyclone Ditwah relief, Rupee, Tourism)","1"
"10356","13","Media, Online Safety & News Digests","1"
"10357","2","Arrests, Bribery & Corruption (CIABOC)","1"
"10358","16","Stock Market (CSE)","1"
"10359","4","Weather & Flood Warnings","1"
"10360","2","Arrests, Bribery & Corruption (CIABOC)","1"
"10361","2","Arrests, Bribery & Corruption (CIABOC)","1"
"10362","0","Cricket","1"
"10363","0","Cricket","1"
"10364","2","Arrests, Bribery & Corruption (CIABOC)","1"
"10365","2","Arrests, Bribery & Corruption (CIABOC)","1"
"10366","1","General Sri Lanka News (Cyclone Ditwah relief, Rupee, Tourism)","1"
"10367","3","Violence, Shootings & Fatal Accidents","1"
"10368","6","Transport & Railways","1"
"10369","1","General Sri Lanka News (Cyclone Ditwah relief, Rupee, Tourism)","1"
"10370","15","Public Holidays & Special Traffic Plans","1"
"10371","3","Violence, Shootings & Fatal Accidents","1"
"10372","2","Arrests, Bribery & Corruption (CIABOC)","1"
"10373","21","AI & Digital Education","1"
"10374","3","Violence, Shootings & Fatal Accidents","1"
"10375","12","Consumer Prices & Food (Rice/CAA)","1"
"10376","17","Healthcare Worker Strikes (GMOA)","1"
"10377","2","Arrests, Bribery & Corruption (CIABOC)","1"
"10378","3","Violence, Shootings & Fatal Accidents","1"
"10379","1","General Sri Lanka News (Cyclone Ditwah relief, Rupee, Tourism)","1"
"10380","4","Weather & Flood Warnings","1"
"10381","10","Education & Examinations","1"
"10382","1","General Sri Lanka News (Cyclone Ditwah relief, Rupee, Tourism)","1"
"10383","0","Cricket","1"
"10384","0","Cricket","1"
"10385","0","Cricket","1"
"10386","0","Cricket","1"
"10387","18","Easter Sunday Attacks (Retrospective/Legal)","1"
"10388","0","Cricket","1"
"10389","9","Fuel & Oil Prices (CPC)","1"
"10390","12","Consumer Prices & Food (Rice/CAA)","1"
"10391","10","Education & Examinations","1"
"10392","1","General Sri Lanka News (Cyclone Ditwah relief, Rupee, Tourism)","1"
"10393","16","Stock Market (CSE)","1"
"10394","1","General Sri Lanka News (Cyclone Ditwah relief, Rupee, Tourism)","1"
"10395","2","Arrests, Bribery & Corruption (CIABOC)","1"
"10396","4","Weather & Flood Warnings","1"
"10397","1","General Sri Lanka News (Cyclone Ditwah relief, Rupee, Tourism)","1"
"10398","1","General Sri Lanka News (Cyclone Ditwah relief, Rupee, Tourism)","1"
"10399","1","General Sri Lanka News (Cyclone Ditwah relief, Rupee, Tourism)","1"
"10400","6","Transport & Railways","1"
"10401","6","Transport & Railways","1"
"10402","1","General Sri Lanka News (Cyclone Ditwah relief, Rupee, Tourism)","1"
"10403","0","Cricket","1"
"10404","0","Cricket","1"
"10405","0","Cricket","1"
"10406","0","Cricket","1"
"10407","0","Cricket","1"
"10408","1","General Sri Lanka News (Cyclone Ditwah relief, Rupee, Tourism)","1"
"10409","2","Arrests, Bribery & Corruption (CIABOC)","1"
"10410","2","Arrests, Bribery & Corruption (CIABOC)","1"
"10411","0","Cricket","1"
"10412","7","Health & Dengue","1"
"10413","14","US/China Trade & Tariffs","1"
"10414","12","Consumer Prices & Food (Rice/CAA)","1"
"10415","6","Transport & Railways","1"
"10416","0","Cricket","1"
"10417","13","Media, Online Safety & News Digests","1"
"10418","0","Cricket","1"
"10419","1","General Sri Lanka News (Cyclone Ditwah relief, Rupee, Tourism)","1"
"10420","1","General Sri Lanka News (Cyclone Ditwah relief, Rupee, Tourism)","1"
"10421","1","General Sri Lanka News (Cyclone Ditwah relief, Rupee, Tourism)","1"
"10422","1","General Sri Lanka News (Cyclone Ditwah relief, Rupee, Tourism)","1"
"10423","12","Consumer Prices & Food (Rice/CAA)","1"
"10424","0","Cricket","1"
"10425","8","Electricity Tariffs & CEB","1"
"10426","2","Arrests, Bribery & Corruption (CIABOC)","1"
"10427","6","Transport & Railways","1"
"10428","2","Arrests, Bribery & Corruption (CIABOC)","1"
"10429","16","Stock Market (CSE)","1"
"10430","10","Education & Examinations","1"
"10431","1","General Sri Lanka News (Cyclone Ditwah relief, Rupee, Tourism)","1"
"10432","6","Transport & Railways","1"
"10433","0","Cricket","1"
"10434","0","Cricket","1"
"10435","0","Cricket","1"
"10436","0","Cricket","1"
"10437","12","Consumer Prices & Food (Rice/CAA)","1"
"10438","4","Weather & Flood Warnings","1"
"10439","15","Public Holidays & Special Traffic Plans","1"
"10440","5","Iran War & Geopolitics (Trump/Hormuz)","1"
"10441","0","Cricket","1"
"10442","10","Education & Examinations","1"
"10443","8","Electricity Tariffs & CEB","1"
"10444","10","Education & Examinations","1"
"10445","1","General Sri Lanka News (Cyclone Ditwah relief, Rupee, Tourism)","1"
"10446","1","General Sri Lanka News (Cyclone Ditwah relief, Rupee, Tourism)","1"
"10447","23","Elon Musk & Global Business News","1"
"10448","11","Wildlife & Human-Elephant Conflict","1"
"10449","7","Health & Dengue","1"
"10450","3","Violence, Shootings & Fatal Accidents","1"
"10451","14","US/China Trade & Tariffs","1"
"10452","3","Violence, Shootings & Fatal Accidents","1"
"10453","1","General Sri Lanka News (Cyclone Ditwah relief, Rupee, Tourism)","1"
"10454","1","General Sri Lanka News (Cyclone Ditwah relief, Rupee, Tourism)","1"
"10455","1","General Sri Lanka News (Cyclone Ditwah relief, Rupee, Tourism)","1"
"10456","1","General Sri Lanka News (Cyclone Ditwah relief, Rupee, Tourism)","1"
"10457","0","Cricket","1"
"10458","0","Cricket","1"
"10459","0","Cricket","1"
"10460","0","Cricket","1"
"10461","3","Violence, Shootings & Fatal Accidents","1"
"10462","0","Cricket","1"
"10463","0","Cricket","1"
"10464","10","Education & Examinations","1"
"10465","8","Electricity Tariffs & CEB","1"
"10466","16","Stock Market (CSE)","1"
"10467","1","General Sri Lanka News (Cyclone Ditwah relief, Rupee, Tourism)","1"
"10468","8","Electricity Tariffs & CEB","1"
"10469","1","General Sri Lanka News (Cyclone Ditwah relief, Rupee, Tourism)","1"
"10470","6","Transport & Railways","1"
"10471","0","Cricket","1"
"10472","2","Arrests, Bribery & Corruption (CIABOC)","1"
"10473","0","Cricket","1"
"10474","2","Arrests, Bribery & Corruption (CIABOC)","1"
"10475","0","Cricket","1"
"10476","0","Cricket","1"
"10477","0","Cricket","1"
"10478","2","Arrests, Bribery & Corruption (CIABOC)","1"
"10479","6","Transport & Railways","1"
"10480","1","General Sri Lanka News (Cyclone Ditwah relief, Rupee, Tourism)","1"
"10481","4","Weather & Flood Warnings","1"
"10482","0","Cricket","1"
"10483","0","Cricket","1"
"10484","5","Iran War & Geopolitics (Trump/Hormuz)","1"
"10485","0","Cricket","1"
"10486","2","Arrests, Bribery & Corruption (CIABOC)","1"
"10487","0","Cricket","1"
"10488","0","Cricket","1"
"10489","2","Arrests, Bribery & Corruption (CIABOC)","1"
"10490","1","General Sri Lanka News (Cyclone Ditwah relief, Rupee, Tourism)","1"
"10491","0","Cricket","1"
"10492","0","Cricket","1"
"10493","1","General Sri Lanka News (Cyclone Ditwah relief, Rupee, Tourism)","1"
"10494","0","Cricket","1"
"10495","6","Transport & Railways","1"
"10496","7","Health & Dengue","1"
"10497","6","Transport & Railways","1"
"10498","3","Violence, Shootings & Fatal Accidents","1"
"10499","3","Violence, Shootings & Fatal Accidents","1"
"10500","0","Cricket","1"
"10501","4","Weather & Flood Warnings","1"
"10502","10","Education & Examinations","1"
"10503","0","Cricket","1"
"10504","17","Healthcare Worker Strikes (GMOA)","1"
"10505","3","Violence, Shootings & Fatal Accidents","1"
"10506","2","Arrests, Bribery & Corruption (CIABOC)","1"
"10507","0","Cricket","1"
"10508","0","Cricket","1"
"10509","2","Arrests, Bribery & Corruption (CIABOC)","1"
"10510","4","Weather & Flood Warnings","1"
"10511","0","Cricket","1"
"10512","0","Cricket","1"
"10513","12","Consumer Prices & Food (Rice/CAA)","1"
"10514","7","Health & Dengue","1"
"10515","10","Education & Examinations","1"
"10516","6","Transport & Railways","1"
"10517","6","Transport & Railways","1"
"10518","0","Cricket","1"
"10519","2","Arrests, Bribery & Corruption (CIABOC)","1"
"10520","5","Iran War & Geopolitics (Trump/Hormuz)","1"
"10521","6","Transport & Railways","1"
"10522","0","Cricket","1"
"10523","0","Cricket","1"
"10524","8","Electricity Tariffs & CEB","1"
"10525","2","Arrests, Bribery & Corruption (CIABOC)","1"
"10526","0","Cricket","1"
"10527","0","Cricket","1"
"10528","6","Transport & Railways","1"
"10529","5","Iran War & Geopolitics (Trump/Hormuz)","1"
"10530","2","Arrests, Bribery & Corruption (CIABOC)","1"
"10531","0","Cricket","1"
"10532","3","Violence, Shootings & Fatal Accidents","1"
"10533","4","Weather & Flood Warnings","1"
"10534","0","Cricket","1"
"10535","2","Arrests, Bribery & Corruption (CIABOC)","1"
"10536","0","Cricket","1"
"10537","0","Cricket","1"
"10538","0","Cricket","1"
"10539","0","Cricket","1"
"10540","0","Cricket","1"
"10541","2","Arrests, Bribery & Corruption (CIABOC)","1"
"10542","0","Cricket","1"
"10543","1","General Sri Lanka News (Cyclone Ditwah relief, Rupee, Tourism)","1"
"10544","10","Education & Examinations","1"
"10545","2","Arrests, Bribery & Corruption (CIABOC)","1"
"10546","1","General Sri Lanka News (Cyclone Ditwah relief, Rupee, Tourism)","1"
"10547","1","General Sri Lanka News (Cyclone Ditwah relief, Rupee, Tourism)","1"
"10548","0","Cricket","1"
"10549","5","Iran War & Geopolitics (Trump/Hormuz)","1"
"10550","0","Cricket","1"
"10551","3","Violence, Shootings & Fatal Accidents","1"
"10552","0","Cricket","1"
"10553","3","Violence, Shootings & Fatal Accidents","1"
"10554","3","Violence, Shootings & Fatal Accidents","1"
"10555","16","Stock Market (CSE)","1"
"10556","7","Health & Dengue","1"
"10557","18","Easter Sunday Attacks (Retrospective/Legal)","1"
"10558","0","Cricket","1"
"10559","23","Elon Musk & Global Business News","1"
"10560","2","Arrests, Bribery & Corruption (CIABOC)","1"
"10561","1","General Sri Lanka News (Cyclone Ditwah relief, Rupee, Tourism)","1"
"10562","0","Cricket","1"
"10563","5","Iran War & Geopolitics (Trump/Hormuz)","1"
"10564","0","Cricket","1"
"10565","3","Violence, Shootings & Fatal Accidents","1"
"10566","2","Arrests, Bribery & Corruption (CIABOC)","1"
"10567","0","Cricket","1"
"10568","0","Cricket","1"
"10569","3","Violence, Shootings & Fatal Accidents","1"
"10570","10","Education & Examinations","1"
"10571","0","Cricket","1"
"10572","2","Arrests, Bribery & Corruption (CIABOC)","1"
"10573","8","Electricity Tariffs & CEB","1"
"10574","0","Cricket","1"
"10575","2","Arrests, Bribery & Corruption (CIABOC)","1"
"10576","2","Arrests, Bribery & Corruption (CIABOC)","1"
"10577","0","Cricket","1"
"10578","9","Fuel & Oil Prices (CPC)","1"
"10579","2","Arrests, Bribery & Corruption (CIABOC)","1"
"10580","3","Violence, Shootings & Fatal Accidents","1"
"10581","3","Violence, Shootings & Fatal Accidents","1"
"10582","2","Arrests, Bribery & Corruption (CIABOC)","1"
"10583","1","General Sri Lanka News (Cyclone Ditwah relief, Rupee, Tourism)","1"
"10584","2","Arrests, Bribery & Corruption (CIABOC)","1"
"10585","0","Cricket","1"
"10586","0","Cricket","1"
"10587","0","Cricket","1"
"10588","11","Wildlife & Human-Elephant Conflict","1"
"10589","0","Cricket","1"
"10590","2","Arrests, Bribery & Corruption (CIABOC)","1"
"10591","10","Education & Examinations","1"
"10592","9","Fuel & Oil Prices (CPC)","1"
"10593","1","General Sri Lanka News (Cyclone Ditwah relief, Rupee, Tourism)","1"
"10594","0","Cricket","1"
"10595","0","Cricket","1"
"10596","0","Cricket","1"
"10597","0","Cricket","1"
"10598","0","Cricket","1"
"10599","8","Electricity Tariffs & CEB","1"
"10600","16","Stock Market (CSE)","1"
"10601","0","Cricket","1"
"10602","22","Liquor Shop Regulations","1"
"10603","1","General Sri Lanka News (Cyclone Ditwah relief, Rupee, Tourism)","1"
"10604","2","Arrests, Bribery & Corruption (CIABOC)","1"
"10605","2","Arrests, Bribery & Corruption (CIABOC)","1"
"10606","0","Cricket","1"
"10607","2","Arrests, Bribery & Corruption (CIABOC)","1"
"10608","0","Cricket","1"
"10609","8","Electricity Tariffs & CEB","1"
"10610","0","Cricket","1"
"10611","2","Arrests, Bribery & Corruption (CIABOC)","1"
"10612","0","Cricket","1"
"10613","0","Cricket","1"
"10614","0","Cricket","1"
"10615","0","Cricket","1"
"10616","1","General Sri Lanka News (Cyclone Ditwah relief, Rupee, Tourism)","1"
"10617","3","Violence, Shootings & Fatal Accidents","1"
"10618","2","Arrests, Bribery & Corruption (CIABOC)","1"
"10619","1","General Sri Lanka News (Cyclone Ditwah relief, Rupee, Tourism)","1"
"10620","0","Cricket","1"
"10621","11","Wildlife & Human-Elephant Conflict","1"
"10622","0","Cricket","1"
"10623","6","Transport & Railways","1"
"10624","3","Violence, Shootings & Fatal Accidents","1"
"10625","2","Arrests, Bribery & Corruption (CIABOC)","1"
"10626","6","Transport & Railways","1"
"10627","2","Arrests, Bribery & Corruption (CIABOC)","1"
"10628","0","Cricket","1"
"10629","0","Cricket","1"
"10630","0","Cricket","1"
"10631","3","Violence, Shootings & Fatal Accidents","1"
"10632","2","Arrests, Bribery & Corruption (CIABOC)","1"
"10633","0","Cricket","1"
"10634","0","Cricket","1"
"10635","7","Health & Dengue","1"
"10636","1","General Sri Lanka News (Cyclone Ditwah relief, Rupee, Tourism)","1"
"10637","8","Electricity Tariffs & CEB","1"
"10638","0","Cricket","1"
"10639","0","Cricket","1"
"10640","3","Violence, Shootings & Fatal Accidents","1"
"10641","10","Education & Examinations","1"
"10642","8","Electricity Tariffs & CEB","1"
"10643","0","Cricket","1"
"10644","0","Cricket","1"
"10645","2","Arrests, Bribery & Corruption (CIABOC)","1"
"10646","0","Cricket","1"
"10647","0","Cricket","1"
"10648","1","General Sri Lanka News (Cyclone Ditwah relief, Rupee, Tourism)","1"
"10649","2","Arrests, Bribery & Corruption (CIABOC)","1"
"10650","2","Arrests, Bribery & Corruption (CIABOC)","1"
"10651","2","Arrests, Bribery & Corruption (CIABOC)","1"
"10652","0","Cricket","1"
"10653","3","Violence, Shootings & Fatal Accidents","1"
"10654","1","General Sri Lanka News (Cyclone Ditwah relief, Rupee, Tourism)","1"
"10655","1","General Sri Lanka News (Cyclone Ditwah relief, Rupee, Tourism)","1"
"10656","13","Media, Online Safety & News Digests","1"
"10657","1","General Sri Lanka News (Cyclone Ditwah relief, Rupee, Tourism)","1"
"10658","16","Stock Market (CSE)","1"
"10659","3","Violence, Shootings & Fatal Accidents","1"
"10660","0","Cricket","1"
"10661","0","Cricket","1"
"10662","0","Cricket","1"
"10663","10","Education & Examinations","1"
"10664","0","Cricket","1"
"10665","3","Violence, Shootings & Fatal Accidents","1"
"10666","0","Cricket","1"
"10667","0","Cricket","1"
"10668","0","Cricket","1"
"10669","3","Violence, Shootings & Fatal Accidents","1"
"10670","2","Arrests, Bribery & Corruption (CIABOC)","1"
"10671","0","Cricket","1"
"10672","0","Cricket","1"
"10673","1","General Sri Lanka News (Cyclone Ditwah relief, Rupee, Tourism)","1"
"10674","10","Education & Examinations","1"
"10675","0","Cricket","1"
"10676","1","General Sri Lanka News (Cyclone Ditwah relief, Rupee, Tourism)","1"
"10677","2","Arrests, Bribery & Corruption (CIABOC)","1"
"10678","13","Media, Online Safety & News Digests","1"
"10679","8","Electricity Tariffs & CEB","1"
"10680","0","Cricket","1"
"10681","2","Arrests, Bribery & Corruption (CIABOC)","1"
"10682","2","Arrests, Bribery & Corruption (CIABOC)","1"
"10683","2","Arrests, Bribery & Corruption (CIABOC)","1"
"10684","0","Cricket","1"
"10685","6","Transport & Railways","1"
"10686","1","General Sri Lanka News (Cyclone Ditwah relief, Rupee, Tourism)","1"
"10687","3","Violence, Shootings & Fatal Accidents","1"
"10688","1","General Sri Lanka News (Cyclone Ditwah relief, Rupee, Tourism)","1"
"10689","3","Violence, Shootings & Fatal Accidents","1"
"10690","1","General Sri Lanka News (Cyclone Ditwah relief, Rupee, Tourism)","1"
"10691","14","US/China Trade & Tariffs","1"
"10692","1","General Sri Lanka News (Cyclone Ditwah relief, Rupee, Tourism)","1"
"10693","0","Cricket","1"
"10694","0","Cricket","1"
"10695","1","General Sri Lanka News (Cyclone Ditwah relief, Rupee, Tourism)","1"
"10696","0","Cricket","1"
"10697","1","General Sri Lanka News (Cyclone Ditwah relief, Rupee, Tourism)","1"
"10698","0","Cricket","1"
"10699","1","General Sri Lanka News (Cyclone Ditwah relief, Rupee, Tourism)","1"
"10700","5","Iran War & Geopolitics (Trump/Hormuz)","1"
"10701","11","Wildlife & Human-Elephant Conflict","1"
"10702","0","Cricket","1"
"10703","1","General Sri Lanka News (Cyclone Ditwah relief, Rupee, Tourism)","1"
"10704","3","Violence, Shootings & Fatal Accidents","1"
"10705","5","Iran War & Geopolitics (Trump/Hormuz)","1"
"10706","5","Iran War & Geopolitics (Trump/Hormuz)","1"
"10707","4","Weather & Flood Warnings","1"
"10708","0","Cricket","1"
"10709","3","Violence, Shootings & Fatal Accidents","1"
"10710","6","Transport & Railways","1"
"10711","3","Violence, Shootings & Fatal Accidents","1"
"10712","2","Arrests, Bribery & Corruption (CIABOC)","1"
"10713","7","Health & Dengue","1"
"10714","6","Transport & Railways","1"
"10715","8","Electricity Tariffs & CEB","1"
"10716","0","Cricket","1"
"10717","0","Cricket","1"
"10718","2","Arrests, Bribery & Corruption (CIABOC)","1"
"10719","0","Cricket","1"
"10720","12","Consumer Prices & Food (Rice/CAA)","1"
"10721","0","Cricket","1"
"10722","3","Violence, Shootings & Fatal Accidents","1"
"10723","0","Cricket","1"
"10724","15","Public Holidays & Special Traffic Plans","1"
"10725","0","Cricket","1"
"10726","17","Healthcare Worker Strikes (GMOA)","1"
"10727","2","Arrests, Bribery & Corruption (CIABOC)","1"
"10728","2","Arrests, Bribery & Corruption (CIABOC)","1"
"10729","0","Cricket","1"
"10730","8","Electricity Tariffs & CEB","1"
"10731","0","Cricket","1"
"10732","1","General Sri Lanka News (Cyclone Ditwah relief, Rupee, Tourism)","1"
"10733","0","Cricket","1"
"10734","1","General Sri Lanka News (Cyclone Ditwah relief, Rupee, Tourism)","1"
"10735","1","General Sri Lanka News (Cyclone Ditwah relief, Rupee, Tourism)","1"
"10736","2","Arrests, Bribery & Corruption (CIABOC)","1"
"10737","0","Cricket","1"
"10738","2","Arrests, Bribery & Corruption (CIABOC)","1"
"10739","0","Cricket","1"
"10740","16","Stock Market (CSE)","1"
"10741","6","Transport & Railways","1"
"10742","5","Iran War & Geopolitics (Trump/Hormuz)","1"
"10743","13","Media, Online Safety & News Digests","1"
"10744","2","Arrests, Bribery & Corruption (CIABOC)","1"
"10745","3","Violence, Shootings & Fatal Accidents","1"
"10746","2","Arrests, Bribery & Corruption (CIABOC)","1"
"10747","2","Arrests, Bribery & Corruption (CIABOC)","1"
"10748","3","Violence, Shootings & Fatal Accidents","1"
"10749","2","Arrests, Bribery & Corruption (CIABOC)","1"
"10750","10","Education & Examinations","1"
"10751","18","Easter Sunday Attacks (Retrospective/Legal)","1"
"10752","0","Cricket","1"
"10753","16","Stock Market (CSE)","1"
"10754","2","Arrests, Bribery & Corruption (CIABOC)","1"
"10755","1","General Sri Lanka News (Cyclone Ditwah relief, Rupee, Tourism)","1"
"10756","0","Cricket","1"
"10757","10","Education & Examinations","1"
"10758","13","Media, Online Safety & News Digests","1"
"10759","8","Electricity Tariffs & CEB","1"
"10760","2","Arrests, Bribery & Corruption (CIABOC)","1"
"10761","15","Public Holidays & Special Traffic Plans","1"
"10762","14","US/China Trade & Tariffs","1"
"10763","2","Arrests, Bribery & Corruption (CIABOC)","1"
"10764","4","Weather & Flood Warnings","1"
"10765","0","Cricket","1"
"10766","3","Violence, Shootings & Fatal Accidents","1"
"10767","2","Arrests, Bribery & Corruption (CIABOC)","1"
"10768","14","US/China Trade & Tariffs","1"
"10769","10","Education & Examinations","1"
"10770","0","Cricket","1"
"10771","4","Weather & Flood Warnings","1"
"10772","3","Violence, Shootings & Fatal Accidents","1"
"10773","0","Cricket","1"
"10774","0","Cricket","1"
"10775","3","Violence, Shootings & Fatal Accidents","1"
"10776","6","Transport & Railways","1"
"10777","0","Cricket","1"
"10778","5","Iran War & Geopolitics (Trump/Hormuz)","1"
"10779","2","Arrests, Bribery & Corruption (CIABOC)","1"
"10780","0","Cricket","1"
"10781","7","Health & Dengue","1"
"10782","6","Transport & Railways","1"
"10783","1","General Sri Lanka News (Cyclone Ditwah relief, Rupee, Tourism)","1"
"10784","6","Transport & Railways","1"
"10785","15","Public Holidays & Special Traffic Plans","1"
"10786","3","Violence, Shootings & Fatal Accidents","1"
"10787","0","Cricket","1"
"10788","1","General Sri Lanka News (Cyclone Ditwah relief, Rupee, Tourism)","1"
"10789","0","Cricket","1"
"10790","9","Fuel & Oil Prices (CPC)","1"
"10791","11","Wildlife & Human-Elephant Conflict","1"
"10792","5","Iran War & Geopolitics (Trump/Hormuz)","1"
"10793","0","Cricket","1"
"10794","18","Easter Sunday Attacks (Retrospective/Legal)","1"
"10795","0","Cricket","1"
"10796","0","Cricket","1"
"10797","7","Health & Dengue","1"
"10798","2","Arrests, Bribery & Corruption (CIABOC)","1"
"10799","0","Cricket","1"
"10800","6","Transport & Railways","1"
"10801","0","Cricket","1"
"10802","0","Cricket","1"
"10803","0","Cricket","1"
"10804","0","Cricket","1"
"10805","2","Arrests, Bribery & Corruption (CIABOC)","1"
"10806","15","Public Holidays & Special Traffic Plans","1"
"10807","6","Transport & Railways","1"
"10808","3","Violence, Shootings & Fatal Accidents","1"
"10809","3","Violence, Shootings & Fatal Accidents","1"
"10810","13","Media, Online Safety & News Digests","1"
"10811","0","Cricket","1"
"10812","15","Public Holidays & Special Traffic Plans","1"
"10813","0","Cricket","1"
"10814","6","Transport & Railways","1"
"10815","17","Healthcare Worker Strikes (GMOA)","1"
"10816","0","Cricket","1"
"10817","2","Arrests, Bribery & Corruption (CIABOC)","1"
"10818","3","Violence, Shootings & Fatal Accidents","1"
"10819","2","Arrests, Bribery & Corruption (CIABOC)","1"
"10820","13","Media, Online Safety & News Digests","1"
"10821","2","Arrests, Bribery & Corruption (CIABOC)","1"
"10822","3","Violence, Shootings & Fatal Accidents","1"
"10823","0","Cricket","1"
"10824","14","US/China Trade & Tariffs","1"
"10825","5","Iran War & Geopolitics (Trump/Hormuz)","1"
"10826","6","Transport & Railways","1"
"10827","2","Arrests, Bribery & Corruption (CIABOC)","1"
"10828","18","Easter Sunday Attacks (Retrospective/Legal)","1"
"10829","0","Cricket","1"
"10830","3","Violence, Shootings & Fatal Accidents","1"
"10831","3","Violence, Shootings & Fatal Accidents","1"
"10832","3","Violence, Shootings & Fatal Accidents","1"
"10833","3","Violence, Shootings & Fatal Accidents","1"
"10834","3","Violence, Shootings & Fatal Accidents","1"
"10835","13","Media, Online Safety & News Digests","1"
"10836","2","Arrests, Bribery & Corruption (CIABOC)","1"
"10837","0","Cricket","1"
"10838","3","Violence, Shootings & Fatal Accidents","1"
"10839","2","Arrests, Bribery & Corruption (CIABOC)","1"
"10840","3","Violence, Shootings & Fatal Accidents","1"
"10841","0","Cricket","1"
"10842","4","Weather & Flood Warnings","1"
"10843","6","Transport & Railways","1"
"10844","4","Weather & Flood Warnings","1"
"10845","3","Violence, Shootings & Fatal Accidents","1"
"10846","14","US/China Trade & Tariffs","1"
"10847","4","Weather & Flood Warnings","1"
"10848","0","Cricket","1"
"10849","2","Arrests, Bribery & Corruption (CIABOC)","1"
"10850","3","Violence, Shootings & Fatal Accidents","1"
"10851","3","Violence, Shootings & Fatal Accidents","1"
"10852","14","US/China Trade & Tariffs","1"
"10853","3","Violence, Shootings & Fatal Accidents","1"
"10854","3","Violence, Shootings & Fatal Accidents","1"
"10855","3","Violence, Shootings & Fatal Accidents","1"
"10856","5","Iran War & Geopolitics (Trump/Hormuz)","1"
"10857","3","Violence, Shootings & Fatal Accidents","1"
"10858","3","Violence, Shootings & Fatal Accidents","1"
"10859","2","Arrests, Bribery & Corruption (CIABOC)","1"
"10860","3","Violence, Shootings & Fatal Accidents","1"
"10861","2","Arrests, Bribery & Corruption (CIABOC)","1"
"10862","2","Arrests, Bribery & Corruption (CIABOC)","1"
"10863","2","Arrests, Bribery & Corruption (CIABOC)","1"
"10864","16","Stock Market (CSE)","1"
"10865","13","Media, Online Safety & News Digests","1"
"10866","0","Cricket","1"
"10867","2","Arrests, Bribery & Corruption (CIABOC)","1"
"10868","0","Cricket","1"
"10869","3","Violence, Shootings & Fatal Accidents","1"
"10870","0","Cricket","1"
"10871","7","Health & Dengue","1"
"10872","6","Transport & Railways","1"
"10873","2","Arrests, Bribery & Corruption (CIABOC)","1"
"10874","0","Cricket","1"
"10875","2","Arrests, Bribery & Corruption (CIABOC)","1"
"10876","0","Cricket","1"
"10877","7","Health & Dengue","1"
"10878","2","Arrests, Bribery & Corruption (CIABOC)","1"
"10879","17","Healthcare Worker Strikes (GMOA)","1"
"10880","2","Arrests, Bribery & Corruption (CIABOC)","1"
"10881","2","Arrests, Bribery & Corruption (CIABOC)","1"
"10882","0","Cricket","1"
"10883","2","Arrests, Bribery & Corruption (CIABOC)","1"
"10884","0","Cricket","1"
"10885","2","Arrests, Bribery & Corruption (CIABOC)","1"
"10886","8","Electricity Tariffs & CEB","1"
"10887","0","Cricket","1"
"10888","8","Electricity Tariffs & CEB","1"
"10889","10","Education & Examinations","1"
"10890","10","Education & Examinations","1"
"10891","0","Cricket","1"
"10892","2","Arrests, Bribery & Corruption (CIABOC)","1"
"10893","0","Cricket","1"
"10894","3","Violence, Shootings & Fatal Accidents","1"
"10895","14","US/China Trade & Tariffs","1"
"10896","14","US/China Trade & Tariffs","1"
"10897","2","Arrests, Bribery & Corruption (CIABOC)","1"
"10898","17","Healthcare Worker Strikes (GMOA)","1"
"10899","1","General Sri Lanka News (Cyclone Ditwah relief, Rupee, Tourism)","1"
"10900","10","Education & Examinations","1"
"10901","1","General Sri Lanka News (Cyclone Ditwah relief, Rupee, Tourism)","1"
"10902","0","Cricket","1"
"10903","3","Violence, Shootings & Fatal Accidents","1"
"10904","1","General Sri Lanka News (Cyclone Ditwah relief, Rupee, Tourism)","1"
"10905","0","Cricket","1"
"10906","0","Cricket","1"
"10907","1","General Sri Lanka News (Cyclone Ditwah relief, Rupee, Tourism)","1"
"10908","2","Arrests, Bribery & Corruption (CIABOC)","1"
"10909","10","Education & Examinations","1"
"10910","12","Consumer Prices & Food (Rice/CAA)","1"
"10911","16","Stock Market (CSE)","1"
"10912","0","Cricket","1"
"10913","1","General Sri Lanka News (Cyclone Ditwah relief, Rupee, Tourism)","1"
"10914","1","General Sri Lanka News (Cyclone Ditwah relief, Rupee, Tourism)","1"
"10915","2","Arrests, Bribery & Corruption (CIABOC)","1"
"10916","0","Cricket","1"
"10917","2","Arrests, Bribery & Corruption (CIABOC)","1"
"10918","0","Cricket","1"
"10919","0","Cricket","1"
"10920","2","Arrests, Bribery & Corruption (CIABOC)","1"
"10921","1","General Sri Lanka News (Cyclone Ditwah relief, Rupee, Tourism)","1"
"10922","2","Arrests, Bribery & Corruption (CIABOC)","1"
"10923","7","Health & Dengue","1"
"10924","1","General Sri Lanka News (Cyclone Ditwah relief, Rupee, Tourism)","1"
"10925","14","US/China Trade & Tariffs","1"
"10926","7","Health & Dengue","1"
"10927","3","Violence, Shootings & Fatal Accidents","1"
"10928","3","Violence, Shootings & Fatal Accidents","1"
"10929","0","Cricket","1"
"10930","2","Arrests, Bribery & Corruption (CIABOC)","1"
"10931","3","Violence, Shootings & Fatal Accidents","1"
"10932","5","Iran War & Geopolitics (Trump/Hormuz)","1"
"10933","14","US/China Trade & Tariffs","1"
"10934","1","General Sri Lanka News (Cyclone Ditwah relief, Rupee, Tourism)","1"
"10935","1","General Sri Lanka News (Cyclone Ditwah relief, Rupee, Tourism)","1"
"10936","8","Electricity Tariffs & CEB","1"
"10937","2","Arrests, Bribery & Corruption (CIABOC)","1"
"10938","0","Cricket","1"
"10939","0","Cricket","1"
"10940","2","Arrests, Bribery & Corruption (CIABOC)","1"
"10941","1","General Sri Lanka News (Cyclone Ditwah relief, Rupee, Tourism)","1"
"10942","2","Arrests, Bribery & Corruption (CIABOC)","1"
"10943","1","General Sri Lanka News (Cyclone Ditwah relief, Rupee, Tourism)","1"
"10944","16","Stock Market (CSE)","1"
"10945","2","Arrests, Bribery & Corruption (CIABOC)","1"
"10946","12","Consumer Prices & Food (Rice/CAA)","1"
"10947","17","Healthcare Worker Strikes (GMOA)","1"
"10948","0","Cricket","1"
"10949","14","US/China Trade & Tariffs","1"
"10950","1","General Sri Lanka News (Cyclone Ditwah relief, Rupee, Tourism)","1"
"10951","6","Transport & Railways","1"
"10952","0","Cricket","1"
"10953","1","General Sri Lanka News (Cyclone Ditwah relief, Rupee, Tourism)","1"
"10954","0","Cricket","1"
"10955","1","General Sri Lanka News (Cyclone Ditwah relief, Rupee, Tourism)","1"
"10956","0","Cricket","1"
"10957","2","Arrests, Bribery & Corruption (CIABOC)","1"
"10958","10","Education & Examinations","1"
"10959","9","Fuel & Oil Prices (CPC)","1"
"10960","0","Cricket","1"
"10961","4","Weather & Flood Warnings","1"
"10962","3","Violence, Shootings & Fatal Accidents","1"
"10963","13","Media, Online Safety & News Digests","1"
"10964","1","General Sri Lanka News (Cyclone Ditwah relief, Rupee, Tourism)","1"
"10965","5","Iran War & Geopolitics (Trump/Hormuz)","1"
"10966","12","Consumer Prices & Food (Rice/CAA)","1"
"10967","15","Public Holidays & Special Traffic Plans","1"
"10968","5","Iran War & Geopolitics (Trump/Hormuz)","1"
"10969","0","Cricket","1"
"10970","11","Wildlife & Human-Elephant Conflict","1"
"10971","17","Healthcare Worker Strikes (GMOA)","1"
"10972","1","General Sri Lanka News (Cyclone Ditwah relief, Rupee, Tourism)","1"
"10973","0","Cricket","1"
"10974","18","Easter Sunday Attacks (Retrospective/Legal)","1"
"10975","2","Arrests, Bribery & Corruption (CIABOC)","1"
"10976","5","Iran War & Geopolitics (Trump/Hormuz)","1"
"10977","0","Cricket","1"
"10978","2","Arrests, Bribery & Corruption (CIABOC)","1"
"10979","1","General Sri Lanka News (Cyclone Ditwah relief, Rupee, Tourism)","1"
"10980","1","General Sri Lanka News (Cyclone Ditwah relief, Rupee, Tourism)","1"
"10981","1","General Sri Lanka News (Cyclone Ditwah relief, Rupee, Tourism)","1"
"10982","2","Arrests, Bribery & Corruption (CIABOC)","1"
"10983","14","US/China Trade & Tariffs","1"
"10984","8","Electricity Tariffs & CEB","1"
"10985","16","Stock Market (CSE)","1"
"10986","0","Cricket","1"
"10987","3","Violence, Shootings & Fatal Accidents","1"
"10988","2","Arrests, Bribery & Corruption (CIABOC)","1"
"10989","8","Electricity Tariffs & CEB","1"
"10990","3","Violence, Shootings & Fatal Accidents","1"
"10991","6","Transport & Railways","1"
"10992","9","Fuel & Oil Prices (CPC)","1"
"10993","2","Arrests, Bribery & Corruption (CIABOC)","1"
"10994","5","Iran War & Geopolitics (Trump/Hormuz)","1"
"10995","0","Cricket","1"
"10996","0","Cricket","1"
"10997","2","Arrests, Bribery & Corruption (CIABOC)","1"
"10998","2","Arrests, Bribery & Corruption (CIABOC)","1"
"10999","3","Violence, Shootings & Fatal Accidents","1"
"11000","0","Cricket","1"
"11001","14","US/China Trade & Tariffs","1"
"11002","2","Arrests, Bribery & Corruption (CIABOC)","1"
"11003","4","Weather & Flood Warnings","1"
"11004","2","Arrests, Bribery & Corruption (CIABOC)","1"
"11005","0","Cricket","1"
"11006","6","Transport & Railways","1"
"11007","7","Health & Dengue","1"
"11008","1","General Sri Lanka News (Cyclone Ditwah relief, Rupee, Tourism)","1"
"11009","5","Iran War & Geopolitics (Trump/Hormuz)","1"
"11010","2","Arrests, Bribery & Corruption (CIABOC)","1"
"11011","0","Cricket","1"
"11012","3","Violence, Shootings & Fatal Accidents","1"
"11013","1","General Sri Lanka News (Cyclone Ditwah relief, Rupee, Tourism)","1"
"11014","2","Arrests, Bribery & Corruption (CIABOC)","1"
"11015","2","Arrests, Bribery & Corruption (CIABOC)","1"
"11016","0","Cricket","1"
"11017","2","Arrests, Bribery & Corruption (CIABOC)","1"
"11018","13","Media, Online Safety & News Digests","1"
"11019","6","Transport & Railways","1"
"11020","4","Weather & Flood Warnings","1"
"11021","10","Education & Examinations","1"
"11022","1","General Sri Lanka News (Cyclone Ditwah relief, Rupee, Tourism)","1"
"11023","9","Fuel & Oil Prices (CPC)","1"
"11024","0","Cricket","1"
"11025","17","Healthcare Worker Strikes (GMOA)","1"
"11026","1","General Sri Lanka News (Cyclone Ditwah relief, Rupee, Tourism)","1"
"11027","9","Fuel & Oil Prices (CPC)","1"
"11028","11","Wildlife & Human-Elephant Conflict","1"
"11029","2","Arrests, Bribery & Corruption (CIABOC)","1"
"11030","3","Violence, Shootings & Fatal Accidents","1"
"11031","15","Public Holidays & Special Traffic Plans","1"
"11032","2","Arrests, Bribery & Corruption (CIABOC)","1"
"11033","0","Cricket","1"
"11034","3","Violence, Shootings & Fatal Accidents","1"
"11035","2","Arrests, Bribery & Corruption (CIABOC)","1"
"11036","7","Health & Dengue","1"
"11037","13","Media, Online Safety & News Digests","1"
"11038","2","Arrests, Bribery & Corruption (CIABOC)","1"
"11039","14","US/China Trade & Tariffs","1"
"11040","2","Arrests, Bribery & Corruption (CIABOC)","1"
"11041","2","Arrests, Bribery & Corruption (CIABOC)","1"
"11042","5","Iran War & Geopolitics (Trump/Hormuz)","1"
"11043","2","Arrests, Bribery & Corruption (CIABOC)","1"
"11044","0","Cricket","1"
"11045","3","Violence, Shootings & Fatal Accidents","1"
"11046","1","General Sri Lanka News (Cyclone Ditwah relief, Rupee, Tourism)","1"
"11047","0","Cricket","1"
"11048","11","Wildlife & Human-Elephant Conflict","1"
"11049","1","General Sri Lanka News (Cyclone Ditwah relief, Rupee, Tourism)","1"
"11050","4","Weather & Flood Warnings","1"
"11051","1","General Sri Lanka News (Cyclone Ditwah relief, Rupee, Tourism)","1"
"11052","7","Health & Dengue","1"
"11053","5","Iran War & Geopolitics (Trump/Hormuz)","1"
"11054","10","Education & Examinations","1"
"11055","14","US/China Trade & Tariffs","1"
"11056","9","Fuel & Oil Prices (CPC)","1"
"11057","0","Cricket","1"
"11058","2","Arrests, Bribery & Corruption (CIABOC)","1"
"11059","2","Arrests, Bribery & Corruption (CIABOC)","1"
"11060","2","Arrests, Bribery & Corruption (CIABOC)","1"
"11061","2","Arrests, Bribery & Corruption (CIABOC)","1"
"11062","10","Education & Examinations","1"
"11063","0","Cricket","1"
"11064","15","Public Holidays & Special Traffic Plans","1"
"11065","0","Cricket","1"
"11066","6","Transport & Railways","1"
"11067","2","Arrests, Bribery & Corruption (CIABOC)","1"
"11068","0","Cricket","1"
"11069","0","Cricket","1"
"11070","2","Arrests, Bribery & Corruption (CIABOC)","1"
"11071","9","Fuel & Oil Prices (CPC)","1"
"11072","1","General Sri Lanka News (Cyclone Ditwah relief, Rupee, Tourism)","1"
"11073","2","Arrests, Bribery & Corruption (CIABOC)","1"
"11074","14","US/China Trade & Tariffs","1"
"11075","0","Cricket","1"
"11076","2","Arrests, Bribery & Corruption (CIABOC)","1"
"11077","2","Arrests, Bribery & Corruption (CIABOC)","1"
"11078","2","Arrests, Bribery & Corruption (CIABOC)","1"
"11079","2","Arrests, Bribery & Corruption (CIABOC)","1"
"11080","2","Arrests, Bribery & Corruption (CIABOC)","1"
"11081","2","Arrests, Bribery & Corruption (CIABOC)","1"
"11082","11","Wildlife & Human-Elephant Conflict","1"
"11083","20","Fuel Quota & QR System","1"
"11084","2","Arrests, Bribery & Corruption (CIABOC)","1"
"11085","0","Cricket","1"
"11086","18","Easter Sunday Attacks (Retrospective/Legal)","1"
"11087","1","General Sri Lanka News (Cyclone Ditwah relief, Rupee, Tourism)","1"
"11088","0","Cricket","1"
"11089","21","AI & Digital Education","1"
"11090","11","Wildlife & Human-Elephant Conflict","1"
"11091","0","Cricket","1"
"11092","1","General Sri Lanka News (Cyclone Ditwah relief, Rupee, Tourism)","1"
"11093","11","Wildlife & Human-Elephant Conflict","1"
"11094","4","Weather & Flood Warnings","1"
"11095","2","Arrests, Bribery & Corruption (CIABOC)","1"
"11096","1","General Sri Lanka News (Cyclone Ditwah relief, Rupee, Tourism)","1"
"11097","15","Public Holidays & Special Traffic Plans","1"
"11098","2","Arrests, Bribery & Corruption (CIABOC)","1"
"11099","0","Cricket","1"
"11100","0","Cricket","1"
"11101","0","Cricket","1"
"11102","0","Cricket","1"
"11103","13","Media, Online Safety & News Digests","1"
"11104","15","Public Holidays & Special Traffic Plans","1"
"11105","3","Violence, Shootings & Fatal Accidents","1"
"11106","5","Iran War & Geopolitics (Trump/Hormuz)","1"
"11107","0","Cricket","1"
"11108","3","Violence, Shootings & Fatal Accidents","1"
"11109","2","Arrests, Bribery & Corruption (CIABOC)","1"
"11110","2","Arrests, Bribery & Corruption (CIABOC)","1"
"11111","2","Arrests, Bribery & Corruption (CIABOC)","1"
"11112","2","Arrests, Bribery & Corruption (CIABOC)","1"
"11113","10","Education & Examinations","1"
"11114","1","General Sri Lanka News (Cyclone Ditwah relief, Rupee, Tourism)","1"
"11115","14","US/China Trade & Tariffs","1"
"11116","0","Cricket","1"
"11117","2","Arrests, Bribery & Corruption (CIABOC)","1"
"11118","1","General Sri Lanka News (Cyclone Ditwah relief, Rupee, Tourism)","1"
"11119","18","Easter Sunday Attacks (Retrospective/Legal)","1"
"11120","2","Arrests, Bribery & Corruption (CIABOC)","1"
"11121","1","General Sri Lanka News (Cyclone Ditwah relief, Rupee, Tourism)","1"
"11122","17","Healthcare Worker Strikes (GMOA)","1"
"11123","0","Cricket","1"
"11124","0","Cricket","1"
"11125","0","Cricket","1"
"11126","0","Cricket","1"
"11127","2","Arrests, Bribery & Corruption (CIABOC)","1"
"11128","1","General Sri Lanka News (Cyclone Ditwah relief, Rupee, Tourism)","1"
"11129","10","Education & Examinations","1"
"11130","14","US/China Trade & Tariffs","1"
"11131","2","Arrests, Bribery & Corruption (CIABOC)","1"
"11132","3","Violence, Shootings & Fatal Accidents","1"
"11133","2","Arrests, Bribery & Corruption (CIABOC)","1"
"11134","6","Transport & Railways","1"
"11135","0","Cricket","1"
"11136","17","Healthcare Worker Strikes (GMOA)","1"
"11137","14","US/China Trade & Tariffs","1"
"11138","7","Health & Dengue","1"
"11139","16","Stock Market (CSE)","1"
"11140","1","General Sri Lanka News (Cyclone Ditwah relief, Rupee, Tourism)","1"
"11141","1","General Sri Lanka News (Cyclone Ditwah relief, Rupee, Tourism)","1"
"11142","0","Cricket","1"
"11143","2","Arrests, Bribery & Corruption (CIABOC)","1"
"11144","0","Cricket","1"
"11145","6","Transport & Railways","1"
"11146","0","Cricket","1"
"11147","2","Arrests, Bribery & Corruption (CIABOC)","1"
"11148","7","Health & Dengue","1"
"11149","7","Health & Dengue","1"
"11150","0","Cricket","1"
"11151","0","Cricket","1"
"11152","13","Media, Online Safety & News Digests","1"
"11153","2","Arrests, Bribery & Corruption (CIABOC)","1"
"11154","6","Transport & Railways","1"
"11155","2","Arrests, Bribery & Corruption (CIABOC)","1"
"11156","11","Wildlife & Human-Elephant Conflict","1"
"11157","12","Consumer Prices & Food (Rice/CAA)","1"
"11158","0","Cricket","1"
"11159","0","Cricket","1"
"11160","14","US/China Trade & Tariffs","1"
"11161","0","Cricket","1"
"11162","2","Arrests, Bribery & Corruption (CIABOC)","1"
"11163","3","Violence, Shootings & Fatal Accidents","1"
"11164","0","Cricket","1"
"11165","0","Cricket","1"
"11166","1","General Sri Lanka News (Cyclone Ditwah relief, Rupee, Tourism)","1"
"11167","1","General Sri Lanka News (Cyclone Ditwah relief, Rupee, Tourism)","1"
"11168","1","General Sri Lanka News (Cyclone Ditwah relief, Rupee, Tourism)","1"
"11169","0","Cricket","1"
"11170","2","Arrests, Bribery & Corruption (CIABOC)","1"
"11171","5","Iran War & Geopolitics (Trump/Hormuz)","1"
"11172","16","Stock Market (CSE)","1"
"11173","1","General Sri Lanka News (Cyclone Ditwah relief, Rupee, Tourism)","1"
"11174","0","Cricket","1"
"11175","0","Cricket","1"
"11176","0","Cricket","1"
"11177","0","Cricket","1"
"11178","11","Wildlife & Human-Elephant Conflict","1"
"11179","13","Media, Online Safety & News Digests","1"
"11180","2","Arrests, Bribery & Corruption (CIABOC)","1"
"11181","11","Wildlife & Human-Elephant Conflict","1"
"11182","2","Arrests, Bribery & Corruption (CIABOC)","1"
"11183","18","Easter Sunday Attacks (Retrospective/Legal)","1"
"11184","0","Cricket","1"
"11185","2","Arrests, Bribery & Corruption (CIABOC)","1"
"11186","6","Transport & Railways","1"
"11187","2","Arrests, Bribery & Corruption (CIABOC)","1"
"11188","15","Public Holidays & Special Traffic Plans","1"
"11189","2","Arrests, Bribery & Corruption (CIABOC)","1"
"11190","0","Cricket","1"
"11191","0","Cricket","1"
"11192","11","Wildlife & Human-Elephant Conflict","1"
"11193","0","Cricket","1"
"11194","0","Cricket","1"
"11195","5","Iran War & Geopolitics (Trump/Hormuz)","1"
"11196","2","Arrests, Bribery & Corruption (CIABOC)","1"
"11197","0","Cricket","1"
"11198","14","US/China Trade & Tariffs","1"
"11199","15","Public Holidays & Special Traffic Plans","1"
"11200","0","Cricket","1"
"11201","0","Cricket","1"
"11202","2","Arrests, Bribery & Corruption (CIABOC)","1"
"11203","0","Cricket","1"
"11204","13","Media, Online Safety & News Digests","1"
"11205","2","Arrests, Bribery & Corruption (CIABOC)","1"
"11206","0","Cricket","1"
"11207","6","Transport & Railways","1"
"11208","0","Cricket","1"
"11209","0","Cricket","1"
"11210","10","Education & Examinations","1"
"11211","0","Cricket","1"
"11212","0","Cricket","1"
"11213","0","Cricket","1"
"11214","15","Public Holidays & Special Traffic Plans","1"
"11215","10","Education & Examinations","1"
"11216","0","Cricket","1"
"11217","2","Arrests, Bribery & Corruption (CIABOC)","1"
"11218","5","Iran War & Geopolitics (Trump/Hormuz)","1"
"11219","0","Cricket","1"
"11220","16","Stock Market (CSE)","1"
"11221","6","Transport & Railways","1"
"11222","0","Cricket","1"
"11223","2","Arrests, Bribery & Corruption (CIABOC)","1"
"11224","0","Cricket","1"
"11225","0","Cricket","1"
"11226","2","Arrests, Bribery & Corruption (CIABOC)","1"
"11227","0","Cricket","1"
"11228","0","Cricket","1"
"11229","2","Arrests, Bribery & Corruption (CIABOC)","1"
"11230","0","Cricket","1"
"11231","0","Cricket","1"
"11232","1","General Sri Lanka News (Cyclone Ditwah relief, Rupee, Tourism)","1"
"11233","13","Media, Online Safety & News Digests","1"
"11234","15","Public Holidays & Special Traffic Plans","1"
"11235","0","Cricket","1"
"11236","13","Media, Online Safety & News Digests","1"
"11237","11","Wildlife & Human-Elephant Conflict","1"
"11238","2","Arrests, Bribery & Corruption (CIABOC)","1"
"11239","0","Cricket","1"
"11240","6","Transport & Railways","1"
"11241","13","Media, Online Safety & News Digests","1"
"11242","19","NASA & Space (Artemis)","1"
"11243","5","Iran War & Geopolitics (Trump/Hormuz)","1"
"11244","0","Cricket","1"
"11245","13","Media, Online Safety & News Digests","1"
"11246","6","Transport & Railways","1"
"11247","0","Cricket","1"
"11248","0","Cricket","1"
"11249","0","Cricket","1"
"11250","2","Arrests, Bribery & Corruption (CIABOC)","1"
"11251","0","Cricket","1"
"11252","6","Transport & Railways","1"
"11253","5","Iran War & Geopolitics (Trump/Hormuz)","1"
"11254","17","Healthcare Worker Strikes (GMOA)","1"
"11255","1","General Sri Lanka News (Cyclone Ditwah relief, Rupee, Tourism)","1"
"11256","0","Cricket","1"
"11257","17","Healthcare Worker Strikes (GMOA)","1"
"11258","10","Education & Examinations","1"
"11259","0","Cricket","1"
"11260","0","Cricket","1"
"11261","0","Cricket","1"
"11262","0","Cricket","1"
"11263","0","Cricket","1"
"11264","7","Health & Dengue","1"
"11265","12","Consumer Prices & Food (Rice/CAA)","1"
"11266","0","Cricket","1"
"11267","14","US/China Trade & Tariffs","1"
"11268","5","Iran War & Geopolitics (Trump/Hormuz)","1"
"11269","3","Violence, Shootings & Fatal Accidents","1"
"11270","0","Cricket","1"
"11271","7","Health & Dengue","1"
"11272","0","Cricket","1"
"11273","0","Cricket","1"
"11274","0","Cricket","1"
"11275","0","Cricket","1"
"11276","0","Cricket","1"
"11277","0","Cricket","1"
"11278","0","Cricket","1"
"11279","2","Arrests, Bribery & Corruption (CIABOC)","1"
"11280","0","Cricket","1"
"11281","0","Cricket","1"
"11282","2","Arrests, Bribery & Corruption (CIABOC)","1"
"11283","2","Arrests, Bribery & Corruption (CIABOC)","1"
"11284","3","Violence, Shootings & Fatal Accidents","1"
"11285","0","Cricket","1"
"11286","6","Transport & Railways","1"
"11287","1","General Sri Lanka News (Cyclone Ditwah relief, Rupee, Tourism)","1"
"11288","13","Media, Online Safety & News Digests","1"
"11289","0","Cricket","1"
"11290","0","Cricket","1"
"11291","0","Cricket","1"
"11292","0","Cricket","1"
"11293","2","Arrests, Bribery & Corruption (CIABOC)","1"
"11294","0","Cricket","1"
"11295","2","Arrests, Bribery & Corruption (CIABOC)","1"
"11296","0","Cricket","1"
"11297","2","Arrests, Bribery & Corruption (CIABOC)","1"
"11298","0","Cricket","1"
"11299","0","Cricket","1"
"11300","13","Media, Online Safety & News Digests","1"
"11301","1","General Sri Lanka News (Cyclone Ditwah relief, Rupee, Tourism)","1"
"11302","0","Cricket","1"
"11303","0","Cricket","1"
"11304","0","Cricket","1"
"11305","0","Cricket","1"
"11306","0","Cricket","1"
"11307","0","Cricket","1"
"11308","0","Cricket","1"
"11309","0","Cricket","1"
"11310","0","Cricket","1"
"11311","0","Cricket","1"
"11312","2","Arrests, Bribery & Corruption (CIABOC)","1"
"11313","2","Arrests, Bribery & Corruption (CIABOC)","1"
"11314","0","Cricket","1"
"11315","0","Cricket","1"
"11316","0","Cricket","1"
"11317","1","General Sri Lanka News (Cyclone Ditwah relief, Rupee, Tourism)","1"
"11318","0","Cricket","1"
"11319","0","Cricket","1"
"11320","0","Cricket","1"
"11321","0","Cricket","1"
"11322","0","Cricket","1"
"11323","2","Arrests, Bribery & Corruption (CIABOC)","1"
"11324","11","Wildlife & Human-Elephant Conflict","1"
"11325","2","Arrests, Bribery & Corruption (CIABOC)","1"
"11326","13","Media, Online Safety & News Digests","1"
"11327","7","Health & Dengue","1"
"11328","17","Healthcare Worker Strikes (GMOA)","1"
"11329","1","General Sri Lanka News (Cyclone Ditwah relief, Rupee, Tourism)","1"
"11330","4","Weather & Flood Warnings","1"
"11331","2","Arrests, Bribery & Corruption (CIABOC)","1"
"11332","17","Healthcare Worker Strikes (GMOA)","1"
"11333","3","Violence, Shootings & Fatal Accidents","1"
"11334","1","General Sri Lanka News (Cyclone Ditwah relief, Rupee, Tourism)","1"
"11335","12","Consumer Prices & Food (Rice/CAA)","1"
"11336","0","Cricket","1"
"11337","0","Cricket","1"
"11338","7","Health & Dengue","1"
"11339","0","Cricket","1"
"11340","13","Media, Online Safety & News Digests","1"
"11341","3","Violence, Shootings & Fatal Accidents","1"
"11342","0","Cricket","1"
"11343","16","Stock Market (CSE)","1"
"11344","2","Arrests, Bribery & Corruption (CIABOC)","1"
"11345","0","Cricket","1"
"11346","0","Cricket","1"
"11347","8","Electricity Tariffs & CEB","1"
"11348","0","Cricket","1"
"11349","0","Cricket","1"
"11350","1","General Sri Lanka News (Cyclone Ditwah relief, Rupee, Tourism)","1"
"11351","2","Arrests, Bribery & Corruption (CIABOC)","1"
"11352","0","Cricket","1"
"11353","0","Cricket","1"
"11354","2","Arrests, Bribery & Corruption (CIABOC)","1"
"11355","12","Consumer Prices & Food (Rice/CAA)","1"
"11356","0","Cricket","1"
"11357","2","Arrests, Bribery & Corruption (CIABOC)","1"
"11358","8","Electricity Tariffs & CEB","1"
"11359","10","Education & Examinations","1"
"11360","2","Arrests, Bribery & Corruption (CIABOC)","1"
"11361","2","Arrests, Bribery & Corruption (CIABOC)","1"
"11362","0","Cricket","1"
"11363","2","Arrests, Bribery & Corruption (CIABOC)","1"
"11364","10","Education & Examinations","1"
"11365","0","Cricket","1"
"11366","7","Health & Dengue","1"
"11367","11","Wildlife & Human-Elephant Conflict","1"
"11368","3","Violence, Shootings & Fatal Accidents","1"
"11369","6","Transport & Railways","1"
"11370","0","Cricket","1"
"11371","1","General Sri Lanka News (Cyclone Ditwah relief, Rupee, Tourism)","1"
"11372","1","General Sri Lanka News (Cyclone Ditwah relief, Rupee, Tourism)","1"
"11373","0","Cricket","1"
"11374","2","Arrests, Bribery & Corruption (CIABOC)","1"
"11375","0","Cricket","1"
"11376","16","Stock Market (CSE)","1"
"11377","0","Cricket","1"
"11378","11","Wildlife & Human-Elephant Conflict","1"
"11379","0","Cricket","1"
"11380","13","Media, Online Safety & News Digests","1"
"11381","12","Consumer Prices & Food (Rice/CAA)","1"
"11382","18","Easter Sunday Attacks (Retrospective/Legal)","1"
"11383","14","US/China Trade & Tariffs","1"
"11384","2","Arrests, Bribery & Corruption (CIABOC)","1"
"11385","17","Healthcare Worker Strikes (GMOA)","1"
"11386","0","Cricket","1"
"11387","2","Arrests, Bribery & Corruption (CIABOC)","1"
"11388","0","Cricket","1"
"11389","2","Arrests, Bribery & Corruption (CIABOC)","1"
"11390","0","Cricket","1"
"11391","0","Cricket","1"
"11392","6","Transport & Railways","1"
"11393","3","Violence, Shootings & Fatal Accidents","1"
"11394","7","Health & Dengue","1"
"11395","1","General Sri Lanka News (Cyclone Ditwah relief, Rupee, Tourism)","1"
"11396","13","Media, Online Safety & News Digests","1"
"11397","17","Healthcare Worker Strikes (GMOA)","1"
"11398","3","Violence, Shootings & Fatal Accidents","1"
"11399","5","Iran War & Geopolitics (Trump/Hormuz)","1"
"11400","3","Violence, Shootings & Fatal Accidents","1"
"11401","7","Health & Dengue","1"
"11402","1","General Sri Lanka News (Cyclone Ditwah relief, Rupee, Tourism)","1"
"11403","7","Health & Dengue","1"
"11404","4","Weather & Flood Warnings","1"
"11405","10","Education & Examinations","1"
"11406","9","Fuel & Oil Prices (CPC)","1"
"11407","3","Violence, Shootings & Fatal Accidents","1"
"11408","0","Cricket","1"
"11409","2","Arrests, Bribery & Corruption (CIABOC)","1"
"11410","1","General Sri Lanka News (Cyclone Ditwah relief, Rupee, Tourism)","1"
"11411","17","Healthcare Worker Strikes (GMOA)","1"
"11412","0","Cricket","1"
"11413","3","Violence, Shootings & Fatal Accidents","1"
"11414","0","Cricket","1"
"11415","3","Violence, Shootings & Fatal Accidents","1"
"11416","1","General Sri Lanka News (Cyclone Ditwah relief, Rupee, Tourism)","1"
"11417","1","General Sri Lanka News (Cyclone Ditwah relief, Rupee, Tourism)","1"
"11418","2","Arrests, Bribery & Corruption (CIABOC)","1"
"11419","17","Healthcare Worker Strikes (GMOA)","1"
"11420","3","Violence, Shootings & Fatal Accidents","1"
"11421","13","Media, Online Safety & News Digests","1"
"11422","0","Cricket","1"
"11423","0","Cricket","1"
"11424","2","Arrests, Bribery & Corruption (CIABOC)","1"
"11425","0","Cricket","1"
"11426","14","US/China Trade & Tariffs","1"
"11427","5","Iran War & Geopolitics (Trump/Hormuz)","1"
"11428","12","Consumer Prices & Food (Rice/CAA)","1"
"11429","8","Electricity Tariffs & CEB","1"
"11430","3","Violence, Shootings & Fatal Accidents","1"
"11431","8","Electricity Tariffs & CEB","1"
"11432","1","General Sri Lanka News (Cyclone Ditwah relief, Rupee, Tourism)","1"
"11433","7","Health & Dengue","1"
"11434","1","General Sri Lanka News (Cyclone Ditwah relief, Rupee, Tourism)","1"
"11435","2","Arrests, Bribery & Corruption (CIABOC)","1"
"11436","5","Iran War & Geopolitics (Trump/Hormuz)","1"
"11437","11","Wildlife & Human-Elephant Conflict","1"
"11438","13","Media, Online Safety & News Digests","1"
"11439","1","General Sri Lanka News (Cyclone Ditwah relief, Rupee, Tourism)","1"
"11440","16","Stock Market (CSE)","1"
"11441","0","Cricket","1"
"11442","17","Healthcare Worker Strikes (GMOA)","1"
"11443","0","Cricket","1"
"11444","3","Violence, Shootings & Fatal Accidents","1"
"11445","6","Transport & Railways","1"
"11446","2","Arrests, Bribery & Corruption (CIABOC)","1"
"11447","18","Easter Sunday Attacks (Retrospective/Legal)","1"
"11448","3","Violence, Shootings & Fatal Accidents","1"
"11449","2","Arrests, Bribery & Corruption (CIABOC)","1"
"11450","2","Arrests, Bribery & Corruption (CIABOC)","1"
"11451","15","Public Holidays & Special Traffic Plans","1"
"11452","5","Iran War & Geopolitics (Trump/Hormuz)","1"
"11453","2","Arrests, Bribery & Corruption (CIABOC)","1"
"11454","1","General Sri Lanka News (Cyclone Ditwah relief, Rupee, Tourism)","1"
"11455","0","Cricket","1"
"11456","1","General Sri Lanka News (Cyclone Ditwah relief, Rupee, Tourism)","1"
"11457","0","Cricket","1"
"11458","15","Public Holidays & Special Traffic Plans","1"
"11459","1","General Sri Lanka News (Cyclone Ditwah relief, Rupee, Tourism)","1"
"11460","13","Media, Online Safety & News Digests","1"
"11461","4","Weather & Flood Warnings","1"
"11462","16","Stock Market (CSE)","1"
"11463","1","General Sri Lanka News (Cyclone Ditwah relief, Rupee, Tourism)","1"
"11464","11","Wildlife & Human-Elephant Conflict","1"
"11465","2","Arrests, Bribery & Corruption (CIABOC)","1"
"11466","0","Cricket","1"
"11467","0","Cricket","1"
"11468","0","Cricket","1"
"11469","15","Public Holidays & Special Traffic Plans","1"
"11470","1","General Sri Lanka News (Cyclone Ditwah relief, Rupee, Tourism)","1"
"11471","1","General Sri Lanka News (Cyclone Ditwah relief, Rupee, Tourism)","1"
"11472","2","Arrests, Bribery & Corruption (CIABOC)","1"
"11473","2","Arrests, Bribery & Corruption (CIABOC)","1"
"11474","1","General Sri Lanka News (Cyclone Ditwah relief, Rupee, Tourism)","1"
"11475","7","Health & Dengue","1"
"11476","3","Violence, Shootings & Fatal Accidents","1"
"11477","13","Media, Online Safety & News Digests","1"
"11478","11","Wildlife & Human-Elephant Conflict","1"
"11479","6","Transport & Railways","1"
"11480","0","Cricket","1"
"11481","16","Stock Market (CSE)","1"
"11482","13","Media, Online Safety & News Digests","1"
"11483","0","Cricket","1"
"11484","6","Transport & Railways","1"
"11485","10","Education & Examinations","1"
"11486","13","Media, Online Safety & News Digests","1"
"11487","1","General Sri Lanka News (Cyclone Ditwah relief, Rupee, Tourism)","1"
"11488","0","Cricket","1"
"11489","0","Cricket","1"
"11490","1","General Sri Lanka News (Cyclone Ditwah relief, Rupee, Tourism)","1"
"11491","2","Arrests, Bribery & Corruption (CIABOC)","1"
"11492","0","Cricket","1"
"11493","0","Cricket","1"
"11494","2","Arrests, Bribery & Corruption (CIABOC)","1"
"11495","2","Arrests, Bribery & Corruption (CIABOC)","1"
"11496","1","General Sri Lanka News (Cyclone Ditwah relief, Rupee, Tourism)","1"
"11497","1","General Sri Lanka News (Cyclone Ditwah relief, Rupee, Tourism)","1"
"11498","13","Media, Online Safety & News Digests","1"
"11499","1","General Sri Lanka News (Cyclone Ditwah relief, Rupee, Tourism)","1"
"11500","13","Media, Online Safety & News Digests","1"
"11501","0","Cricket","1"
"11502","3","Violence, Shootings & Fatal Accidents","1"
"11503","2","Arrests, Bribery & Corruption (CIABOC)","1"
"11504","7","Health & Dengue","1"
"11505","1","General Sri Lanka News (Cyclone Ditwah relief, Rupee, Tourism)","1"
"11506","21","AI & Digital Education","1"
"11507","7","Health & Dengue","1"
"11508","11","Wildlife & Human-Elephant Conflict","1"
"11509","1","General Sri Lanka News (Cyclone Ditwah relief, Rupee, Tourism)","1"
"11510","7","Health & Dengue","1"
"11511","6","Transport & Railways","1"
"11512","18","Easter Sunday Attacks (Retrospective/Legal)","1"
"11513","1","General Sri Lanka News (Cyclone Ditwah relief, Rupee, Tourism)","1"
"11514","2","Arrests, Bribery & Corruption (CIABOC)","1"
"11515","13","Media, Online Safety & News Digests","1"
"11516","0","Cricket","1"
"11517","2","Arrests, Bribery & Corruption (CIABOC)","1"
"11518","16","Stock Market (CSE)","1"
"11519","0","Cricket","1"
"11520","1","General Sri Lanka News (Cyclone Ditwah relief, Rupee, Tourism)","1"
"11521","0","Cricket","1"
"11522","1","General Sri Lanka News (Cyclone Ditwah relief, Rupee, Tourism)","1"
"11523","0","Cricket","1"
"11524","0","Cricket","1"
"11525","1","General Sri Lanka News (Cyclone Ditwah relief, Rupee, Tourism)","1"
"11526","3","Violence, Shootings & Fatal Accidents","1"
"11527","10","Education & Examinations","1"
"11528","2","Arrests, Bribery & Corruption (CIABOC)","1"
"11529","0","Cricket","1"
"11530","7","Health & Dengue","1"
"11531","7","Health & Dengue","1"
"11532","3","Violence, Shootings & Fatal Accidents","1"
"11533","0","Cricket","1"
"11534","3","Violence, Shootings & Fatal Accidents","1"
"11535","14","US/China Trade & Tariffs","1"
"11536","0","Cricket","1"
"11537","1","General Sri Lanka News (Cyclone Ditwah relief, Rupee, Tourism)","1"
"11538","17","Healthcare Worker Strikes (GMOA)","1"
"11539","6","Transport & Railways","1"
"11540","0","Cricket","1"
"11541","1","General Sri Lanka News (Cyclone Ditwah relief, Rupee, Tourism)","1"
"11542","0","Cricket","1"
"11543","10","Education & Examinations","1"
"11544","1","General Sri Lanka News (Cyclone Ditwah relief, Rupee, Tourism)","1"
"11545","0","Cricket","1"
"11546","13","Media, Online Safety & News Digests","1"
"11547","0","Cricket","1"
"11548","17","Healthcare Worker Strikes (GMOA)","1"
"11549","7","Health & Dengue","1"
"11550","12","Consumer Prices & Food (Rice/CAA)","1"
"11551","0","Cricket","1"
"11552","1","General Sri Lanka News (Cyclone Ditwah relief, Rupee, Tourism)","1"
"11553","12","Consumer Prices & Food (Rice/CAA)","1"
"11554","11","Wildlife & Human-Elephant Conflict","1"
"11555","1","General Sri Lanka News (Cyclone Ditwah relief, Rupee, Tourism)","1"
"11556","5","Iran War & Geopolitics (Trump/Hormuz)","1"
"11557","6","Transport & Railways","1"
"11558","3","Violence, Shootings & Fatal Accidents","1"
"11559","0","Cricket","1"
"11560","0","Cricket","1"
"11561","3","Violence, Shootings & Fatal Accidents","1"
"11562","5","Iran War & Geopolitics (Trump/Hormuz)","1"
"11563","0","Cricket","1"
"11564","17","Healthcare Worker Strikes (GMOA)","1"
"11565","3","Violence, Shootings & Fatal Accidents","1"
"11566","4","Weather & Flood Warnings","1"
"11567","0","Cricket","1"
"11568","1","General Sri Lanka News (Cyclone Ditwah relief, Rupee, Tourism)","1"
"11569","13","Media, Online Safety & News Digests","1"
"11570","19","NASA & Space (Artemis)","1"
"11571","17","Healthcare Worker Strikes (GMOA)","1"
"11572","0","Cricket","1"
"11573","23","Elon Musk & Global Business News","1"
"11574","10","Education & Examinations","1"
"11575","10","Education & Examinations","1"
"11576","10","Education & Examinations","1"
"11577","0","Cricket","1"
"11578","0","Cricket","1"
"11579","0","Cricket","1"
"11580","2","Arrests, Bribery & Corruption (CIABOC)","1"
"11581","1","General Sri Lanka News (Cyclone Ditwah relief, Rupee, Tourism)","1"
"11582","4","Weather & Flood Warnings","1"
"11583","12","Consumer Prices & Food (Rice/CAA)","1"
"11584","0","Cricket","1"
"11585","15","Public Holidays & Special Traffic Plans","1"
"11586","3","Violence, Shootings & Fatal Accidents","1"
"11587","0","Cricket","1"
"11588","5","Iran War & Geopolitics (Trump/Hormuz)","1"
"11589","2","Arrests, Bribery & Corruption (CIABOC)","1"
"11590","11","Wildlife & Human-Elephant Conflict","1"
"11591","19","NASA & Space (Artemis)","1"
"11592","11","Wildlife & Human-Elephant Conflict","1"
"11593","5","Iran War & Geopolitics (Trump/Hormuz)","1"
"11594","10","Education & Examinations","1"
"11595","1","General Sri Lanka News (Cyclone Ditwah relief, Rupee, Tourism)","1"
"11596","15","Public Holidays & Special Traffic Plans","1"
"11597","0","Cricket","1"
"11598","1","General Sri Lanka News (Cyclone Ditwah relief, Rupee, Tourism)","1"
"11599","11","Wildlife & Human-Elephant Conflict","1"
"11600","3","Violence, Shootings & Fatal Accidents","1"
"11601","13","Media, Online Safety & News Digests","1"
"11602","4","Weather & Flood Warnings","1"
"11603","1","General Sri Lanka News (Cyclone Ditwah relief, Rupee, Tourism)","1"
"11604","8","Electricity Tariffs & CEB","1"
"11605","2","Arrests, Bribery & Corruption (CIABOC)","1"
"11606","10","Education & Examinations","1"
"11607","1","General Sri Lanka News (Cyclone Ditwah relief, Rupee, Tourism)","1"
"11608","3","Violence, Shootings & Fatal Accidents","1"
"11609","10","Education & Examinations","1"
"11610","2","Arrests, Bribery & Corruption (CIABOC)","1"
"11611","14","US/China Trade & Tariffs","1"
"11612","19","NASA & Space (Artemis)","1"
"11613","0","Cricket","1"
"11614","5","Iran War & Geopolitics (Trump/Hormuz)","1"
"11615","1","General Sri Lanka News (Cyclone Ditwah relief, Rupee, Tourism)","1"
"11616","14","US/China Trade & Tariffs","1"
"11617","8","Electricity Tariffs & CEB","1"
"11618","1","General Sri Lanka News (Cyclone Ditwah relief, Rupee, Tourism)","1"
"11619","1","General Sri Lanka News (Cyclone Ditwah relief, Rupee, Tourism)","1"
"11620","6","Transport & Railways","1"
"11621","3","Violence, Shootings & Fatal Accidents","1"
"11622","11","Wildlife & Human-Elephant Conflict","1"
"11623","1","General Sri Lanka News (Cyclone Ditwah relief, Rupee, Tourism)","1"
"11624","10","Education & Examinations","1"
"11625","11","Wildlife & Human-Elephant Conflict","1"
"11626","2","Arrests, Bribery & Corruption (CIABOC)","1"
"11627","2","Arrests, Bribery & Corruption (CIABOC)","1"
"11628","13","Media, Online Safety & News Digests","1"
"11629","13","Media, Online Safety & News Digests","1"
"11630","11","Wildlife & Human-Elephant Conflict","1"
"11631","1","General Sri Lanka News (Cyclone Ditwah relief, Rupee, Tourism)","1"
"11632","1","General Sri Lanka News (Cyclone Ditwah relief, Rupee, Tourism)","1"
"11633","10","Education & Examinations","1"
"11634","8","Electricity Tariffs & CEB","1"
"11635","0","Cricket","1"
"11636","0","Cricket","1"
"11637","1","General Sri Lanka News (Cyclone Ditwah relief, Rupee, Tourism)","1"
"11638","14","US/China Trade & Tariffs","1"
"11639","8","Electricity Tariffs & CEB","1"
"11640","3","Violence, Shootings & Fatal Accidents","1"
"11641","13","Media, Online Safety & News Digests","1"
"11642","1","General Sri Lanka News (Cyclone Ditwah relief, Rupee, Tourism)","1"
"11643","2","Arrests, Bribery & Corruption (CIABOC)","1"
"11644","14","US/China Trade & Tariffs","1"
"11645","2","Arrests, Bribery & Corruption (CIABOC)","1"
"11646","0","Cricket","1"
"11647","7","Health & Dengue","1"
"11648","2","Arrests, Bribery & Corruption (CIABOC)","1"
"11649","5","Iran War & Geopolitics (Trump/Hormuz)","1"
"11650","2","Arrests, Bribery & Corruption (CIABOC)","1"
"11651","14","US/China Trade & Tariffs","1"
"11652","3","Violence, Shootings & Fatal Accidents","1"
"11653","19","NASA & Space (Artemis)","1"
"11654","2","Arrests, Bribery & Corruption (CIABOC)","1"
"11655","2","Arrests, Bribery & Corruption (CIABOC)","1"
"11656","14","US/China Trade & Tariffs","1"
"11657","1","General Sri Lanka News (Cyclone Ditwah relief, Rupee, Tourism)","1"
"11658","0","Cricket","1"
"11659","0","Cricket","1"
"11660","0","Cricket","1"
"11661","2","Arrests, Bribery & Corruption (CIABOC)","1"
"11662","14","US/China Trade & Tariffs","1"
"11663","13","Media, Online Safety & News Digests","1"
"11664","15","Public Holidays & Special Traffic Plans","1"
"11665","7","Health & Dengue","1"
"11666","8","Electricity Tariffs & CEB","1"
"11667","0","Cricket","1"
"11668","7","Health & Dengue","1"
"11669","2","Arrests, Bribery & Corruption (CIABOC)","1"
"11670","6","Transport & Railways","1"
"11671","1","General Sri Lanka News (Cyclone Ditwah relief, Rupee, Tourism)","1"
"11672","7","Health & Dengue","1"
"11673","1","General Sri Lanka News (Cyclone Ditwah relief, Rupee, Tourism)","1"
"11674","2","Arrests, Bribery & Corruption (CIABOC)","1"
"11675","0","Cricket","1"
"11676","0","Cricket","1"
"11677","4","Weather & Flood Warnings","1"
"11678","4","Weather & Flood Warnings","1"
"11679","10","Education & Examinations","1"
"11680","0","Cricket","1"
"11681","3","Violence, Shootings & Fatal Accidents","1"
"11682","0","Cricket","1"
"11683","7","Health & Dengue","1"
"11684","2","Arrests, Bribery & Corruption (CIABOC)","1"
"11685","17","Healthcare Worker Strikes (GMOA)","1"
"11686","2","Arrests, Bribery & Corruption (CIABOC)","1"
"11687","2","Arrests, Bribery & Corruption (CIABOC)","1"
"11688","2","Arrests, Bribery & Corruption (CIABOC)","1"
"11689","2","Arrests, Bribery & Corruption (CIABOC)","1"
"11690","13","Media, Online Safety & News Digests","1"
"11691","2","Arrests, Bribery & Corruption (CIABOC)","1"
"11692","1","General Sri Lanka News (Cyclone Ditwah relief, Rupee, Tourism)","1"
"11693","1","General Sri Lanka News (Cyclone Ditwah relief, Rupee, Tourism)","1"
"11694","1","General Sri Lanka News (Cyclone Ditwah relief, Rupee, Tourism)","1"
"11695","2","Arrests, Bribery & Corruption (CIABOC)","1"
"11696","1","General Sri Lanka News (Cyclone Ditwah relief, Rupee, Tourism)","1"
"11697","19","NASA & Space (Artemis)","1"
"11698","0","Cricket","1"
"11699","13","Media, Online Safety & News Digests","1"
"11700","8","Electricity Tariffs & CEB","1"
"11701","16","Stock Market (CSE)","1"
"11702","2","Arrests, Bribery & Corruption (CIABOC)","1"
"11703","2","Arrests, Bribery & Corruption (CIABOC)","1"
"11704","3","Violence, Shootings & Fatal Accidents","1"
"11705","0","Cricket","1"
"11706","2","Arrests, Bribery & Corruption (CIABOC)","1"
"11707","2","Arrests, Bribery & Corruption (CIABOC)","1"
"11708","1","General Sri Lanka News (Cyclone Ditwah relief, Rupee, Tourism)","1"
"11709","6","Transport & Railways","1"
"11710","13","Media, Online Safety & News Digests","1"
"11711","0","Cricket","1"
"11712","7","Health & Dengue","1"
"11713","4","Weather & Flood Warnings","1"
"11714","0","Cricket","1"
"11715","0","Cricket","1"
"11716","0","Cricket","1"
"11717","2","Arrests, Bribery & Corruption (CIABOC)","1"
"11718","0","Cricket","1"
"11719","0","Cricket","1"
"11720","0","Cricket","1"
"11721","10","Education & Examinations","1"
"11722","18","Easter Sunday Attacks (Retrospective/Legal)","1"
"11723","1","General Sri Lanka News (Cyclone Ditwah relief, Rupee, Tourism)","1"
"11724","1","General Sri Lanka News (Cyclone Ditwah relief, Rupee, Tourism)","1"
"11725","1","General Sri Lanka News (Cyclone Ditwah relief, Rupee, Tourism)","1"
"11726","14","US/China Trade & Tariffs","1"
"11727","11","Wildlife & Human-Elephant Conflict","1"
"11728","15","Public Holidays & Special Traffic Plans","1"
"11729","18","Easter Sunday Attacks (Retrospective/Legal)","1"
"11730","0","Cricket","1"
"11731","23","Elon Musk & Global Business News","1"
"11732","8","Electricity Tariffs & CEB","1"
"11733","16","Stock Market (CSE)","1"
"11734","11","Wildlife & Human-Elephant Conflict","1"
"11735","6","Transport & Railways","1"
"11736","11","Wildlife & Human-Elephant Conflict","1"
"11737","11","Wildlife & Human-Elephant Conflict","1"
"11738","2","Arrests, Bribery & Corruption (CIABOC)","1"
"11739","0","Cricket","1"
"11740","1","General Sri Lanka News (Cyclone Ditwah relief, Rupee, Tourism)","1"
"11741","8","Electricity Tariffs & CEB","1"
"11742","0","Cricket","1"
"11743","3","Violence, Shootings & Fatal Accidents","1"
"11744","0","Cricket","1"
"11745","1","General Sri Lanka News (Cyclone Ditwah relief, Rupee, Tourism)","1"
"11746","2","Arrests, Bribery & Corruption (CIABOC)","1"
"11747","2","Arrests, Bribery & Corruption (CIABOC)","1"
"11748","4","Weather & Flood Warnings","1"
"11749","3","Violence, Shootings & Fatal Accidents","1"
"11750","14","US/China Trade & Tariffs","1"
"11751","2","Arrests, Bribery & Corruption (CIABOC)","1"
"11752","2","Arrests, Bribery & Corruption (CIABOC)","1"
"11753","6","Transport & Railways","1"
"11754","11","Wildlife & Human-Elephant Conflict","1"
"11755","2","Arrests, Bribery & Corruption (CIABOC)","1"
"11756","0","Cricket","1"
"11757","3","Violence, Shootings & Fatal Accidents","1"
"11758","3","Violence, Shootings & Fatal Accidents","1"
"11759","10","Education & Examinations","1"
"11760","7","Health & Dengue","1"
"11761","3","Violence, Shootings & Fatal Accidents","1"
"11762","1","General Sri Lanka News (Cyclone Ditwah relief, Rupee, Tourism)","1"
"11763","0","Cricket","1"
"11764","0","Cricket","1"
"11765","8","Electricity Tariffs & CEB","1"
"11766","2","Arrests, Bribery & Corruption (CIABOC)","1"
"11767","1","General Sri Lanka News (Cyclone Ditwah relief, Rupee, Tourism)","1"
"11768","3","Violence, Shootings & Fatal Accidents","1"
"11769","0","Cricket","1"
"11770","2","Arrests, Bribery & Corruption (CIABOC)","1"
"11771","1","General Sri Lanka News (Cyclone Ditwah relief, Rupee, Tourism)","1"
"11772","3","Violence, Shootings & Fatal Accidents","1"
"11773","0","Cricket","1"
"11774","10","Education & Examinations","1"
"11775","2","Arrests, Bribery & Corruption (CIABOC)","1"
"11776","3","Violence, Shootings & Fatal Accidents","1"
"11777","14","US/China Trade & Tariffs","1"
"11778","6","Transport & Railways","1"
"11779","0","Cricket","1"
"11780","1","General Sri Lanka News (Cyclone Ditwah relief, Rupee, Tourism)","1"
"11781","3","Violence, Shootings & Fatal Accidents","1"
"11782","6","Transport & Railways","1"
"11783","3","Violence, Shootings & Fatal Accidents","1"
"11784","14","US/China Trade & Tariffs","1"
"11785","1","General Sri Lanka News (Cyclone Ditwah relief, Rupee, Tourism)","1"
"11786","0","Cricket","1"
"11787","0","Cricket","1"
"11788","0","Cricket","1"
"11789","0","Cricket","1"
"11790","10","Education & Examinations","1"
"11791","11","Wildlife & Human-Elephant Conflict","1"
"11792","4","Weather & Flood Warnings","1"
"11793","0","Cricket","1"
"11794","2","Arrests, Bribery & Corruption (CIABOC)","1"
"11795","3","Violence, Shootings & Fatal Accidents","1"
"11796","19","NASA & Space (Artemis)","1"
"11797","4","Weather & Flood Warnings","1"
"11798","0","Cricket","1"
"11799","9","Fuel & Oil Prices (CPC)","1"
"11800","12","Consumer Prices & Food (Rice/CAA)","1"
"11801","14","US/China Trade & Tariffs","1"
"11802","14","US/China Trade & Tariffs","1"
"11803","2","Arrests, Bribery & Corruption (CIABOC)","1"
"11804","6","Transport & Railways","1"
"11805","0","Cricket","1"
"11806","14","US/China Trade & Tariffs","1"
"11807","7","Health & Dengue","1"
"11808","7","Health & Dengue","1"
"11809","14","US/China Trade & Tariffs","1"
"11810","0","Cricket","1"
"11811","14","US/China Trade & Tariffs","1"
"11812","0","Cricket","1"
"11813","1","General Sri Lanka News (Cyclone Ditwah relief, Rupee, Tourism)","1"
"11814","1","General Sri Lanka News (Cyclone Ditwah relief, Rupee, Tourism)","1"
"11815","1","General Sri Lanka News (Cyclone Ditwah relief, Rupee, Tourism)","1"
"11816","2","Arrests, Bribery & Corruption (CIABOC)","1"
"11817","6","Transport & Railways","1"
"11818","4","Weather & Flood Warnings","1"
"11819","16","Stock Market (CSE)","1"
"11820","6","Transport & Railways","1"
"11821","1","General Sri Lanka News (Cyclone Ditwah relief, Rupee, Tourism)","1"
"11822","1","General Sri Lanka News (Cyclone Ditwah relief, Rupee, Tourism)","1"
"11823","9","Fuel & Oil Prices (CPC)","1"
"11824","2","Arrests, Bribery & Corruption (CIABOC)","1"
"11825","1","General Sri Lanka News (Cyclone Ditwah relief, Rupee, Tourism)","1"
"11826","1","General Sri Lanka News (Cyclone Ditwah relief, Rupee, Tourism)","1"
"11827","1","General Sri Lanka News (Cyclone Ditwah relief, Rupee, Tourism)","1"
"11828","0","Cricket","1"
"11829","8","Electricity Tariffs & CEB","1"
"11830","1","General Sri Lanka News (Cyclone Ditwah relief, Rupee, Tourism)","1"
"11831","15","Public Holidays & Special Traffic Plans","1"
"11832","3","Violence, Shootings & Fatal Accidents","1"
"11833","2","Arrests, Bribery & Corruption (CIABOC)","1"
"11834","1","General Sri Lanka News (Cyclone Ditwah relief, Rupee, Tourism)","1"
"11835","2","Arrests, Bribery & Corruption (CIABOC)","1"
"11836","2","Arrests, Bribery & Corruption (CIABOC)","1"
"11837","1","General Sri Lanka News (Cyclone Ditwah relief, Rupee, Tourism)","1"
"11838","1","General Sri Lanka News (Cyclone Ditwah relief, Rupee, Tourism)","1"
"11839","5","Iran War & Geopolitics (Trump/Hormuz)","1"
"11840","14","US/China Trade & Tariffs","1"
"11841","5","Iran War & Geopolitics (Trump/Hormuz)","1"
"11842","3","Violence, Shootings & Fatal Accidents","1"
"11843","19","NASA & Space (Artemis)","1"
"11844","14","US/China Trade & Tariffs","1"
"11845","4","Weather & Flood Warnings","1"
"11846","0","Cricket","1"
"11847","2","Arrests, Bribery & Corruption (CIABOC)","1"
"11848","0","Cricket","1"
"11849","1","General Sri Lanka News (Cyclone Ditwah relief, Rupee, Tourism)","1"
"11850","11","Wildlife & Human-Elephant Conflict","1"
"11851","11","Wildlife & Human-Elephant Conflict","1"
"11852","16","Stock Market (CSE)","1"
"11853","2","Arrests, Bribery & Corruption (CIABOC)","1"
"11854","0","Cricket","1"
"11855","6","Transport & Railways","1"
"11856","5","Iran War & Geopolitics (Trump/Hormuz)","1"
"11857","4","Weather & Flood Warnings","1"
"11858","1","General Sri Lanka News (Cyclone Ditwah relief, Rupee, Tourism)","1"
"11859","1","General Sri Lanka News (Cyclone Ditwah relief, Rupee, Tourism)","1"
"11860","0","Cricket","1"
"11861","2","Arrests, Bribery & Corruption (CIABOC)","1"
"11862","2","Arrests, Bribery & Corruption (CIABOC)","1"
"11863","15","Public Holidays & Special Traffic Plans","1"
"11864","2","Arrests, Bribery & Corruption (CIABOC)","1"
"11865","4","Weather & Flood Warnings","1"
"11866","13","Media, Online Safety & News Digests","1"
"11867","2","Arrests, Bribery & Corruption (CIABOC)","1"
"11868","14","US/China Trade & Tariffs","1"
"11869","14","US/China Trade & Tariffs","1"
"11870","0","Cricket","1"
"11871","13","Media, Online Safety & News Digests","1"
"11872","2","Arrests, Bribery & Corruption (CIABOC)","1"
"11873","2","Arrests, Bribery & Corruption (CIABOC)","1"
"11874","2","Arrests, Bribery & Corruption (CIABOC)","1"
"11875","7","Health & Dengue","1"
"11876","1","General Sri Lanka News (Cyclone Ditwah relief, Rupee, Tourism)","1"
"11877","13","Media, Online Safety & News Digests","1"
"11878","4","Weather & Flood Warnings","1"
"11879","4","Weather & Flood Warnings","1"
"11880","0","Cricket","1"
"11881","1","General Sri Lanka News (Cyclone Ditwah relief, Rupee, Tourism)","1"
"11882","0","Cricket","1"
"11883","2","Arrests, Bribery & Corruption (CIABOC)","1"
"11884","1","General Sri Lanka News (Cyclone Ditwah relief, Rupee, Tourism)","1"
"11885","0","Cricket","1"
"11886","3","Violence, Shootings & Fatal Accidents","1"
"11887","1","General Sri Lanka News (Cyclone Ditwah relief, Rupee, Tourism)","1"
"11888","1","General Sri Lanka News (Cyclone Ditwah relief, Rupee, Tourism)","1"
"11889","2","Arrests, Bribery & Corruption (CIABOC)","1"
"11890","1","General Sri Lanka News (Cyclone Ditwah relief, Rupee, Tourism)","1"
"11891","8","Electricity Tariffs & CEB","1"
"11892","17","Healthcare Worker Strikes (GMOA)","1"
"11893","0","Cricket","1"
"11894","2","Arrests, Bribery & Corruption (CIABOC)","1"
"11895","8","Electricity Tariffs & CEB","1"
"11896","0","Cricket","1"
"11897","11","Wildlife & Human-Elephant Conflict","1"
"11898","10","Education & Examinations","1"
"11899","2","Arrests, Bribery & Corruption (CIABOC)","1"
"11900","15","Public Holidays & Special Traffic Plans","1"
"11901","0","Cricket","1"
"11902","0","Cricket","1"
"11903","1","General Sri Lanka News (Cyclone Ditwah relief, Rupee, Tourism)","1"
"11904","17","Healthcare Worker Strikes (GMOA)","1"
"11905","2","Arrests, Bribery & Corruption (CIABOC)","1"
"11906","0","Cricket","1"
"11907","0","Cricket","1"
"11908","14","US/China Trade & Tariffs","1"
"11909","1","General Sri Lanka News (Cyclone Ditwah relief, Rupee, Tourism)","1"
"11910","8","Electricity Tariffs & CEB","1"
"11911","6","Transport & Railways","1"
"11912","3","Violence, Shootings & Fatal Accidents","1"
"11913","2","Arrests, Bribery & Corruption (CIABOC)","1"
"11914","2","Arrests, Bribery & Corruption (CIABOC)","1"
"11915","0","Cricket","1"
"11916","10","Education & Examinations","1"
"11917","2","Arrests, Bribery & Corruption (CIABOC)","1"
"11918","0","Cricket","1"
"11919","2","Arrests, Bribery & Corruption (CIABOC)","1"
"11920","2","Arrests, Bribery & Corruption (CIABOC)","1"
"11921","0","Cricket","1"
"11922","0","Cricket","1"
"11923","2","Arrests, Bribery & Corruption (CIABOC)","1"
"11924","0","Cricket","1"
"11925","16","Stock Market (CSE)","1"
"11926","2","Arrests, Bribery & Corruption (CIABOC)","1"
"11927","11","Wildlife & Human-Elephant Conflict","1"
"11928","2","Arrests, Bribery & Corruption (CIABOC)","1"
"11929","2","Arrests, Bribery & Corruption (CIABOC)","1"
"11930","2","Arrests, Bribery & Corruption (CIABOC)","1"
"11931","2","Arrests, Bribery & Corruption (CIABOC)","1"
"11932","2","Arrests, Bribery & Corruption (CIABOC)","1"
"11933","7","Health & Dengue","1"
"11934","12","Consumer Prices & Food (Rice/CAA)","1"
"11935","5","Iran War & Geopolitics (Trump/Hormuz)","1"
"11936","2","Arrests, Bribery & Corruption (CIABOC)","1"
"11937","3","Violence, Shootings & Fatal Accidents","1"
"11938","0","Cricket","1"
"11939","3","Violence, Shootings & Fatal Accidents","1"
"11940","0","Cricket","1"
"11941","0","Cricket","1"
"11942","8","Electricity Tariffs & CEB","1"
"11943","3","Violence, Shootings & Fatal Accidents","1"
"11944","17","Healthcare Worker Strikes (GMOA)","1"
"11945","2","Arrests, Bribery & Corruption (CIABOC)","1"
"11946","0","Cricket","1"
"11947","6","Transport & Railways","1"
"11948","10","Education & Examinations","1"
"11949","2","Arrests, Bribery & Corruption (CIABOC)","1"
"11950","2","Arrests, Bribery & Corruption (CIABOC)","1"
"11951","10","Education & Examinations","1"
"11952","3","Violence, Shootings & Fatal Accidents","1"
"11953","7","Health & Dengue","1"
"11954","3","Violence, Shootings & Fatal Accidents","1"
"11955","14","US/China Trade & Tariffs","1"
"11956","0","Cricket","1"
"11957","0","Cricket","1"
"11958","9","Fuel & Oil Prices (CPC)","1"
"11959","3","Violence, Shootings & Fatal Accidents","1"
"11960","3","Violence, Shootings & Fatal Accidents","1"
"11961","18","Easter Sunday Attacks (Retrospective/Legal)","1"
"11962","0","Cricket","1"
"11963","2","Arrests, Bribery & Corruption (CIABOC)","1"
"11964","1","General Sri Lanka News (Cyclone Ditwah relief, Rupee, Tourism)","1"
"11965","1","General Sri Lanka News (Cyclone Ditwah relief, Rupee, Tourism)","1"
"11966","3","Violence, Shootings & Fatal Accidents","1"
"11967","3","Violence, Shootings & Fatal Accidents","1"
"11968","0","Cricket","1"
"11969","2","Arrests, Bribery & Corruption (CIABOC)","1"
"11970","5","Iran War & Geopolitics (Trump/Hormuz)","1"
"11971","15","Public Holidays & Special Traffic Plans","1"
"11972","10","Education & Examinations","1"
"11973","1","General Sri Lanka News (Cyclone Ditwah relief, Rupee, Tourism)","1"
"11974","3","Violence, Shootings & Fatal Accidents","1"
"11975","1","General Sri Lanka News (Cyclone Ditwah relief, Rupee, Tourism)","1"
"11976","1","General Sri Lanka News (Cyclone Ditwah relief, Rupee, Tourism)","1"
"11977","1","General Sri Lanka News (Cyclone Ditwah relief, Rupee, Tourism)","1"
"11978","1","General Sri Lanka News (Cyclone Ditwah relief, Rupee, Tourism)","1"
"11979","0","Cricket","1"
"11980","0","Cricket","1"
"11981","14","US/China Trade & Tariffs","1"
"11982","11","Wildlife & Human-Elephant Conflict","1"
"11983","16","Stock Market (CSE)","1"
"11984","0","Cricket","1"
"11985","1","General Sri Lanka News (Cyclone Ditwah relief, Rupee, Tourism)","1"
"11986","15","Public Holidays & Special Traffic Plans","1"
"11987","2","Arrests, Bribery & Corruption (CIABOC)","1"
"11988","1","General Sri Lanka News (Cyclone Ditwah relief, Rupee, Tourism)","1"
"11989","2","Arrests, Bribery & Corruption (CIABOC)","1"
"11990","14","US/China Trade & Tariffs","1"
"11991","2","Arrests, Bribery & Corruption (CIABOC)","1"
"11992","1","General Sri Lanka News (Cyclone Ditwah relief, Rupee, Tourism)","1"
"11993","5","Iran War & Geopolitics (Trump/Hormuz)","1"
"11994","2","Arrests, Bribery & Corruption (CIABOC)","1"
"11995","3","Violence, Shootings & Fatal Accidents","1"
"11996","8","Electricity Tariffs & CEB","1"
"11997","7","Health & Dengue","1"
"11998","15","Public Holidays & Special Traffic Plans","1"
"11999","2","Arrests, Bribery & Corruption (CIABOC)","1"
"12000","18","Easter Sunday Attacks (Retrospective/Legal)","1"
"12001","12","Consumer Prices & Food (Rice/CAA)","1"
"12002","3","Violence, Shootings & Fatal Accidents","1"
"12003","8","Electricity Tariffs & CEB","1"
"12004","12","Consumer Prices & Food (Rice/CAA)","1"
"12005","0","Cricket","1"
"12006","1","General Sri Lanka News (Cyclone Ditwah relief, Rupee, Tourism)","1"
"12007","1","General Sri Lanka News (Cyclone Ditwah relief, Rupee, Tourism)","1"
"12008","17","Healthcare Worker Strikes (GMOA)","1"
"12009","6","Transport & Railways","1"
"12010","0","Cricket","1"
"12011","15","Public Holidays & Special Traffic Plans","1"
"12012","2","Arrests, Bribery & Corruption (CIABOC)","1"
"12013","0","Cricket","1"
"12014","15","Public Holidays & Special Traffic Plans","1"
"12015","12","Consumer Prices & Food (Rice/CAA)","1"
"12016","7","Health & Dengue","1"
"12017","2","Arrests, Bribery & Corruption (CIABOC)","1"
"12018","2","Arrests, Bribery & Corruption (CIABOC)","1"
"12019","6","Transport & Railways","1"
"12020","0","Cricket","1"
"12021","1","General Sri Lanka News (Cyclone Ditwah relief, Rupee, Tourism)","1"
"12022","0","Cricket","1"
"12023","2","Arrests, Bribery & Corruption (CIABOC)","1"
"12024","4","Weather & Flood Warnings","1"
"12025","18","Easter Sunday Attacks (Retrospective/Legal)","1"
"12026","0","Cricket","1"
"12027","0","Cricket","1"
"12028","13","Media, Online Safety & News Digests","1"
"12029","2","Arrests, Bribery & Corruption (CIABOC)","1"
"12030","10","Education & Examinations","1"
"12031","0","Cricket","1"
"12032","0","Cricket","1"
"12033","1","General Sri Lanka News (Cyclone Ditwah relief, Rupee, Tourism)","1"
"12034","1","General Sri Lanka News (Cyclone Ditwah relief, Rupee, Tourism)","1"
"12035","6","Transport & Railways","1"
"12036","0","Cricket","1"
"12037","1","General Sri Lanka News (Cyclone Ditwah relief, Rupee, Tourism)","1"
"12038","1","General Sri Lanka News (Cyclone Ditwah relief, Rupee, Tourism)","1"
"12039","1","General Sri Lanka News (Cyclone Ditwah relief, Rupee, Tourism)","1"
"12040","1","General Sri Lanka News (Cyclone Ditwah relief, Rupee, Tourism)","1"
"12041","1","General Sri Lanka News (Cyclone Ditwah relief, Rupee, Tourism)","1"
"12042","6","Transport & Railways","1"
"12043","19","NASA & Space (Artemis)","1"
"12044","3","Violence, Shootings & Fatal Accidents","1"
"12045","17","Healthcare Worker Strikes (GMOA)","1"
"12046","0","Cricket","1"
"12047","4","Weather & Flood Warnings","1"
"12048","6","Transport & Railways","1"
"12049","0","Cricket","1"
"12050","1","General Sri Lanka News (Cyclone Ditwah relief, Rupee, Tourism)","1"
"12051","1","General Sri Lanka News (Cyclone Ditwah relief, Rupee, Tourism)","1"
"12052","15","Public Holidays & Special Traffic Plans","1"
"12053","3","Violence, Shootings & Fatal Accidents","1"
"12054","0","Cricket","1"
"12055","4","Weather & Flood Warnings","1"
"12056","2","Arrests, Bribery & Corruption (CIABOC)","1"
"12057","1","General Sri Lanka News (Cyclone Ditwah relief, Rupee, Tourism)","1"
"12058","3","Violence, Shootings & Fatal Accidents","1"
"12059","3","Violence, Shootings & Fatal Accidents","1"
"12060","12","Consumer Prices & Food (Rice/CAA)","1"
"12061","3","Violence, Shootings & Fatal Accidents","1"
"12062","0","Cricket","1"
"12063","0","Cricket","1"
"12064","2","Arrests, Bribery & Corruption (CIABOC)","1"
"12065","18","Easter Sunday Attacks (Retrospective/Legal)","1"
"12066","1","General Sri Lanka News (Cyclone Ditwah relief, Rupee, Tourism)","1"
"12067","0","Cricket","1"
"12068","1","General Sri Lanka News (Cyclone Ditwah relief, Rupee, Tourism)","1"
"12069","1","General Sri Lanka News (Cyclone Ditwah relief, Rupee, Tourism)","1"
"12070","0","Cricket","1"
"12071","7","Health & Dengue","1"
"12072","0","Cricket","1"
"12073","12","Consumer Prices & Food (Rice/CAA)","1"
"12074","2","Arrests, Bribery & Corruption (CIABOC)","1"
"12075","0","Cricket","1"
"12076","4","Weather & Flood Warnings","1"
"12077","15","Public Holidays & Special Traffic Plans","1"
"12078","2","Arrests, Bribery & Corruption (CIABOC)","1"
"12079","2","Arrests, Bribery & Corruption (CIABOC)","1"
"12080","5","Iran War & Geopolitics (Trump/Hormuz)","1"
"12081","3","Violence, Shootings & Fatal Accidents","1"
"12082","4","Weather & Flood Warnings","1"
"12083","1","General Sri Lanka News (Cyclone Ditwah relief, Rupee, Tourism)","1"
"12084","0","Cricket","1"
"12085","0","Cricket","1"
"12086","16","Stock Market (CSE)","1"
"12087","1","General Sri Lanka News (Cyclone Ditwah relief, Rupee, Tourism)","1"
"12088","8","Electricity Tariffs & CEB","1"
"12089","0","Cricket","1"
"12090","3","Violence, Shootings & Fatal Accidents","1"
"12091","16","Stock Market (CSE)","1"
"12092","17","Healthcare Worker Strikes (GMOA)","1"
"12093","0","Cricket","1"
"12094","1","General Sri Lanka News (Cyclone Ditwah relief, Rupee, Tourism)","1"
"12095","12","Consumer Prices & Food (Rice/CAA)","1"
"12096","0","Cricket","1"
"12097","8","Electricity Tariffs & CEB","1"
"12098","1","General Sri Lanka News (Cyclone Ditwah relief, Rupee, Tourism)","1"
"12099","1","General Sri Lanka News (Cyclone Ditwah relief, Rupee, Tourism)","1"
"12100","10","Education & Examinations","1"
"12101","2","Arrests, Bribery & Corruption (CIABOC)","1"
"12102","3","Violence, Shootings & Fatal Accidents","1"
"12103","1","General Sri Lanka News (Cyclone Ditwah relief, Rupee, Tourism)","1"
"12104","0","Cricket","1"
"12105","1","General Sri Lanka News (Cyclone Ditwah relief, Rupee, Tourism)","1"
"12106","2","Arrests, Bribery & Corruption (CIABOC)","1"
"12107","5","Iran War & Geopolitics (Trump/Hormuz)","1"
"12108","2","Arrests, Bribery & Corruption (CIABOC)","1"
"12109","1","General Sri Lanka News (Cyclone Ditwah relief, Rupee, Tourism)","1"
"12110","7","Health & Dengue","1"
"12111","18","Easter Sunday Attacks (Retrospective/Legal)","1"
"12112","2","Arrests, Bribery & Corruption (CIABOC)","1"
"12113","2","Arrests, Bribery & Corruption (CIABOC)","1"
"12114","0","Cricket","1"
"12115","1","General Sri Lanka News (Cyclone Ditwah relief, Rupee, Tourism)","1"
"12116","6","Transport & Railways","1"
"12117","1","General Sri Lanka News (Cyclone Ditwah relief, Rupee, Tourism)","1"
"12118","9","Fuel & Oil Prices (CPC)","1"
"12119","7","Health & Dengue","1"
"12120","15","Public Holidays & Special Traffic Plans","1"
"12121","1","General Sri Lanka News (Cyclone Ditwah relief, Rupee, Tourism)","1"
"12122","2","Arrests, Bribery & Corruption (CIABOC)","1"
"12123","0","Cricket","1"
"12124","0","Cricket","1"
"12125","1","General Sri Lanka News (Cyclone Ditwah relief, Rupee, Tourism)","1"
"12126","1","General Sri Lanka News (Cyclone Ditwah relief, Rupee, Tourism)","1"
"12127","18","Easter Sunday Attacks (Retrospective/Legal)","1"
"12128","0","Cricket","1"
"12129","9","Fuel & Oil Prices (CPC)","1"
"12130","1","General Sri Lanka News (Cyclone Ditwah relief, Rupee, Tourism)","1"
"12131","1","General Sri Lanka News (Cyclone Ditwah relief, Rupee, Tourism)","1"
"12132","2","Arrests, Bribery & Corruption (CIABOC)","1"
"12133","12","Consumer Prices & Food (Rice/CAA)","1"
"12134","0","Cricket","1"
"12135","2","Arrests, Bribery & Corruption (CIABOC)","1"
"12136","1","General Sri Lanka News (Cyclone Ditwah relief, Rupee, Tourism)","1"
"12137","1","General Sri Lanka News (Cyclone Ditwah relief, Rupee, Tourism)","1"
"12138","2","Arrests, Bribery & Corruption (CIABOC)","1"
"12139","0","Cricket","1"
"12140","3","Violence, Shootings & Fatal Accidents","1"
"12141","4","Weather & Flood Warnings","1"
"12142","6","Transport & Railways","1"
"12143","3","Violence, Shootings & Fatal Accidents","1"
"12144","12","Consumer Prices & Food (Rice/CAA)","1"
"12145","5","Iran War & Geopolitics (Trump/Hormuz)","1"
"12146","0","Cricket","1"
"12147","1","General Sri Lanka News (Cyclone Ditwah relief, Rupee, Tourism)","1"
"12148","11","Wildlife & Human-Elephant Conflict","1"
"12149","11","Wildlife & Human-Elephant Conflict","1"
"12150","0","Cricket","1"
"12151","1","General Sri Lanka News (Cyclone Ditwah relief, Rupee, Tourism)","1"
"12152","1","General Sri Lanka News (Cyclone Ditwah relief, Rupee, Tourism)","1"
"12153","7","Health & Dengue","1"
"12154","15","Public Holidays & Special Traffic Plans","1"
"12155","1","General Sri Lanka News (Cyclone Ditwah relief, Rupee, Tourism)","1"
"12156","3","Violence, Shootings & Fatal Accidents","1"
"12157","2","Arrests, Bribery & Corruption (CIABOC)","1"
"12158","2","Arrests, Bribery & Corruption (CIABOC)","1"
"12159","0","Cricket","1"
"12160","1","General Sri Lanka News (Cyclone Ditwah relief, Rupee, Tourism)","1"
"12161","7","Health & Dengue","1"
"12162","1","General Sri Lanka News (Cyclone Ditwah relief, Rupee, Tourism)","1"
"12163","23","Elon Musk & Global Business News","1"
"12164","5","Iran War & Geopolitics (Trump/Hormuz)","1"
"12165","13","Media, Online Safety & News Digests","1"
"12166","18","Easter Sunday Attacks (Retrospective/Legal)","1"
"12167","0","Cricket","1"
"12168","2","Arrests, Bribery & Corruption (CIABOC)","1"
"12169","1","General Sri Lanka News (Cyclone Ditwah relief, Rupee, Tourism)","1"
"12170","19","NASA & Space (Artemis)","1"
"12171","0","Cricket","1"
"12172","4","Weather & Flood Warnings","1"
"12173","8","Electricity Tariffs & CEB","1"
"12174","18","Easter Sunday Attacks (Retrospective/Legal)","1"
"12175","5","Iran War & Geopolitics (Trump/Hormuz)","1"
"12176","1","General Sri Lanka News (Cyclone Ditwah relief, Rupee, Tourism)","1"
"12177","1","General Sri Lanka News (Cyclone Ditwah relief, Rupee, Tourism)","1"
"12178","13","Media, Online Safety & News Digests","1"
"12179","1","General Sri Lanka News (Cyclone Ditwah relief, Rupee, Tourism)","1"
"12180","6","Transport & Railways","1"
"12181","0","Cricket","1"
"12182","0","Cricket","1"
"12183","18","Easter Sunday Attacks (Retrospective/Legal)","1"
"12184","1","General Sri Lanka News (Cyclone Ditwah relief, Rupee, Tourism)","1"
"12185","3","Violence, Shootings & Fatal Accidents","1"
"12186","2","Arrests, Bribery & Corruption (CIABOC)","1"
"12187","1","General Sri Lanka News (Cyclone Ditwah relief, Rupee, Tourism)","1"
"12188","3","Violence, Shootings & Fatal Accidents","1"
"12189","1","General Sri Lanka News (Cyclone Ditwah relief, Rupee, Tourism)","1"
"12190","15","Public Holidays & Special Traffic Plans","1"
"12191","2","Arrests, Bribery & Corruption (CIABOC)","1"
"12192","2","Arrests, Bribery & Corruption (CIABOC)","1"
"12193","8","Electricity Tariffs & CEB","1"
"12194","2","Arrests, Bribery & Corruption (CIABOC)","1"
"12195","2","Arrests, Bribery & Corruption (CIABOC)","1"
"12196","1","General Sri Lanka News (Cyclone Ditwah relief, Rupee, Tourism)","1"
"12197","11","Wildlife & Human-Elephant Conflict","1"
"12198","10","Education & Examinations","1"
"12199","15","Public Holidays & Special Traffic Plans","1"
"12200","3","Violence, Shootings & Fatal Accidents","1"
"12201","4","Weather & Flood Warnings","1"
"12202","7","Health & Dengue","1"
"12203","21","AI & Digital Education","1"
"12204","1","General Sri Lanka News (Cyclone Ditwah relief, Rupee, Tourism)","1"
"12205","2","Arrests, Bribery & Corruption (CIABOC)","1"
"12206","15","Public Holidays & Special Traffic Plans","1"
"12207","1","General Sri Lanka News (Cyclone Ditwah relief, Rupee, Tourism)","1"
"12208","8","Electricity Tariffs & CEB","1"
"12209","1","General Sri Lanka News (Cyclone Ditwah relief, Rupee, Tourism)","1"
"12210","1","General Sri Lanka News (Cyclone Ditwah relief, Rupee, Tourism)","1"
"12211","2","Arrests, Bribery & Corruption (CIABOC)","1"
"12212","2","Arrests, Bribery & Corruption (CIABOC)","1"
"12213","6","Transport & Railways","1"
"12214","8","Electricity Tariffs & CEB","1"
"12215","1","General Sri Lanka News (Cyclone Ditwah relief, Rupee, Tourism)","1"
"12216","3","Violence, Shootings & Fatal Accidents","1"
"12217","0","Cricket","1"
"12218","3","Violence, Shootings & Fatal Accidents","1"
"12219","1","General Sri Lanka News (Cyclone Ditwah relief, Rupee, Tourism)","1"
"12220","0","Cricket","1"
"12221","0","Cricket","1"
"12222","0","Cricket","1"
"12223","0","Cricket","1"
"12224","6","Transport & Railways","1"
"12225","0","Cricket","1"
"12226","1","General Sri Lanka News (Cyclone Ditwah relief, Rupee, Tourism)","1"
"12227","12","Consumer Prices & Food (Rice/CAA)","1"
"12228","1","General Sri Lanka News (Cyclone Ditwah relief, Rupee, Tourism)","1"
"12229","0","Cricket","1"
"12230","1","General Sri Lanka News (Cyclone Ditwah relief, Rupee, Tourism)","1"
"12231","1","General Sri Lanka News (Cyclone Ditwah relief, Rupee, Tourism)","1"
"12232","0","Cricket","1"
"12233","1","General Sri Lanka News (Cyclone Ditwah relief, Rupee, Tourism)","1"
"12234","1","General Sri Lanka News (Cyclone Ditwah relief, Rupee, Tourism)","1"
"12235","6","Transport & Railways","1"
"12236","1","General Sri Lanka News (Cyclone Ditwah relief, Rupee, Tourism)","1"
"12237","3","Violence, Shootings & Fatal Accidents","1"
"12238","1","General Sri Lanka News (Cyclone Ditwah relief, Rupee, Tourism)","1"
"12239","1","General Sri Lanka News (Cyclone Ditwah relief, Rupee, Tourism)","1"
"12240","1","General Sri Lanka News (Cyclone Ditwah relief, Rupee, Tourism)","1"
"12241","16","Stock Market (CSE)","1"
"12242","1","General Sri Lanka News (Cyclone Ditwah relief, Rupee, Tourism)","1"
"12243","1","General Sri Lanka News (Cyclone Ditwah relief, Rupee, Tourism)","1"
"12244","1","General Sri Lanka News (Cyclone Ditwah relief, Rupee, Tourism)","1"
"12245","6","Transport & Railways","1"
"12246","6","Transport & Railways","1"
"12247","3","Violence, Shootings & Fatal Accidents","1"
"12248","6","Transport & Railways","1"
"12249","3","Violence, Shootings & Fatal Accidents","1"
"12250","3","Violence, Shootings & Fatal Accidents","1"
"12251","5","Iran War & Geopolitics (Trump/Hormuz)","1"
"12252","3","Violence, Shootings & Fatal Accidents","1"
"12253","3","Violence, Shootings & Fatal Accidents","1"
"12254","15","Public Holidays & Special Traffic Plans","1"
"12255","0","Cricket","1"
"12256","3","Violence, Shootings & Fatal Accidents","1"
"12257","4","Weather & Flood Warnings","1"
"12258","3","Violence, Shootings & Fatal Accidents","1"
"12259","6","Transport & Railways","1"
"12260","7","Health & Dengue","1"
"12261","5","Iran War & Geopolitics (Trump/Hormuz)","1"
"12262","4","Weather & Flood Warnings","1"
"12263","3","Violence, Shootings & Fatal Accidents","1"
"12264","6","Transport & Railways","1"
"12265","3","Violence, Shootings & Fatal Accidents","1"
"12266","6","Transport & Railways","1"
"12267","5","Iran War & Geopolitics (Trump/Hormuz)","1"
"12268","2","Arrests, Bribery & Corruption (CIABOC)","1"
"12269","15","Public Holidays & Special Traffic Plans","1"
"12270","5","Iran War & Geopolitics (Trump/Hormuz)","1"
"12271","15","Public Holidays & Special Traffic Plans","1"
"12272","15","Public Holidays & Special Traffic Plans","1"
"12273","6","Transport & Railways","1"
"12274","6","Transport & Railways","1"
"12275","15","Public Holidays & Special Traffic Plans","1"
"12276","6","Transport & Railways","1"
"12277","2","Arrests, Bribery & Corruption (CIABOC)","1"
"12278","0","Cricket","1"
"12279","11","Wildlife & Human-Elephant Conflict","1"
"12280","3","Violence, Shootings & Fatal Accidents","1"
"12281","5","Iran War & Geopolitics (Trump/Hormuz)","1"
"12282","15","Public Holidays & Special Traffic Plans","1"
"12283","10","Education & Examinations","1"
"12284","12","Consumer Prices & Food (Rice/CAA)","1"
"12285","15","Public Holidays & Special Traffic Plans","1"
"12286","4","Weather & Flood Warnings","1"
"12287","1","General Sri Lanka News (Cyclone Ditwah relief, Rupee, Tourism)","1"
"12288","6","Transport & Railways","1"
"12289","1","General Sri Lanka News (Cyclone Ditwah relief, Rupee, Tourism)","1"
"12290","3","Violence, Shootings & Fatal Accidents","1"
"12291","0","Cricket","1"
"12292","7","Health & Dengue","1"
"12293","1","General Sri Lanka News (Cyclone Ditwah relief, Rupee, Tourism)","1"
"12294","1","General Sri Lanka News (Cyclone Ditwah relief, Rupee, Tourism)","1"
"12295","13","Media, Online Safety & News Digests","1"
"12296","2","Arrests, Bribery & Corruption (CIABOC)","1"
"12297","22","Liquor Shop Regulations","1"
"12298","1","General Sri Lanka News (Cyclone Ditwah relief, Rupee, Tourism)","1"
"12299","10","Education & Examinations","1"
"12300","2","Arrests, Bribery & Corruption (CIABOC)","1"
"12301","2","Arrests, Bribery & Corruption (CIABOC)","1"
"12302","7","Health & Dengue","1"
"12303","22","Liquor Shop Regulations","1"
"12304","3","Violence, Shootings & Fatal Accidents","1"
"12305","9","Fuel & Oil Prices (CPC)","1"
"12306","12","Consumer Prices & Food (Rice/CAA)","1"
"12307","17","Healthcare Worker Strikes (GMOA)","1"
"12308","4","Weather & Flood Warnings","1"
"12309","0","Cricket","1"
"12310","2","Arrests, Bribery & Corruption (CIABOC)","1"
"12311","8","Electricity Tariffs & CEB","1"
"12312","12","Consumer Prices & Food (Rice/CAA)","1"
"12313","12","Consumer Prices & Food (Rice/CAA)","1"
"12314","13","Media, Online Safety & News Digests","1"
"12315","3","Violence, Shootings & Fatal Accidents","1"
"12316","1","General Sri Lanka News (Cyclone Ditwah relief, Rupee, Tourism)","1"
"12317","6","Transport & Railways","1"
"12318","12","Consumer Prices & Food (Rice/CAA)","1"
"12319","0","Cricket","1"
"12320","2","Arrests, Bribery & Corruption (CIABOC)","1"
"12321","8","Electricity Tariffs & CEB","1"
"12322","2","Arrests, Bribery & Corruption (CIABOC)","1"
"12323","1","General Sri Lanka News (Cyclone Ditwah relief, Rupee, Tourism)","1"
"12324","3","Violence, Shootings & Fatal Accidents","1"
"12325","12","Consumer Prices & Food (Rice/CAA)","1"
"12326","6","Transport & Railways","1"
"12327","1","General Sri Lanka News (Cyclone Ditwah relief, Rupee, Tourism)","1"
"12328","1","General Sri Lanka News (Cyclone Ditwah relief, Rupee, Tourism)","1"
"12329","0","Cricket","1"
"12330","9","Fuel & Oil Prices (CPC)","1"
"12331","2","Arrests, Bribery & Corruption (CIABOC)","1"
"12332","0","Cricket","1"
"12333","14","US/China Trade & Tariffs","1"
"12334","15","Public Holidays & Special Traffic Plans","1"
"12335","0","Cricket","1"
"12336","2","Arrests, Bribery & Corruption (CIABOC)","1"
"12337","1","General Sri Lanka News (Cyclone Ditwah relief, Rupee, Tourism)","1"
"12338","0","Cricket","1"
"12339","4","Weather & Flood Warnings","1"
"12340","23","Elon Musk & Global Business News","1"
"12341","1","General Sri Lanka News (Cyclone Ditwah relief, Rupee, Tourism)","1"
"12342","0","Cricket","1"
"12343","15","Public Holidays & Special Traffic Plans","1"
"12344","0","Cricket","1"
"12345","1","General Sri Lanka News (Cyclone Ditwah relief, Rupee, Tourism)","1"
"12346","0","Cricket","1"
"12347","2","Arrests, Bribery & Corruption (CIABOC)","1"
"12348","0","Cricket","1"
"12349","15","Public Holidays & Special Traffic Plans","1"
"12350","7","Health & Dengue","1"
"12351","22","Liquor Shop Regulations","1"
"12352","1","General Sri Lanka News (Cyclone Ditwah relief, Rupee, Tourism)","1"
"12353","3","Violence, Shootings & Fatal Accidents","1"
"12354","0","Cricket","1"
"12355","14","US/China Trade & Tariffs","1"
"12356","1","General Sri Lanka News (Cyclone Ditwah relief, Rupee, Tourism)","1"
"12357","1","General Sri Lanka News (Cyclone Ditwah relief, Rupee, Tourism)","1"
"12358","6","Transport & Railways","1"
"12359","6","Transport & Railways","1"
"12360","15","Public Holidays & Special Traffic Plans","1"
"12361","2","Arrests, Bribery & Corruption (CIABOC)","1"
"12362","0","Cricket","1"
"12363","0","Cricket","1"
"12364","2","Arrests, Bribery & Corruption (CIABOC)","1"
"12365","15","Public Holidays & Special Traffic Plans","1"
"12366","0","Cricket","1"
"12367","0","Cricket","1"
"12368","6","Transport & Railways","1"
"12369","10","Education & Examinations","1"
"12370","1","General Sri Lanka News (Cyclone Ditwah relief, Rupee, Tourism)","1"
"12371","1","General Sri Lanka News (Cyclone Ditwah relief, Rupee, Tourism)","1"
"12372","10","Education & Examinations","1"
"12373","0","Cricket","1"
"12374","10","Education & Examinations","1"
"12375","4","Weather & Flood Warnings","1"
"12376","0","Cricket","1"
"12377","0","Cricket","1"
"12378","1","General Sri Lanka News (Cyclone Ditwah relief, Rupee, Tourism)","1"
"12379","15","Public Holidays & Special Traffic Plans","1"
"12380","12","Consumer Prices & Food (Rice/CAA)","1"
"12381","1","General Sri Lanka News (Cyclone Ditwah relief, Rupee, Tourism)","1"
"12382","2","Arrests, Bribery & Corruption (CIABOC)","1"
"12383","6","Transport & Railways","1"
"12384","1","General Sri Lanka News (Cyclone Ditwah relief, Rupee, Tourism)","1"
"12385","15","Public Holidays & Special Traffic Plans","1"
"12386","0","Cricket","1"
"12387","3","Violence, Shootings & Fatal Accidents","1"
"12388","15","Public Holidays & Special Traffic Plans","1"
"12389","12","Consumer Prices & Food (Rice/CAA)","1"
"12390","0","Cricket","1"
"12391","0","Cricket","1"
"12392","0","Cricket","1"
"12393","9","Fuel & Oil Prices (CPC)","1"
"12394","1","General Sri Lanka News (Cyclone Ditwah relief, Rupee, Tourism)","1"
"12395","7","Health & Dengue","1"
"12396","8","Electricity Tariffs & CEB","1"
"12397","0","Cricket","1"
"12398","3","Violence, Shootings & Fatal Accidents","1"
"12399","2","Arrests, Bribery & Corruption (CIABOC)","1"
"12400","0","Cricket","1"
"12401","3","Violence, Shootings & Fatal Accidents","1"
"12402","8","Electricity Tariffs & CEB","1"
"12403","3","Violence, Shootings & Fatal Accidents","1"
"12404","0","Cricket","1"
"12405","1","General Sri Lanka News (Cyclone Ditwah relief, Rupee, Tourism)","1"
"12406","1","General Sri Lanka News (Cyclone Ditwah relief, Rupee, Tourism)","1"
"12407","1","General Sri Lanka News (Cyclone Ditwah relief, Rupee, Tourism)","1"
"12408","14","US/China Trade & Tariffs","1"
"12409","22","Liquor Shop Regulations","1"
"12410","1","General Sri Lanka News (Cyclone Ditwah relief, Rupee, Tourism)","1"
"12411","1","General Sri Lanka News (Cyclone Ditwah relief, Rupee, Tourism)","1"
"12412","3","Violence, Shootings & Fatal Accidents","1"
"12413","15","Public Holidays & Special Traffic Plans","1"
"12414","1","General Sri Lanka News (Cyclone Ditwah relief, Rupee, Tourism)","1"
"12415","2","Arrests, Bribery & Corruption (CIABOC)","1"
"12416","15","Public Holidays & Special Traffic Plans","1"
"12417","2","Arrests, Bribery & Corruption (CIABOC)","1"
"12418","0","Cricket","1"
"12419","12","Consumer Prices & Food (Rice/CAA)","1"
"12420","1","General Sri Lanka News (Cyclone Ditwah relief, Rupee, Tourism)","1"
"12421","3","Violence, Shootings & Fatal Accidents","1"
"12422","1","General Sri Lanka News (Cyclone Ditwah relief, Rupee, Tourism)","1"
"12423","1","General Sri Lanka News (Cyclone Ditwah relief, Rupee, Tourism)","1"
"12424","1","General Sri Lanka News (Cyclone Ditwah relief, Rupee, Tourism)","1"
"12425","0","Cricket","1"
"12426","4","Weather & Flood Warnings","1"
"12427","1","General Sri Lanka News (Cyclone Ditwah relief, Rupee, Tourism)","1"
"12428","0","Cricket","1"
"12429","18","Easter Sunday Attacks (Retrospective/Legal)","1"
"12430","2","Arrests, Bribery & Corruption (CIABOC)","1"
"12431","1","General Sri Lanka News (Cyclone Ditwah relief, Rupee, Tourism)","1"
"12432","0","Cricket","1"
"12433","0","Cricket","1"
"12434","0","Cricket","1"
"12435","1","General Sri Lanka News (Cyclone Ditwah relief, Rupee, Tourism)","1"
"12436","0","Cricket","1"
"12437","5","Iran War & Geopolitics (Trump/Hormuz)","1"
"12438","2","Arrests, Bribery & Corruption (CIABOC)","1"
"12439","7","Health & Dengue","1"
"12440","3","Violence, Shootings & Fatal Accidents","1"
"12441","2","Arrests, Bribery & Corruption (CIABOC)","1"
"12442","0","Cricket","1"
"12443","1","General Sri Lanka News (Cyclone Ditwah relief, Rupee, Tourism)","1"
"12444","0","Cricket","1"
"12445","3","Violence, Shootings & Fatal Accidents","1"
"12446","15","Public Holidays & Special Traffic Plans","1"
"12447","1","General Sri Lanka News (Cyclone Ditwah relief, Rupee, Tourism)","1"
"12448","2","Arrests, Bribery & Corruption (CIABOC)","1"
"12449","1","General Sri Lanka News (Cyclone Ditwah relief, Rupee, Tourism)","1"
"12450","3","Violence, Shootings & Fatal Accidents","1"
"12451","13","Media, Online Safety & News Digests","1"
"12452","2","Arrests, Bribery & Corruption (CIABOC)","1"
"12453","0","Cricket","1"
"12454","15","Public Holidays & Special Traffic Plans","1"
"12455","15","Public Holidays & Special Traffic Plans","1"
"12456","13","Media, Online Safety & News Digests","1"
"12457","17","Healthcare Worker Strikes (GMOA)","1"
"12458","2","Arrests, Bribery & Corruption (CIABOC)","1"
"12459","0","Cricket","1"
"12460","0","Cricket","1"
"12461","6","Transport & Railways","1"
"12462","15","Public Holidays & Special Traffic Plans","1"
"12463","15","Public Holidays & Special Traffic Plans","1"
"12464","3","Violence, Shootings & Fatal Accidents","1"
"12465","0","Cricket","1"
"12466","6","Transport & Railways","1"
"12467","10","Education & Examinations","1"
"12468","23","Elon Musk & Global Business News","1"
"12469","0","Cricket","1"
"12470","1","General Sri Lanka News (Cyclone Ditwah relief, Rupee, Tourism)","1"
"12471","1","General Sri Lanka News (Cyclone Ditwah relief, Rupee, Tourism)","1"
"12472","1","General Sri Lanka News (Cyclone Ditwah relief, Rupee, Tourism)","1"
"12473","6","Transport & Railways","1"
"12474","2","Arrests, Bribery & Corruption (CIABOC)","1"
"12475","1","General Sri Lanka News (Cyclone Ditwah relief, Rupee, Tourism)","1"
"12476","7","Health & Dengue","1"
"12477","3","Violence, Shootings & Fatal Accidents","1"
"12478","0","Cricket","1"
"12479","1","General Sri Lanka News (Cyclone Ditwah relief, Rupee, Tourism)","1"
"12480","6","Transport & Railways","1"
"12481","17","Healthcare Worker Strikes (GMOA)","1"
"12482","6","Transport & Railways","1"
"12483","0","Cricket","1"
"12484","7","Health & Dengue","1"
"12485","2","Arrests, Bribery & Corruption (CIABOC)","1"
"12486","2","Arrests, Bribery & Corruption (CIABOC)","1"
"12487","18","Easter Sunday Attacks (Retrospective/Legal)","1"
"12488","1","General Sri Lanka News (Cyclone Ditwah relief, Rupee, Tourism)","1"
"12489","8","Electricity Tariffs & CEB","1"
"12490","10","Education & Examinations","1"
"12491","1","General Sri Lanka News (Cyclone Ditwah relief, Rupee, Tourism)","1"
"12492","6","Transport & Railways","1"
"12493","4","Weather & Flood Warnings","1"
"12494","2","Arrests, Bribery & Corruption (CIABOC)","1"
"12495","0","Cricket","1"
"12496","1","General Sri Lanka News (Cyclone Ditwah relief, Rupee, Tourism)","1"
"12497","1","General Sri Lanka News (Cyclone Ditwah relief, Rupee, Tourism)","1"
"12498","1","General Sri Lanka News (Cyclone Ditwah relief, Rupee, Tourism)","1"
"12499","17","Healthcare Worker Strikes (GMOA)","1"
"12500","3","Violence, Shootings & Fatal Accidents","1"
"12501","0","Cricket","1"
"12502","6","Transport & Railways","1"
"12503","10","Education & Examinations","1"
"12504","3","Violence, Shootings & Fatal Accidents","1"
"12505","8","Electricity Tariffs & CEB","1"
"12506","8","Electricity Tariffs & CEB","1"
"12507","1","General Sri Lanka News (Cyclone Ditwah relief, Rupee, Tourism)","1"
"12508","1","General Sri Lanka News (Cyclone Ditwah relief, Rupee, Tourism)","1"
"12509","22","Liquor Shop Regulations","1"
"12510","0","Cricket","1"
"12511","0","Cricket","1"
"12512","1","General Sri Lanka News (Cyclone Ditwah relief, Rupee, Tourism)","1"
"12513","10","Education & Examinations","1"
"12514","1","General Sri Lanka News (Cyclone Ditwah relief, Rupee, Tourism)","1"
"12515","2","Arrests, Bribery & Corruption (CIABOC)","1"
"12516","0","Cricket","1"
"12517","22","Liquor Shop Regulations","1"
"12518","2","Arrests, Bribery & Corruption (CIABOC)","1"
"12519","2","Arrests, Bribery & Corruption (CIABOC)","1"
"12520","6","Transport & Railways","1"
"12521","1","General Sri Lanka News (Cyclone Ditwah relief, Rupee, Tourism)","1"
"12522","1","General Sri Lanka News (Cyclone Ditwah relief, Rupee, Tourism)","1"
"12523","0","Cricket","1"
"12524","1","General Sri Lanka News (Cyclone Ditwah relief, Rupee, Tourism)","1"
"12525","1","General Sri Lanka News (Cyclone Ditwah relief, Rupee, Tourism)","1"
"12526","1","General Sri Lanka News (Cyclone Ditwah relief, Rupee, Tourism)","1"
"12527","12","Consumer Prices & Food (Rice/CAA)","1"
"12528","9","Fuel & Oil Prices (CPC)","1"
"12529","8","Electricity Tariffs & CEB","1"
"12530","2","Arrests, Bribery & Corruption (CIABOC)","1"
"12531","1","General Sri Lanka News (Cyclone Ditwah relief, Rupee, Tourism)","1"
"12532","1","General Sri Lanka News (Cyclone Ditwah relief, Rupee, Tourism)","1"
"12533","2","Arrests, Bribery & Corruption (CIABOC)","1"
"12534","2","Arrests, Bribery & Corruption (CIABOC)","1"
"12535","3","Violence, Shootings & Fatal Accidents","1"
"12536","8","Electricity Tariffs & CEB","1"
"12537","8","Electricity Tariffs & CEB","1"
"12538","9","Fuel & Oil Prices (CPC)","1"
"12539","0","Cricket","1"
"12540","1","General Sri Lanka News (Cyclone Ditwah relief, Rupee, Tourism)","1"
"12541","1","General Sri Lanka News (Cyclone Ditwah relief, Rupee, Tourism)","1"
"12542","1","General Sri Lanka News (Cyclone Ditwah relief, Rupee, Tourism)","1"
"12543","0","Cricket","1"
"12544","1","General Sri Lanka News (Cyclone Ditwah relief, Rupee, Tourism)","1"
"12545","2","Arrests, Bribery & Corruption (CIABOC)","1"
"12546","0","Cricket","1"
"12547","7","Health & Dengue","1"
"12548","0","Cricket","1"
"12549","6","Transport & Railways","1"
"12550","2","Arrests, Bribery & Corruption (CIABOC)","1"
"12551","8","Electricity Tariffs & CEB","1"
"12552","8","Electricity Tariffs & CEB","1"
"12553","2","Arrests, Bribery & Corruption (CIABOC)","1"
"12554","0","Cricket","1"
"12555","3","Violence, Shootings & Fatal Accidents","1"
"12556","2","Arrests, Bribery & Corruption (CIABOC)","1"
"12557","4","Weather & Flood Warnings","1"
"12558","3","Violence, Shootings & Fatal Accidents","1"
"12559","7","Health & Dengue","1"
"12560","0","Cricket","1"
"12561","1","General Sri Lanka News (Cyclone Ditwah relief, Rupee, Tourism)","1"
"12562","7","Health & Dengue","1"
"12563","7","Health & Dengue","1"
"12564","12","Consumer Prices & Food (Rice/CAA)","1"
"12565","16","Stock Market (CSE)","1"
"12566","8","Electricity Tariffs & CEB","1"
"12567","1","General Sri Lanka News (Cyclone Ditwah relief, Rupee, Tourism)","1"
"12568","2","Arrests, Bribery & Corruption (CIABOC)","1"
"12569","15","Public Holidays & Special Traffic Plans","1"
"12570","0","Cricket","1"
"12571","0","Cricket","1"
"12572","2","Arrests, Bribery & Corruption (CIABOC)","1"
"12573","2","Arrests, Bribery & Corruption (CIABOC)","1"
"12574","2","Arrests, Bribery & Corruption (CIABOC)","1"
"12575","13","Media, Online Safety & News Digests","1"
"12576","0","Cricket","1"
"12577","12","Consumer Prices & Food (Rice/CAA)","1"
"12578","3","Violence, Shootings & Fatal Accidents","1"
"12579","0","Cricket","1"
"12580","3","Violence, Shootings & Fatal Accidents","1"
"12581","12","Consumer Prices & Food (Rice/CAA)","1"
"12582","18","Easter Sunday Attacks (Retrospective/Legal)","1"
"12583","0","Cricket","1"
"12584","2","Arrests, Bribery & Corruption (CIABOC)","1"
"12585","2","Arrests, Bribery & Corruption (CIABOC)","1"
"12586","3","Violence, Shootings & Fatal Accidents","1"
"12587","3","Violence, Shootings & Fatal Accidents","1"
"12588","1","General Sri Lanka News (Cyclone Ditwah relief, Rupee, Tourism)","1"
"12589","0","Cricket","1"
"12590","1","General Sri Lanka News (Cyclone Ditwah relief, Rupee, Tourism)","1"
"12591","8","Electricity Tariffs & CEB","1"
"12592","1","General Sri Lanka News (Cyclone Ditwah relief, Rupee, Tourism)","1"
"12593","8","Electricity Tariffs & CEB","1"
"12594","12","Consumer Prices & Food (Rice/CAA)","1"
"12595","12","Consumer Prices & Food (Rice/CAA)","1"
"12596","22","Liquor Shop Regulations","1"
"12597","14","US/China Trade & Tariffs","1"
"12598","2","Arrests, Bribery & Corruption (CIABOC)","1"
"12599","0","Cricket","1"
"12600","3","Violence, Shootings & Fatal Accidents","1"
"12601","0","Cricket","1"
"12602","0","Cricket","1"
"12603","2","Arrests, Bribery & Corruption (CIABOC)","1"
"12604","2","Arrests, Bribery & Corruption (CIABOC)","1"
"12605","10","Education & Examinations","1"
"12606","0","Cricket","1"
"12607","7","Health & Dengue","1"
"12608","2","Arrests, Bribery & Corruption (CIABOC)","1"
"12609","7","Health & Dengue","1"
"12610","4","Weather & Flood Warnings","1"
"12611","7","Health & Dengue","1"
"12612","8","Electricity Tariffs & CEB","1"
"12613","0","Cricket","1"
"12614","14","US/China Trade & Tariffs","1"
"12615","0","Cricket","1"
"12616","1","General Sri Lanka News (Cyclone Ditwah relief, Rupee, Tourism)","1"
"12617","1","General Sri Lanka News (Cyclone Ditwah relief, Rupee, Tourism)","1"
"12618","0","Cricket","1"
"12619","1","General Sri Lanka News (Cyclone Ditwah relief, Rupee, Tourism)","1"
"12620","17","Healthcare Worker Strikes (GMOA)","1"
"12621","8","Electricity Tariffs & CEB","1"
"12622","0","Cricket","1"
"12623","1","General Sri Lanka News (Cyclone Ditwah relief, Rupee, Tourism)","1"
"12624","0","Cricket","1"
"12625","0","Cricket","1"
"12626","15","Public Holidays & Special Traffic Plans","1"
"12627","0","Cricket","1"
"12628","8","Electricity Tariffs & CEB","1"
"12629","0","Cricket","1"
"12630","1","General Sri Lanka News (Cyclone Ditwah relief, Rupee, Tourism)","1"
"12631","6","Transport & Railways","1"
"12632","3","Violence, Shootings & Fatal Accidents","1"
"12633","8","Electricity Tariffs & CEB","1"
"12634","2","Arrests, Bribery & Corruption (CIABOC)","1"
"12635","1","General Sri Lanka News (Cyclone Ditwah relief, Rupee, Tourism)","1"
"12636","3","Violence, Shootings & Fatal Accidents","1"
"12637","2","Arrests, Bribery & Corruption (CIABOC)","1"
"12638","2","Arrests, Bribery & Corruption (CIABOC)","1"
"12639","2","Arrests, Bribery & Corruption (CIABOC)","1"
"12640","17","Healthcare Worker Strikes (GMOA)","1"
"12641","0","Cricket","1"
"12642","8","Electricity Tariffs & CEB","1"
"12643","12","Consumer Prices & Food (Rice/CAA)","1"
"12644","6","Transport & Railways","1"
"12645","18","Easter Sunday Attacks (Retrospective/Legal)","1"
"12646","0","Cricket","1"
"12647","0","Cricket","1"
"12648","10","Education & Examinations","1"
"12649","0","Cricket","1"
"12650","2","Arrests, Bribery & Corruption (CIABOC)","1"
"12651","4","Weather & Flood Warnings","1"
"12652","5","Iran War & Geopolitics (Trump/Hormuz)","1"
"12653","2","Arrests, Bribery & Corruption (CIABOC)","1"
"12654","1","General Sri Lanka News (Cyclone Ditwah relief, Rupee, Tourism)","1"
"12655","7","Health & Dengue","1"
"12656","0","Cricket","1"
"12657","6","Transport & Railways","1"
"12658","18","Easter Sunday Attacks (Retrospective/Legal)","1"
"12659","2","Arrests, Bribery & Corruption (CIABOC)","1"
"12660","6","Transport & Railways","1"
"12661","2","Arrests, Bribery & Corruption (CIABOC)","1"
"12662","15","Public Holidays & Special Traffic Plans","1"
"12663","12","Consumer Prices & Food (Rice/CAA)","1"
"12664","12","Consumer Prices & Food (Rice/CAA)","1"
"12665","2","Arrests, Bribery & Corruption (CIABOC)","1"
"12666","12","Consumer Prices & Food (Rice/CAA)","1"
"12667","1","General Sri Lanka News (Cyclone Ditwah relief, Rupee, Tourism)","1"
"12668","17","Healthcare Worker Strikes (GMOA)","1"
"12669","1","General Sri Lanka News (Cyclone Ditwah relief, Rupee, Tourism)","1"
"12670","2","Arrests, Bribery & Corruption (CIABOC)","1"
"12671","14","US/China Trade & Tariffs","1"
"12672","4","Weather & Flood Warnings","1"
"12673","18","Easter Sunday Attacks (Retrospective/Legal)","1"
"12674","1","General Sri Lanka News (Cyclone Ditwah relief, Rupee, Tourism)","1"
"12675","1","General Sri Lanka News (Cyclone Ditwah relief, Rupee, Tourism)","1"
"12676","1","General Sri Lanka News (Cyclone Ditwah relief, Rupee, Tourism)","1"
"12677","1","General Sri Lanka News (Cyclone Ditwah relief, Rupee, Tourism)","1"
"12678","0","Cricket","1"
"12679","7","Health & Dengue","1"
"12680","3","Violence, Shootings & Fatal Accidents","1"
"12681","0","Cricket","1"
"12682","10","Education & Examinations","1"
"12683","3","Violence, Shootings & Fatal Accidents","1"
"12684","18","Easter Sunday Attacks (Retrospective/Legal)","1"
"12685","12","Consumer Prices & Food (Rice/CAA)","1"
"12686","0","Cricket","1"
"12687","18","Easter Sunday Attacks (Retrospective/Legal)","1"
"12688","12","Consumer Prices & Food (Rice/CAA)","1"
"12689","2","Arrests, Bribery & Corruption (CIABOC)","1"
"12690","12","Consumer Prices & Food (Rice/CAA)","1"
"12691","1","General Sri Lanka News (Cyclone Ditwah relief, Rupee, Tourism)","1"
"12692","0","Cricket","1"
"12693","18","Easter Sunday Attacks (Retrospective/Legal)","1"
"12694","5","Iran War & Geopolitics (Trump/Hormuz)","1"
"12695","7","Health & Dengue","1"
"12696","2","Arrests, Bribery & Corruption (CIABOC)","1"
"12697","0","Cricket","1"
"12698","2","Arrests, Bribery & Corruption (CIABOC)","1"
"12699","3","Violence, Shootings & Fatal Accidents","1"
"12700","15","Public Holidays & Special Traffic Plans","1"
"12701","1","General Sri Lanka News (Cyclone Ditwah relief, Rupee, Tourism)","1"
"12702","5","Iran War & Geopolitics (Trump/Hormuz)","1"
"12703","18","Easter Sunday Attacks (Retrospective/Legal)","1"
"12704","0","Cricket","1"
"12705","7","Health & Dengue","1"
"12706","7","Health & Dengue","1"
"12707","1","General Sri Lanka News (Cyclone Ditwah relief, Rupee, Tourism)","1"
"12708","2","Arrests, Bribery & Corruption (CIABOC)","1"
"12709","7","Health & Dengue","1"
"12710","4","Weather & Flood Warnings","1"
"12711","0","Cricket","1"
"12712","18","Easter Sunday Attacks (Retrospective/Legal)","1"
"12713","0","Cricket","1"
"12714","4","Weather & Flood Warnings","1"
"12715","0","Cricket","1"
"12716","1","General Sri Lanka News (Cyclone Ditwah relief, Rupee, Tourism)","1"
"12717","13","Media, Online Safety & News Digests","1"
"12718","11","Wildlife & Human-Elephant Conflict","1"
"12719","0","Cricket","1"
"12720","2","Arrests, Bribery & Corruption (CIABOC)","1"
"12721","2","Arrests, Bribery & Corruption (CIABOC)","1"
"12722","2","Arrests, Bribery & Corruption (CIABOC)","1"
"12723","13","Media, Online Safety & News Digests","1"
"12724","0","Cricket","1"
"12725","1","General Sri Lanka News (Cyclone Ditwah relief, Rupee, Tourism)","1"
"12726","4","Weather & Flood Warnings","1"
"12727","0","Cricket","1"
"12728","1","General Sri Lanka News (Cyclone Ditwah relief, Rupee, Tourism)","1"
"12729","1","General Sri Lanka News (Cyclone Ditwah relief, Rupee, Tourism)","1"
"12730","15","Public Holidays & Special Traffic Plans","1"
"12731","0","Cricket","1"
"12732","1","General Sri Lanka News (Cyclone Ditwah relief, Rupee, Tourism)","1"
"12733","1","General Sri Lanka News (Cyclone Ditwah relief, Rupee, Tourism)","1"
"12734","1","General Sri Lanka News (Cyclone Ditwah relief, Rupee, Tourism)","1"
"12735","1","General Sri Lanka News (Cyclone Ditwah relief, Rupee, Tourism)","1"
"12736","8","Electricity Tariffs & CEB","1"
"12737","0","Cricket","1"
"12738","1","General Sri Lanka News (Cyclone Ditwah relief, Rupee, Tourism)","1"
"12739","0","Cricket","1"
"12740","0","Cricket","1"
"12741","1","General Sri Lanka News (Cyclone Ditwah relief, Rupee, Tourism)","1"
"12742","0","Cricket","1"
"12743","10","Education & Examinations","1"
"12744","1","General Sri Lanka News (Cyclone Ditwah relief, Rupee, Tourism)","1"
"12745","1","General Sri Lanka News (Cyclone Ditwah relief, Rupee, Tourism)","1"
"12746","0","Cricket","1"
"12747","1","General Sri Lanka News (Cyclone Ditwah relief, Rupee, Tourism)","1"
"12748","3","Violence, Shootings & Fatal Accidents","1"
"12749","3","Violence, Shootings & Fatal Accidents","1"
"12750","0","Cricket","1"
"12751","13","Media, Online Safety & News Digests","1"
"12752","18","Easter Sunday Attacks (Retrospective/Legal)","1"
"12753","0","Cricket","1"
"12754","0","Cricket","1"
"12755","8","Electricity Tariffs & CEB","1"
"12756","1","General Sri Lanka News (Cyclone Ditwah relief, Rupee, Tourism)","1"
"12757","0","Cricket","1"
"12758","3","Violence, Shootings & Fatal Accidents","1"
"12759","7","Health & Dengue","1"
"12760","1","General Sri Lanka News (Cyclone Ditwah relief, Rupee, Tourism)","1"
"12761","4","Weather & Flood Warnings","1"
"12762","8","Electricity Tariffs & CEB","1"
"12763","11","Wildlife & Human-Elephant Conflict","1"
"12764","0","Cricket","1"
"12765","0","Cricket","1"
"12766","0","Cricket","1"
"12767","0","Cricket","1"
"12768","0","Cricket","1"
"12769","0","Cricket","1"
"12770","1","General Sri Lanka News (Cyclone Ditwah relief, Rupee, Tourism)","1"
"12771","8","Electricity Tariffs & CEB","1"
"12772","0","Cricket","1"
"12773","17","Healthcare Worker Strikes (GMOA)","1"
"12774","7","Health & Dengue","1"
"12775","7","Health & Dengue","1"
"12776","0","Cricket","1"
"12777","1","General Sri Lanka News (Cyclone Ditwah relief, Rupee, Tourism)","1"
"12778","4","Weather & Flood Warnings","1"
"12779","0","Cricket","1"
"12780","1","General Sri Lanka News (Cyclone Ditwah relief, Rupee, Tourism)","1"
"12781","0","Cricket","1"
"12782","0","Cricket","1"
"12783","0","Cricket","1"
"12784","8","Electricity Tariffs & CEB","1"
"12785","0","Cricket","1"
"12786","0","Cricket","1"
"12787","12","Consumer Prices & Food (Rice/CAA)","1"
"12788","2","Arrests, Bribery & Corruption (CIABOC)","1"
"12789","8","Electricity Tariffs & CEB","1"
"12790","11","Wildlife & Human-Elephant Conflict","1"
"12791","6","Transport & Railways","1"
"12792","0","Cricket","1"
"12793","2","Arrests, Bribery & Corruption (CIABOC)","1"
"12794","7","Health & Dengue","1"
"12795","0","Cricket","1"
"12796","11","Wildlife & Human-Elephant Conflict","1"
"12797","0","Cricket","1"
"12798","0","Cricket","1"
"12799","0","Cricket","1"
"12800","0","Cricket","1"
"12801","6","Transport & Railways","1"
"12802","4","Weather & Flood Warnings","1"
"12803","0","Cricket","1"
"12804","22","Liquor Shop Regulations","1"
"12805","0","Cricket","1"
"12806","1","General Sri Lanka News (Cyclone Ditwah relief, Rupee, Tourism)","1"
"12807","21","AI & Digital Education","1"
"12808","0","Cricket","1"
"12809","10","Education & Examinations","1"
"12810","0","Cricket","1"
"12811","8","Electricity Tariffs & CEB","1"
"12812","0","Cricket","1"
"12813","0","Cricket","1"
"12814","5","Iran War & Geopolitics (Trump/Hormuz)","1"
"12815","12","Consumer Prices & Food (Rice/CAA)","1"
"12816","2","Arrests, Bribery & Corruption (CIABOC)","1"
"12817","1","General Sri Lanka News (Cyclone Ditwah relief, Rupee, Tourism)","1"
"12818","15","Public Holidays & Special Traffic Plans","1"
"12819","0","Cricket","1"
"12820","10","Education & Examinations","1"
"12821","8","Electricity Tariffs & CEB","1"
"12822","0","Cricket","1"
"12823","11","Wildlife & Human-Elephant Conflict","1"
"12824","2","Arrests, Bribery & Corruption (CIABOC)","1"
"12825","1","General Sri Lanka News (Cyclone Ditwah relief, Rupee, Tourism)","1"
"12826","17","Healthcare Worker Strikes (GMOA)","1"
"12827","0","Cricket","1"
"12828","23","Elon Musk & Global Business News","1"
"12829","0","Cricket","1"
"12830","0","Cricket","1"
"12831","0","Cricket","1"
"12832","0","Cricket","1"
"12833","15","Public Holidays & Special Traffic Plans","1"
"12834","8","Electricity Tariffs & CEB","1"
"12835","7","Health & Dengue","1"
"12836","0","Cricket","1"
"12837","6","Transport & Railways","1"
"12838","4","Weather & Flood Warnings","1"
"12839","0","Cricket","1"
"12840","10","Education & Examinations","1"
"12841","0","Cricket","1"
"12842","17","Healthcare Worker Strikes (GMOA)","1"
"12843","2","Arrests, Bribery & Corruption (CIABOC)","1"
"12844","12","Consumer Prices & Food (Rice/CAA)","1"
"12845","6","Transport & Railways","1"
"12846","1","General Sri Lanka News (Cyclone Ditwah relief, Rupee, Tourism)","1"
"12847","0","Cricket","1"
"12848","0","Cricket","1"
"12849","3","Violence, Shootings & Fatal Accidents","1"
"12850","0","Cricket","1"
"12851","0","Cricket","1"
"12852","5","Iran War & Geopolitics (Trump/Hormuz)","1"
"12853","8","Electricity Tariffs & CEB","1"
"12854","0","Cricket","1"
"12855","3","Violence, Shootings & Fatal Accidents","1"
"12856","2","Arrests, Bribery & Corruption (CIABOC)","1"
"12857","0","Cricket","1"
"12858","0","Cricket","1"
"12859","13","Media, Online Safety & News Digests","1"
"12860","6","Transport & Railways","1"
"12861","0","Cricket","1"
"12862","1","General Sri Lanka News (Cyclone Ditwah relief, Rupee, Tourism)","1"
"12863","3","Violence, Shootings & Fatal Accidents","1"
"12864","0","Cricket","1"
"12865","0","Cricket","1"
"12866","0","Cricket","1"
"12867","13","Media, Online Safety & News Digests","1"
"12868","0","Cricket","1"
"12869","0","Cricket","1"
"12870","0","Cricket","1"
"12871","12","Consumer Prices & Food (Rice/CAA)","1"
"12872","0","Cricket","1"
"12873","12","Consumer Prices & Food (Rice/CAA)","1"
"12874","0","Cricket","1"
"12875","8","Electricity Tariffs & CEB","1"
"12876","4","Weather & Flood Warnings","1"
"12877","0","Cricket","1"
"12878","2","Arrests, Bribery & Corruption (CIABOC)","1"
"12879","7","Health & Dengue","1"
"12880","1","General Sri Lanka News (Cyclone Ditwah relief, Rupee, Tourism)","1"
"12881","2","Arrests, Bribery & Corruption (CIABOC)","1"
"12882","6","Transport & Railways","1"
"12883","1","General Sri Lanka News (Cyclone Ditwah relief, Rupee, Tourism)","1"
"12884","4","Weather & Flood Warnings","1"
"12885","0","Cricket","1"
"12886","3","Violence, Shootings & Fatal Accidents","1"
"12887","11","Wildlife & Human-Elephant Conflict","1"
"12888","0","Cricket","1"
"12889","1","General Sri Lanka News (Cyclone Ditwah relief, Rupee, Tourism)","1"
"12890","5","Iran War & Geopolitics (Trump/Hormuz)","1"
"12891","4","Weather & Flood Warnings","1"
"12892","0","Cricket","1"
"12893","10","Education & Examinations","1"
"12894","2","Arrests, Bribery & Corruption (CIABOC)","1"
"12895","2","Arrests, Bribery & Corruption (CIABOC)","1"
"12896","11","Wildlife & Human-Elephant Conflict","1"
"12897","1","General Sri Lanka News (Cyclone Ditwah relief, Rupee, Tourism)","1"
"12898","1","General Sri Lanka News (Cyclone Ditwah relief, Rupee, Tourism)","1"
"12899","6","Transport & Railways","1"
"12900","2","Arrests, Bribery & Corruption (CIABOC)","1"
"12901","12","Consumer Prices & Food (Rice/CAA)","1"
"12902","19","NASA & Space (Artemis)","1"
"12903","0","Cricket","1"
"12904","8","Electricity Tariffs & CEB","1"
"12905","8","Electricity Tariffs & CEB","1"
"12906","1","General Sri Lanka News (Cyclone Ditwah relief, Rupee, Tourism)","1"
"12907","20","Fuel Quota & QR System","1"
"12908","21","AI & Digital Education","1"
"12909","4","Weather & Flood Warnings","1"
"12910","14","US/China Trade & Tariffs","1"
"12911","0","Cricket","1"
"12912","4","Weather & Flood Warnings","1"
"12913","4","Weather & Flood Warnings","1"
"12914","2","Arrests, Bribery & Corruption (CIABOC)","1"
"12915","17","Healthcare Worker Strikes (GMOA)","1"
"12916","2","Arrests, Bribery & Corruption (CIABOC)","1"
"12917","13","Media, Online Safety & News Digests","1"
"12918","3","Violence, Shootings & Fatal Accidents","1"
"12919","8","Electricity Tariffs & CEB","1"
"12920","17","Healthcare Worker Strikes (GMOA)","1"
"12921","1","General Sri Lanka News (Cyclone Ditwah relief, Rupee, Tourism)","1"
"12922","6","Transport & Railways","1"
"12923","0","Cricket","1"
"12924","0","Cricket","1"
"12925","1","General Sri Lanka News (Cyclone Ditwah relief, Rupee, Tourism)","1"
"12926","4","Weather & Flood Warnings","1"
"12927","3","Violence, Shootings & Fatal Accidents","1"
"12928","1","General Sri Lanka News (Cyclone Ditwah relief, Rupee, Tourism)","1"
"12929","13","Media, Online Safety & News Digests","1"
"12930","1","General Sri Lanka News (Cyclone Ditwah relief, Rupee, Tourism)","1"
"12931","1","General Sri Lanka News (Cyclone Ditwah relief, Rupee, Tourism)","1"
"12932","6","Transport & Railways","1"
"12933","3","Violence, Shootings & Fatal Accidents","1"
"12934","1","General Sri Lanka News (Cyclone Ditwah relief, Rupee, Tourism)","1"
"12935","14","US/China Trade & Tariffs","1"
"12936","22","Liquor Shop Regulations","1"
"12937","0","Cricket","1"
"12938","7","Health & Dengue","1"
"12939","8","Electricity Tariffs & CEB","1"
"12940","12","Consumer Prices & Food (Rice/CAA)","1"
"12941","1","General Sri Lanka News (Cyclone Ditwah relief, Rupee, Tourism)","1"
"12942","0","Cricket","1"
"12943","0","Cricket","1"
"12944","0","Cricket","1"
"12945","2","Arrests, Bribery & Corruption (CIABOC)","1"
"12946","0","Cricket","1"
"12947","21","AI & Digital Education","1"
"12948","15","Public Holidays & Special Traffic Plans","1"
"12949","0","Cricket","1"
"12950","3","Violence, Shootings & Fatal Accidents","1"
"12951","1","General Sri Lanka News (Cyclone Ditwah relief, Rupee, Tourism)","1"
"12952","0","Cricket","1"
"12953","2","Arrests, Bribery & Corruption (CIABOC)","1"
"12954","12","Consumer Prices & Food (Rice/CAA)","1"
"12955","0","Cricket","1"
"12956","19","NASA & Space (Artemis)","1"
"12957","0","Cricket","1"
"12958","12","Consumer Prices & Food (Rice/CAA)","1"
"12959","0","Cricket","1"
"12960","0","Cricket","1"
"12961","17","Healthcare Worker Strikes (GMOA)","1"
"12962","0","Cricket","1"
"12963","1","General Sri Lanka News (Cyclone Ditwah relief, Rupee, Tourism)","1"
"12964","1","General Sri Lanka News (Cyclone Ditwah relief, Rupee, Tourism)","1"
"12965","0","Cricket","1"
"12966","10","Education & Examinations","1"
"12967","10","Education & Examinations","1"
"12968","11","Wildlife & Human-Elephant Conflict","1"
"12969","1","General Sri Lanka News (Cyclone Ditwah relief, Rupee, Tourism)","1"
"12970","0","Cricket","1"
"12971","2","Arrests, Bribery & Corruption (CIABOC)","1"
"12972","7","Health & Dengue","1"
"12973","13","Media, Online Safety & News Digests","1"
"12974","1","General Sri Lanka News (Cyclone Ditwah relief, Rupee, Tourism)","1"
"12975","0","Cricket","1"
"12976","0","Cricket","1"
"12977","0","Cricket","1"
"12978","10","Education & Examinations","1"
"12979","1","General Sri Lanka News (Cyclone Ditwah relief, Rupee, Tourism)","1"
"12980","7","Health & Dengue","1"
"12981","0","Cricket","1"
"12982","0","Cricket","1"
"12983","0","Cricket","1"
"12984","1","General Sri Lanka News (Cyclone Ditwah relief, Rupee, Tourism)","1"
"12985","0","Cricket","1"
"12986","13","Media, Online Safety & News Digests","1"
"12987","8","Electricity Tariffs & CEB","1"
"12988","3","Violence, Shootings & Fatal Accidents","1"
"12989","12","Consumer Prices & Food (Rice/CAA)","1"
"12990","7","Health & Dengue","1"
"12991","4","Weather & Flood Warnings","1"
"12992","0","Cricket","1"
"12993","3","Violence, Shootings & Fatal Accidents","1"
"12994","1","General Sri Lanka News (Cyclone Ditwah relief, Rupee, Tourism)","1"
"12995","12","Consumer Prices & Food (Rice/CAA)","1"
"12996","1","General Sri Lanka News (Cyclone Ditwah relief, Rupee, Tourism)","1"
"12997","15","Public Holidays & Special Traffic Plans","1"
"12998","3","Violence, Shootings & Fatal Accidents","1"
"12999","3","Violence, Shootings & Fatal Accidents","1"
"13000","22","Liquor Shop Regulations","1"
"13001","0","Cricket","1"
"13002","11","Wildlife & Human-Elephant Conflict","1"
"13003","2","Arrests, Bribery & Corruption (CIABOC)","1"
"13004","3","Violence, Shootings & Fatal Accidents","1"
"13005","1","General Sri Lanka News (Cyclone Ditwah relief, Rupee, Tourism)","1"
"13006","2","Arrests, Bribery & Corruption (CIABOC)","1"
"13007","0","Cricket","1"
"13008","0","Cricket","1"
"13009","0","Cricket","1"
"13010","0","Cricket","1"
"13011","0","Cricket","1"
"13012","0","Cricket","1"
"13013","14","US/China Trade & Tariffs","1"
"13014","1","General Sri Lanka News (Cyclone Ditwah relief, Rupee, Tourism)","1"
"13015","4","Weather & Flood Warnings","1"
"13016","9","Fuel & Oil Prices (CPC)","1"
"13017","0","Cricket","1"
"13018","0","Cricket","1"
"13019","0","Cricket","1"
"13020","0","Cricket","1"
"13021","1","General Sri Lanka News (Cyclone Ditwah relief, Rupee, Tourism)","1"
"13022","2","Arrests, Bribery & Corruption (CIABOC)","1"
"13023","3","Violence, Shootings & Fatal Accidents","1"
"13024","1","General Sri Lanka News (Cyclone Ditwah relief, Rupee, Tourism)","1"
"13025","0","Cricket","1"
"13026","0","Cricket","1"
"13027","7","Health & Dengue","1"
"13028","3","Violence, Shootings & Fatal Accidents","1"
"13029","11","Wildlife & Human-Elephant Conflict","1"
"13030","2","Arrests, Bribery & Corruption (CIABOC)","1"
"13031","4","Weather & Flood Warnings","1"
"13032","3","Violence, Shootings & Fatal Accidents","1"
"13033","0","Cricket","1"
"13034","3","Violence, Shootings & Fatal Accidents","1"
"13035","0","Cricket","1"
"13036","6","Transport & Railways","1"
"13037","3","Violence, Shootings & Fatal Accidents","1"
"13038","18","Easter Sunday Attacks (Retrospective/Legal)","1"
"13039","2","Arrests, Bribery & Corruption (CIABOC)","1"
"13040","10","Education & Examinations","1"
"13041","3","Violence, Shootings & Fatal Accidents","1"
"13042","11","Wildlife & Human-Elephant Conflict","1"
"13043","3","Violence, Shootings & Fatal Accidents","1"
"13044","0","Cricket","1"
"13045","5","Iran War & Geopolitics (Trump/Hormuz)","1"
"13046","0","Cricket","1"
"13047","16","Stock Market (CSE)","1"
"13048","0","Cricket","1"
"13049","3","Violence, Shootings & Fatal Accidents","1"
"13050","1","General Sri Lanka News (Cyclone Ditwah relief, Rupee, Tourism)","1"
"13051","6","Transport & Railways","1"
"13052","0","Cricket","1"
"13053","3","Violence, Shootings & Fatal Accidents","1"
"13054","13","Media, Online Safety & News Digests","1"
"13055","0","Cricket","1"
"13056","1","General Sri Lanka News (Cyclone Ditwah relief, Rupee, Tourism)","1"
"13057","5","Iran War & Geopolitics (Trump/Hormuz)","1"
"13058","1","General Sri Lanka News (Cyclone Ditwah relief, Rupee, Tourism)","1"
"13059","11","Wildlife & Human-Elephant Conflict","1"
"13060","3","Violence, Shootings & Fatal Accidents","1"
"13061","3","Violence, Shootings & Fatal Accidents","1"
"13062","7","Health & Dengue","1"
"13063","0","Cricket","1"
"13064","0","Cricket","1"
"13065","3","Violence, Shootings & Fatal Accidents","1"
"13066","5","Iran War & Geopolitics (Trump/Hormuz)","1"
"13067","3","Violence, Shootings & Fatal Accidents","1"
"13068","1","General Sri Lanka News (Cyclone Ditwah relief, Rupee, Tourism)","1"
"13069","0","Cricket","1"
"13070","5","Iran War & Geopolitics (Trump/Hormuz)","1"
"13071","0","Cricket","1"
"13072","8","Electricity Tariffs & CEB","1"
"13073","6","Transport & Railways","1"
"13074","0","Cricket","1"
"13075","0","Cricket","1"
"13076","11","Wildlife & Human-Elephant Conflict","1"
"13077","1","General Sri Lanka News (Cyclone Ditwah relief, Rupee, Tourism)","1"
"13078","1","General Sri Lanka News (Cyclone Ditwah relief, Rupee, Tourism)","1"
"13079","4","Weather & Flood Warnings","1"
"13080","0","Cricket","1"
"13081","3","Violence, Shootings & Fatal Accidents","1"
"13082","8","Electricity Tariffs & CEB","1"
"13083","2","Arrests, Bribery & Corruption (CIABOC)","1"
"13084","2","Arrests, Bribery & Corruption (CIABOC)","1"
"13085","0","Cricket","1"
"13086","4","Weather & Flood Warnings","1"
"13087","1","General Sri Lanka News (Cyclone Ditwah relief, Rupee, Tourism)","1"
"13088","8","Electricity Tariffs & CEB","1"
"13089","10","Education & Examinations","1"
"13090","1","General Sri Lanka News (Cyclone Ditwah relief, Rupee, Tourism)","1"
"13091","1","General Sri Lanka News (Cyclone Ditwah relief, Rupee, Tourism)","1"
"13092","1","General Sri Lanka News (Cyclone Ditwah relief, Rupee, Tourism)","1"
"13093","0","Cricket","1"
"13094","2","Arrests, Bribery & Corruption (CIABOC)","1"
"13095","0","Cricket","1"
"13096","2","Arrests, Bribery & Corruption (CIABOC)","1"
"13097","17","Healthcare Worker Strikes (GMOA)","1"
"13098","0","Cricket","1"
"13099","0","Cricket","1"
"13100","3","Violence, Shootings & Fatal Accidents","1"
"13101","8","Electricity Tariffs & CEB","1"
"13102","1","General Sri Lanka News (Cyclone Ditwah relief, Rupee, Tourism)","1"
"13103","0","Cricket","1"
"13104","9","Fuel & Oil Prices (CPC)","1"
"13105","8","Electricity Tariffs & CEB","1"
"13106","6","Transport & Railways","1"
"13107","8","Electricity Tariffs & CEB","1"
"13108","0","Cricket","1"
"13109","3","Violence, Shootings & Fatal Accidents","1"
"13110","5","Iran War & Geopolitics (Trump/Hormuz)","1"
"13111","0","Cricket","1"
"13112","1","General Sri Lanka News (Cyclone Ditwah relief, Rupee, Tourism)","1"
"13113","13","Media, Online Safety & News Digests","1"
"13114","8","Electricity Tariffs & CEB","1"
"13115","8","Electricity Tariffs & CEB","1"
"13116","0","Cricket","1"
"13117","2","Arrests, Bribery & Corruption (CIABOC)","1"
"13118","13","Media, Online Safety & News Digests","1"
"13119","0","Cricket","1"
"13120","2","Arrests, Bribery & Corruption (CIABOC)","1"
"13121","17","Healthcare Worker Strikes (GMOA)","1"
"13122","1","General Sri Lanka News (Cyclone Ditwah relief, Rupee, Tourism)","1"
"13123","8","Electricity Tariffs & CEB","1"
"13124","6","Transport & Railways","1"
"13125","8","Electricity Tariffs & CEB","1"
"13126","17","Healthcare Worker Strikes (GMOA)","1"
"13127","0","Cricket","1"
"13128","6","Transport & Railways","1"
"13129","9","Fuel & Oil Prices (CPC)","1"
"13130","1","General Sri Lanka News (Cyclone Ditwah relief, Rupee, Tourism)","1"
"13131","0","Cricket","1"
"13132","12","Consumer Prices & Food (Rice/CAA)","1"
"13133","0","Cricket","1"
"13134","12","Consumer Prices & Food (Rice/CAA)","1"
"13135","1","General Sri Lanka News (Cyclone Ditwah relief, Rupee, Tourism)","1"
"13136","0","Cricket","1"
"13137","0","Cricket","1"
"13138","0","Cricket","1"
"13139","0","Cricket","1"
"13140","0","Cricket","1"
"13141","2","Arrests, Bribery & Corruption (CIABOC)","1"
"13142","0","Cricket","1"
"13143","12","Consumer Prices & Food (Rice/CAA)","1"
"13144","8","Electricity Tariffs & CEB","1"
"13145","1","General Sri Lanka News (Cyclone Ditwah relief, Rupee, Tourism)","1"
"13146","1","General Sri Lanka News (Cyclone Ditwah relief, Rupee, Tourism)","1"
"13147","0","Cricket","1"
"13148","0","Cricket","1"
"13149","2","Arrests, Bribery & Corruption (CIABOC)","1"
"13150","9","Fuel & Oil Prices (CPC)","1"
"13151","10","Education & Examinations","1"
"13152","10","Education & Examinations","1"
"13153","8","Electricity Tariffs & CEB","1"
"13154","8","Electricity Tariffs & CEB","1"
"13155","0","Cricket","1"
"13156","3","Violence, Shootings & Fatal Accidents","1"
"13157","0","Cricket","1"
"13158","4","Weather & Flood Warnings","1"
"13159","1","General Sri Lanka News (Cyclone Ditwah relief, Rupee, Tourism)","1"
"13160","0","Cricket","1"
"13161","2","Arrests, Bribery & Corruption (CIABOC)","1"
"13162","2","Arrests, Bribery & Corruption (CIABOC)","1"
"13163","3","Violence, Shootings & Fatal Accidents","1"
"13164","0","Cricket","1"
"13165","2","Arrests, Bribery & Corruption (CIABOC)","1"
"13166","0","Cricket","1"
"13167","12","Consumer Prices & Food (Rice/CAA)","1"
"13168","1","General Sri Lanka News (Cyclone Ditwah relief, Rupee, Tourism)","1"
"13169","0","Cricket","1"
"13170","1","General Sri Lanka News (Cyclone Ditwah relief, Rupee, Tourism)","1"
"13171","0","Cricket","1"
"13172","9","Fuel & Oil Prices (CPC)","1"
"13173","8","Electricity Tariffs & CEB","1"
"13174","1","General Sri Lanka News (Cyclone Ditwah relief, Rupee, Tourism)","1"
"13175","12","Consumer Prices & Food (Rice/CAA)","1"
"13176","0","Cricket","1"
"13177","0","Cricket","1"
"13178","0","Cricket","1"
"13179","0","Cricket","1"
"13180","10","Education & Examinations","1"
"13181","21","AI & Digital Education","1"
"13182","8","Electricity Tariffs & CEB","1"
"13183","10","Education & Examinations","1"
"13184","1","General Sri Lanka News (Cyclone Ditwah relief, Rupee, Tourism)","1"
"13185","0","Cricket","1"
"13186","2","Arrests, Bribery & Corruption (CIABOC)","1"
"13187","4","Weather & Flood Warnings","1"
"13188","10","Education & Examinations","1"
"13189","2","Arrests, Bribery & Corruption (CIABOC)","1"
"13190","12","Consumer Prices & Food (Rice/CAA)","1"
"13191","5","Iran War & Geopolitics (Trump/Hormuz)","1"
"13192","3","Violence, Shootings & Fatal Accidents","1"
"13193","1","General Sri Lanka News (Cyclone Ditwah relief, Rupee, Tourism)","1"
"13194","12","Consumer Prices & Food (Rice/CAA)","1"
"13195","2","Arrests, Bribery & Corruption (CIABOC)","1"
"13196","10","Education & Examinations","1"
"13197","2","Arrests, Bribery & Corruption (CIABOC)","1"
"13198","2","Arrests, Bribery & Corruption (CIABOC)","1"
"13199","5","Iran War & Geopolitics (Trump/Hormuz)","1"
"13200","2","Arrests, Bribery & Corruption (CIABOC)","1"
"13201","1","General Sri Lanka News (Cyclone Ditwah relief, Rupee, Tourism)","1"
"13202","9","Fuel & Oil Prices (CPC)","1"
"13203","12","Consumer Prices & Food (Rice/CAA)","1"
"13204","4","Weather & Flood Warnings","1"
"13205","1","General Sri Lanka News (Cyclone Ditwah relief, Rupee, Tourism)","1"
"13206","8","Electricity Tariffs & CEB","1"
"13207","3","Violence, Shootings & Fatal Accidents","1"
"13208","9","Fuel & Oil Prices (CPC)","1"
"13209","3","Violence, Shootings & Fatal Accidents","1"
"13210","0","Cricket","1"
"13211","0","Cricket","1"
"13212","1","General Sri Lanka News (Cyclone Ditwah relief, Rupee, Tourism)","1"
"13213","2","Arrests, Bribery & Corruption (CIABOC)","1"
"13214","16","Stock Market (CSE)","1"
"13215","10","Education & Examinations","1"
"13216","0","Cricket","1"
"13217","1","General Sri Lanka News (Cyclone Ditwah relief, Rupee, Tourism)","1"
"13218","2","Arrests, Bribery & Corruption (CIABOC)","1"
"13219","0","Cricket","1"
"13220","1","General Sri Lanka News (Cyclone Ditwah relief, Rupee, Tourism)","1"
"13221","7","Health & Dengue","1"
"13222","10","Education & Examinations","1"
"13223","1","General Sri Lanka News (Cyclone Ditwah relief, Rupee, Tourism)","1"
"13224","3","Violence, Shootings & Fatal Accidents","1"
"13225","3","Violence, Shootings & Fatal Accidents","1"
"13226","1","General Sri Lanka News (Cyclone Ditwah relief, Rupee, Tourism)","1"
"13227","2","Arrests, Bribery & Corruption (CIABOC)","1"
"13228","9","Fuel & Oil Prices (CPC)","1"
"13229","1","General Sri Lanka News (Cyclone Ditwah relief, Rupee, Tourism)","1"
"13230","9","Fuel & Oil Prices (CPC)","1"
"13231","22","Liquor Shop Regulations","1"
"13232","3","Violence, Shootings & Fatal Accidents","1"
"13233","0","Cricket","1"
"13234","2","Arrests, Bribery & Corruption (CIABOC)","1"
"13235","1","General Sri Lanka News (Cyclone Ditwah relief, Rupee, Tourism)","1"
"13236","0","Cricket","1"
"13237","10","Education & Examinations","1"
"13238","0","Cricket","1"
"13239","0","Cricket","1"
"13240","0","Cricket","1"
"13241","16","Stock Market (CSE)","1"
"13242","0","Cricket","1"
"13243","2","Arrests, Bribery & Corruption (CIABOC)","1"
"13244","0","Cricket","1"
"13245","0","Cricket","1"
"13246","0","Cricket","1"
"13247","0","Cricket","1"
"13248","1","General Sri Lanka News (Cyclone Ditwah relief, Rupee, Tourism)","1"
"13249","0","Cricket","1"
"13250","0","Cricket","1"
"13251","0","Cricket","1"
"13252","11","Wildlife & Human-Elephant Conflict","1"
"13253","0","Cricket","1"
"13254","13","Media, Online Safety & News Digests","1"
"13255","6","Transport & Railways","1"
"13256","1","General Sri Lanka News (Cyclone Ditwah relief, Rupee, Tourism)","1"
"13257","6","Transport & Railways","1"
"13258","0","Cricket","1"
"13259","0","Cricket","1"
"13260","1","General Sri Lanka News (Cyclone Ditwah relief, Rupee, Tourism)","1"
"13261","14","US/China Trade & Tariffs","1"
"13262","7","Health & Dengue","1"
"13263","0","Cricket","1"
"13264","11","Wildlife & Human-Elephant Conflict","1"
"13265","2","Arrests, Bribery & Corruption (CIABOC)","1"
"13266","8","Electricity Tariffs & CEB","1"
"13267","2","Arrests, Bribery & Corruption (CIABOC)","1"
"13268","2","Arrests, Bribery & Corruption (CIABOC)","1"
"13269","0","Cricket","1"
"13270","3","Violence, Shootings & Fatal Accidents","1"
"13271","7","Health & Dengue","1"
"13272","0","Cricket","1"
"13273","0","Cricket","1"
"13274","0","Cricket","1"
"13275","0","Cricket","1"
"13276","0","Cricket","1"
"13277","0","Cricket","1"
"13278","3","Violence, Shootings & Fatal Accidents","1"
"13279","7","Health & Dengue","1"
"13280","1","General Sri Lanka News (Cyclone Ditwah relief, Rupee, Tourism)","1"
"13281","0","Cricket","1"
"13282","1","General Sri Lanka News (Cyclone Ditwah relief, Rupee, Tourism)","1"
"13283","5","Iran War & Geopolitics (Trump/Hormuz)","1"
"13284","10","Education & Examinations","1"
"13285","1","General Sri Lanka News (Cyclone Ditwah relief, Rupee, Tourism)","1"
"13286","0","Cricket","1"
"13287","0","Cricket","1"
"13288","0","Cricket","1"
"13289","3","Violence, Shootings & Fatal Accidents","1"
"13290","12","Consumer Prices & Food (Rice/CAA)","1"
"13291","1","General Sri Lanka News (Cyclone Ditwah relief, Rupee, Tourism)","1"
"13292","1","General Sri Lanka News (Cyclone Ditwah relief, Rupee, Tourism)","1"
"13293","10","Education & Examinations","1"
"13294","3","Violence, Shootings & Fatal Accidents","1"
"13295","0","Cricket","1"
"13296","0","Cricket","1"
"13297","0","Cricket","1"
"13298","1","General Sri Lanka News (Cyclone Ditwah relief, Rupee, Tourism)","1"
"13299","0","Cricket","1"
"13300","1","General Sri Lanka News (Cyclone Ditwah relief, Rupee, Tourism)","1"
"13301","4","Weather & Flood Warnings","1"
"13302","2","Arrests, Bribery & Corruption (CIABOC)","1"
"13303","3","Violence, Shootings & Fatal Accidents","1"
"13304","0","Cricket","1"
"13305","7","Health & Dengue","1"
"13306","1","General Sri Lanka News (Cyclone Ditwah relief, Rupee, Tourism)","1"
"13307","7","Health & Dengue","1"
"13308","0","Cricket","1"
"13309","0","Cricket","1"
"13310","0","Cricket","1"
"13311","3","Violence, Shootings & Fatal Accidents","1"
"13312","0","Cricket","1"
"13313","0","Cricket","1"
"13314","0","Cricket","1"
"13315","0","Cricket","1"
"13316","0","Cricket","1"
"13317","3","Violence, Shootings & Fatal Accidents","1"
"13318","5","Iran War & Geopolitics (Trump/Hormuz)","1"
"13319","0","Cricket","1"
"13320","1","General Sri Lanka News (Cyclone Ditwah relief, Rupee, Tourism)","1"
"13321","1","General Sri Lanka News (Cyclone Ditwah relief, Rupee, Tourism)","1"
"13322","6","Transport & Railways","1"
"13323","0","Cricket","1"
"13324","0","Cricket","1"
"13325","0","Cricket","1"
"13326","2","Arrests, Bribery & Corruption (CIABOC)","1"
"13327","0","Cricket","1"
"13328","10","Education & Examinations","1"
"13329","1","General Sri Lanka News (Cyclone Ditwah relief, Rupee, Tourism)","1"
"13330","0","Cricket","1"
"13331","10","Education & Examinations","1"
"13332","2","Arrests, Bribery & Corruption (CIABOC)","1"
"13333","0","Cricket","1"
"13334","2","Arrests, Bribery & Corruption (CIABOC)","1"
"13335","1","General Sri Lanka News (Cyclone Ditwah relief, Rupee, Tourism)","1"
"13336","1","General Sri Lanka News (Cyclone Ditwah relief, Rupee, Tourism)","1"
"13337","12","Consumer Prices & Food (Rice/CAA)","1"
"13338","9","Fuel & Oil Prices (CPC)","1"
"13339","5","Iran War & Geopolitics (Trump/Hormuz)","1"
"13340","0","Cricket","1"
"13341","2","Arrests, Bribery & Corruption (CIABOC)","1"
"13342","0","Cricket","1"
"13343","11","Wildlife & Human-Elephant Conflict","1"
"13344","0","Cricket","1"
"13345","0","Cricket","1"
"13346","3","Violence, Shootings & Fatal Accidents","1"
"13347","10","Education & Examinations","1"
"13348","1","General Sri Lanka News (Cyclone Ditwah relief, Rupee, Tourism)","1"
"13349","1","General Sri Lanka News (Cyclone Ditwah relief, Rupee, Tourism)","1"
"13350","15","Public Holidays & Special Traffic Plans","1"
"13351","18","Easter Sunday Attacks (Retrospective/Legal)","1"
"13352","8","Electricity Tariffs & CEB","1"
"13353","1","General Sri Lanka News (Cyclone Ditwah relief, Rupee, Tourism)","1"
"13354","0","Cricket","1"
"13355","6","Transport & Railways","1"
"13356","10","Education & Examinations","1"
"13357","5","Iran War & Geopolitics (Trump/Hormuz)","1"
"13358","2","Arrests, Bribery & Corruption (CIABOC)","1"
"13359","1","General Sri Lanka News (Cyclone Ditwah relief, Rupee, Tourism)","1"
"13360","2","Arrests, Bribery & Corruption (CIABOC)","1"
"13361","0","Cricket","1"
"13362","1","General Sri Lanka News (Cyclone Ditwah relief, Rupee, Tourism)","1"
"13363","1","General Sri Lanka News (Cyclone Ditwah relief, Rupee, Tourism)","1"
"13364","1","General Sri Lanka News (Cyclone Ditwah relief, Rupee, Tourism)","1"
"13365","0","Cricket","1"
"13366","0","Cricket","1"
"13367","1","General Sri Lanka News (Cyclone Ditwah relief, Rupee, Tourism)","1"
"13368","0","Cricket","1"
"13369","2","Arrests, Bribery & Corruption (CIABOC)","1"
"13370","3","Violence, Shootings & Fatal Accidents","1"
"13371","1","General Sri Lanka News (Cyclone Ditwah relief, Rupee, Tourism)","1"
"13372","1","General Sri Lanka News (Cyclone Ditwah relief, Rupee, Tourism)","1"
"13373","8","Electricity Tariffs & CEB","1"
"13374","4","Weather & Flood Warnings","1"
"13375","4","Weather & Flood Warnings","1"
"13376","12","Consumer Prices & Food (Rice/CAA)","1"
"13377","8","Electricity Tariffs & CEB","1"
"13378","1","General Sri Lanka News (Cyclone Ditwah relief, Rupee, Tourism)","1"
"13379","1","General Sri Lanka News (Cyclone Ditwah relief, Rupee, Tourism)","1"
"13380","1","General Sri Lanka News (Cyclone Ditwah relief, Rupee, Tourism)","1"
"13381","0","Cricket","1"
"13382","1","General Sri Lanka News (Cyclone Ditwah relief, Rupee, Tourism)","1"
"13383","1","General Sri Lanka News (Cyclone Ditwah relief, Rupee, Tourism)","1"
"13384","1","General Sri Lanka News (Cyclone Ditwah relief, Rupee, Tourism)","1"
"13385","3","Violence, Shootings & Fatal Accidents","1"
"13386","0","Cricket","1"
"13387","1","General Sri Lanka News (Cyclone Ditwah relief, Rupee, Tourism)","1"
"13388","0","Cricket","1"
"13389","18","Easter Sunday Attacks (Retrospective/Legal)","1"
"13390","0","Cricket","1"
"13391","0","Cricket","1"
"13392","0","Cricket","1"
"13393","3","Violence, Shootings & Fatal Accidents","1"
"13394","2","Arrests, Bribery & Corruption (CIABOC)","1"
"13395","19","NASA & Space (Artemis)","1"
"13396","5","Iran War & Geopolitics (Trump/Hormuz)","1"
"13397","0","Cricket","1"
"13398","4","Weather & Flood Warnings","1"
"13399","1","General Sri Lanka News (Cyclone Ditwah relief, Rupee, Tourism)","1"
"13400","1","General Sri Lanka News (Cyclone Ditwah relief, Rupee, Tourism)","1"
"13401","1","General Sri Lanka News (Cyclone Ditwah relief, Rupee, Tourism)","1"
"13402","7","Health & Dengue","1"
"13403","3","Violence, Shootings & Fatal Accidents","1"
"13404","2","Arrests, Bribery & Corruption (CIABOC)","1"
"13405","4","Weather & Flood Warnings","1"
"13406","17","Healthcare Worker Strikes (GMOA)","1"
"13407","2","Arrests, Bribery & Corruption (CIABOC)","1"
"13408","1","General Sri Lanka News (Cyclone Ditwah relief, Rupee, Tourism)","1"
"13409","2","Arrests, Bribery & Corruption (CIABOC)","1"
"13410","1","General Sri Lanka News (Cyclone Ditwah relief, Rupee, Tourism)","1"
"13411","0","Cricket","1"
"13412","0","Cricket","1"
"13413","0","Cricket","1"
"13414","0","Cricket","1"
"13415","8","Electricity Tariffs & CEB","1"
"13416","1","General Sri Lanka News (Cyclone Ditwah relief, Rupee, Tourism)","1"
"13417","7","Health & Dengue","1"
"13418","1","General Sri Lanka News (Cyclone Ditwah relief, Rupee, Tourism)","1"
"13419","0","Cricket","1"
"13420","0","Cricket","1"
"13421","9","Fuel & Oil Prices (CPC)","1"
"13422","9","Fuel & Oil Prices (CPC)","1"
"13423","8","Electricity Tariffs & CEB","1"
"13424","0","Cricket","1"
"13425","11","Wildlife & Human-Elephant Conflict","1"
"13426","2","Arrests, Bribery & Corruption (CIABOC)","1"
"13427","8","Electricity Tariffs & CEB","1"
"13428","4","Weather & Flood Warnings","1"
"13429","1","General Sri Lanka News (Cyclone Ditwah relief, Rupee, Tourism)","1"
"13430","12","Consumer Prices & Food (Rice/CAA)","1"
"13431","8","Electricity Tariffs & CEB","1"
"13432","7","Health & Dengue","1"
"13433","1","General Sri Lanka News (Cyclone Ditwah relief, Rupee, Tourism)","1"
"13434","3","Violence, Shootings & Fatal Accidents","1"
"13435","1","General Sri Lanka News (Cyclone Ditwah relief, Rupee, Tourism)","1"
"13436","2","Arrests, Bribery & Corruption (CIABOC)","1"
"13437","8","Electricity Tariffs & CEB","1"
"13438","0","Cricket","1"
"13439","8","Electricity Tariffs & CEB","1"
"13440","2","Arrests, Bribery & Corruption (CIABOC)","1"
"13441","1","General Sri Lanka News (Cyclone Ditwah relief, Rupee, Tourism)","1"
"13442","15","Public Holidays & Special Traffic Plans","1"
"13443","1","General Sri Lanka News (Cyclone Ditwah relief, Rupee, Tourism)","1"
"13444","13","Media, Online Safety & News Digests","1"
"13445","8","Electricity Tariffs & CEB","1"
"13446","3","Violence, Shootings & Fatal Accidents","1"
"13447","8","Electricity Tariffs & CEB","1"
"13448","4","Weather & Flood Warnings","1"
"13449","2","Arrests, Bribery & Corruption (CIABOC)","1"
"13450","1","General Sri Lanka News (Cyclone Ditwah relief, Rupee, Tourism)","1"
"13451","1","General Sri Lanka News (Cyclone Ditwah relief, Rupee, Tourism)","1"
"13452","13","Media, Online Safety & News Digests","1"
"13453","5","Iran War & Geopolitics (Trump/Hormuz)","1"
"13454","0","Cricket","1"
"13455","0","Cricket","1"
"13456","0","Cricket","1"
"13457","0","Cricket","1"
"13458","0","Cricket","1"
"13459","2","Arrests, Bribery & Corruption (CIABOC)","1"
"13460","7","Health & Dengue","1"
"13461","0","Cricket","1"
"13462","0","Cricket","1"
"13463","0","Cricket","1"
"13464","15","Public Holidays & Special Traffic Plans","1"
"13465","0","Cricket","1"
"13466","1","General Sri Lanka News (Cyclone Ditwah relief, Rupee, Tourism)","1"
"13467","1","General Sri Lanka News (Cyclone Ditwah relief, Rupee, Tourism)","1"
"13468","2","Arrests, Bribery & Corruption (CIABOC)","1"
"13469","13","Media, Online Safety & News Digests","1"
"13470","0","Cricket","1"
"13471","0","Cricket","1"
"13472","8","Electricity Tariffs & CEB","1"
"13473","3","Violence, Shootings & Fatal Accidents","1"
"13474","1","General Sri Lanka News (Cyclone Ditwah relief, Rupee, Tourism)","1"
"13475","3","Violence, Shootings & Fatal Accidents","1"
"13476","8","Electricity Tariffs & CEB","1"
"13477","1","General Sri Lanka News (Cyclone Ditwah relief, Rupee, Tourism)","1"
"13478","17","Healthcare Worker Strikes (GMOA)","1"
"13479","18","Easter Sunday Attacks (Retrospective/Legal)","1"
"13480","0","Cricket","1"
"13481","0","Cricket","1"
"13482","3","Violence, Shootings & Fatal Accidents","1"
"13483","2","Arrests, Bribery & Corruption (CIABOC)","1"
"13484","8","Electricity Tariffs & CEB","1"
"13485","2","Arrests, Bribery & Corruption (CIABOC)","1"
"13486","0","Cricket","1"
"13487","7","Health & Dengue","1"
"13488","0","Cricket","1"
"13489","2","Arrests, Bribery & Corruption (CIABOC)","1"
"13490","17","Healthcare Worker Strikes (GMOA)","1"
"13491","0","Cricket","1"
"13492","10","Education & Examinations","1"
"13493","1","General Sri Lanka News (Cyclone Ditwah relief, Rupee, Tourism)","1"
"13494","0","Cricket","1"
"13495","7","Health & Dengue","1"
"13496","1","General Sri Lanka News (Cyclone Ditwah relief, Rupee, Tourism)","1"
"13497","1","General Sri Lanka News (Cyclone Ditwah relief, Rupee, Tourism)","1"
"13498","0","Cricket","1"
"13499","0","Cricket","1"
"13500","7","Health & Dengue","1"
"13501","6","Transport & Railways","1"
"13502","0","Cricket","1"
"13503","0","Cricket","1"
"13504","2","Arrests, Bribery & Corruption (CIABOC)","1"
"13505","1","General Sri Lanka News (Cyclone Ditwah relief, Rupee, Tourism)","1"
"13506","2","Arrests, Bribery & Corruption (CIABOC)","1"
"13507","0","Cricket","1"
"13508","2","Arrests, Bribery & Corruption (CIABOC)","1"
"13509","6","Transport & Railways","1"
"13510","2","Arrests, Bribery & Corruption (CIABOC)","1"
"13511","2","Arrests, Bribery & Corruption (CIABOC)","1"
"13512","10","Education & Examinations","1"
"13513","7","Health & Dengue","1"
"13514","0","Cricket","1"
"13515","0","Cricket","1"
"13516","2","Arrests, Bribery & Corruption (CIABOC)","1"
"13517","3","Violence, Shootings & Fatal Accidents","1"
"13518","3","Violence, Shootings & Fatal Accidents","1"
"13519","2","Arrests, Bribery & Corruption (CIABOC)","1"
"13520","1","General Sri Lanka News (Cyclone Ditwah relief, Rupee, Tourism)","1"
"13521","10","Education & Examinations","1"
"13522","6","Transport & Railways","1"
"13523","3","Violence, Shootings & Fatal Accidents","1"
"13524","11","Wildlife & Human-Elephant Conflict","1"
"13525","0","Cricket","1"
"13526","0","Cricket","1"
"13527","12","Consumer Prices & Food (Rice/CAA)","1"
"13528","0","Cricket","1"
"13529","23","Elon Musk & Global Business News","1"
"13530","11","Wildlife & Human-Elephant Conflict","1"
"13531","5","Iran War & Geopolitics (Trump/Hormuz)","1"
"13532","1","General Sri Lanka News (Cyclone Ditwah relief, Rupee, Tourism)","1"
"13533","0","Cricket","1"
"13534","3","Violence, Shootings & Fatal Accidents","1"
"13535","3","Violence, Shootings & Fatal Accidents","1"
"13536","0","Cricket","1"
"13537","1","General Sri Lanka News (Cyclone Ditwah relief, Rupee, Tourism)","1"
"13538","3","Violence, Shootings & Fatal Accidents","1"
"13539","3","Violence, Shootings & Fatal Accidents","1"
"13540","1","General Sri Lanka News (Cyclone Ditwah relief, Rupee, Tourism)","1"
"13541","0","Cricket","1"
"13542","2","Arrests, Bribery & Corruption (CIABOC)","1"
"13543","7","Health & Dengue","1"
"13544","4","Weather & Flood Warnings","1"
"13545","0","Cricket","1"
"13546","3","Violence, Shootings & Fatal Accidents","1"
"13547","0","Cricket","1"
"13548","3","Violence, Shootings & Fatal Accidents","1"
"13549","18","Easter Sunday Attacks (Retrospective/Legal)","1"
"13550","8","Electricity Tariffs & CEB","1"
"13551","0","Cricket","1"
"13552","1","General Sri Lanka News (Cyclone Ditwah relief, Rupee, Tourism)","1"
"13553","1","General Sri Lanka News (Cyclone Ditwah relief, Rupee, Tourism)","1"
"13554","1","General Sri Lanka News (Cyclone Ditwah relief, Rupee, Tourism)","1"
"13555","7","Health & Dengue","1"
"13556","0","Cricket","1"
"13557","0","Cricket","1"
"13558","1","General Sri Lanka News (Cyclone Ditwah relief, Rupee, Tourism)","1"
"13559","0","Cricket","1"
"13560","1","General Sri Lanka News (Cyclone Ditwah relief, Rupee, Tourism)","1"
"13561","1","General Sri Lanka News (Cyclone Ditwah relief, Rupee, Tourism)","1"
"13562","13","Media, Online Safety & News Digests","1"
"13563","7","Health & Dengue","1"
"13564","0","Cricket","1"
"13565","8","Electricity Tariffs & CEB","1"
"13566","2","Arrests, Bribery & Corruption (CIABOC)","1"
"13567","2","Arrests, Bribery & Corruption (CIABOC)","1"
"13568","0","Cricket","1"
"13569","1","General Sri Lanka News (Cyclone Ditwah relief, Rupee, Tourism)","1"
"13570","7","Health & Dengue","1"
"13571","2","Arrests, Bribery & Corruption (CIABOC)","1"
"13572","0","Cricket","1"
"13573","0","Cricket","1"
"13574","1","General Sri Lanka News (Cyclone Ditwah relief, Rupee, Tourism)","1"
"13575","1","General Sri Lanka News (Cyclone Ditwah relief, Rupee, Tourism)","1"
"13576","14","US/China Trade & Tariffs","1"
"13577","2","Arrests, Bribery & Corruption (CIABOC)","1"
"13578","1","General Sri Lanka News (Cyclone Ditwah relief, Rupee, Tourism)","1"
"13579","10","Education & Examinations","1"
"13580","0","Cricket","1"
"13581","6","Transport & Railways","1"
"13582","1","General Sri Lanka News (Cyclone Ditwah relief, Rupee, Tourism)","1"
"13583","3","Violence, Shootings & Fatal Accidents","1"
"13584","2","Arrests, Bribery & Corruption (CIABOC)","1"
"13585","10","Education & Examinations","1"
"13586","11","Wildlife & Human-Elephant Conflict","1"
"13587","0","Cricket","1"
"13588","0","Cricket","1"
"13589","0","Cricket","1"
"13590","12","Consumer Prices & Food (Rice/CAA)","1"
"13591","0","Cricket","1"
"13592","1","General Sri Lanka News (Cyclone Ditwah relief, Rupee, Tourism)","1"
"13593","0","Cricket","1"
"13594","0","Cricket","1"
"13595","6","Transport & Railways","1"
"13596","0","Cricket","1"
"13597","17","Healthcare Worker Strikes (GMOA)","1"
"13598","1","General Sri Lanka News (Cyclone Ditwah relief, Rupee, Tourism)","1"
"13599","0","Cricket","1"
"13600","10","Education & Examinations","1"
"13601","3","Violence, Shootings & Fatal Accidents","1"
"13602","0","Cricket","1"
"13603","0","Cricket","1"
"13604","0","Cricket","1"
"13605","17","Healthcare Worker Strikes (GMOA)","1"
"13606","0","Cricket","1"
"13607","0","Cricket","1"
"13608","1","General Sri Lanka News (Cyclone Ditwah relief, Rupee, Tourism)","1"
"13609","10","Education & Examinations","1"
"13610","14","US/China Trade & Tariffs","1"
"13611","8","Electricity Tariffs & CEB","1"
"13612","0","Cricket","1"
"13613","0","Cricket","1"
"13614","3","Violence, Shootings & Fatal Accidents","1"
"13615","4","Weather & Flood Warnings","1"
"13616","1","General Sri Lanka News (Cyclone Ditwah relief, Rupee, Tourism)","1"
"13617","1","General Sri Lanka News (Cyclone Ditwah relief, Rupee, Tourism)","1"
"13618","1","General Sri Lanka News (Cyclone Ditwah relief, Rupee, Tourism)","1"
"13619","0","Cricket","1"
"13620","2","Arrests, Bribery & Corruption (CIABOC)","1"
"13621","11","Wildlife & Human-Elephant Conflict","1"
"13622","17","Healthcare Worker Strikes (GMOA)","1"
"13623","0","Cricket","1"
"13624","0","Cricket","1"
"13625","7","Health & Dengue","1"
"13626","0","Cricket","1"
"13627","6","Transport & Railways","1"
"13628","5","Iran War & Geopolitics (Trump/Hormuz)","1"
"13629","1","General Sri Lanka News (Cyclone Ditwah relief, Rupee, Tourism)","1"
"13630","2","Arrests, Bribery & Corruption (CIABOC)","1"
"13631","0","Cricket","1"
"13632","1","General Sri Lanka News (Cyclone Ditwah relief, Rupee, Tourism)","1"
"13633","0","Cricket","1"
"13634","0","Cricket","1"
"13635","0","Cricket","1"
"13636","21","AI & Digital Education","1"
"13637","0","Cricket","1"
"13638","1","General Sri Lanka News (Cyclone Ditwah relief, Rupee, Tourism)","1"
"13639","13","Media, Online Safety & News Digests","1"
"13640","0","Cricket","1"
"13641","8","Electricity Tariffs & CEB","1"
"13642","7","Health & Dengue","1"
"13643","3","Violence, Shootings & Fatal Accidents","1"
"13644","0","Cricket","1"
"13645","4","Weather & Flood Warnings","1"
"13646","1","General Sri Lanka News (Cyclone Ditwah relief, Rupee, Tourism)","1"
"13647","8","Electricity Tariffs & CEB","1"
"13648","16","Stock Market (CSE)","1"
"13649","3","Violence, Shootings & Fatal Accidents","1"
"13650","0","Cricket","1"
"13651","17","Healthcare Worker Strikes (GMOA)","1"
"13652","11","Wildlife & Human-Elephant Conflict","1"
"13653","4","Weather & Flood Warnings","1"
"13654","1","General Sri Lanka News (Cyclone Ditwah relief, Rupee, Tourism)","1"
"13655","0","Cricket","1"
"13656","4","Weather & Flood Warnings","1"
"13657","0","Cricket","1"
"13658","2","Arrests, Bribery & Corruption (CIABOC)","1"
"13659","0","Cricket","1"
"13660","10","Education & Examinations","1"
"13661","17","Healthcare Worker Strikes (GMOA)","1"
"13662","1","General Sri Lanka News (Cyclone Ditwah relief, Rupee, Tourism)","1"
"13663","0","Cricket","1"
"13664","0","Cricket","1"
"13665","3","Violence, Shootings & Fatal Accidents","1"
"13666","3","Violence, Shootings & Fatal Accidents","1"
"13667","0","Cricket","1"
"13668","0","Cricket","1"
"13669","2","Arrests, Bribery & Corruption (CIABOC)","1"
"13670","0","Cricket","1"
"13671","1","General Sri Lanka News (Cyclone Ditwah relief, Rupee, Tourism)","1"
"13672","13","Media, Online Safety & News Digests","1"
"13673","3","Violence, Shootings & Fatal Accidents","1"
"13674","1","General Sri Lanka News (Cyclone Ditwah relief, Rupee, Tourism)","1"
"13675","0","Cricket","1"
"13676","0","Cricket","1"
"13677","1","General Sri Lanka News (Cyclone Ditwah relief, Rupee, Tourism)","1"
"13678","0","Cricket","1"
"13679","7","Health & Dengue","1"
"13680","6","Transport & Railways","1"
"13681","0","Cricket","1"
"13682","0","Cricket","1"
"13683","1","General Sri Lanka News (Cyclone Ditwah relief, Rupee, Tourism)","1"
"13684","3","Violence, Shootings & Fatal Accidents","1"
"13685","10","Education & Examinations","1"
"13686","1","General Sri Lanka News (Cyclone Ditwah relief, Rupee, Tourism)","1"
"13687","2","Arrests, Bribery & Corruption (CIABOC)","1"
"13688","0","Cricket","1"
"13689","12","Consumer Prices & Food (Rice/CAA)","1"
"13690","1","General Sri Lanka News (Cyclone Ditwah relief, Rupee, Tourism)","1"
"13691","0","Cricket","1"
"13692","0","Cricket","1"
"13693","3","Violence, Shootings & Fatal Accidents","1"
"13694","1","General Sri Lanka News (Cyclone Ditwah relief, Rupee, Tourism)","1"
"13695","1","General Sri Lanka News (Cyclone Ditwah relief, Rupee, Tourism)","1"
"13696","3","Violence, Shootings & Fatal Accidents","1"
"13697","11","Wildlife & Human-Elephant Conflict","1"
"13698","2","Arrests, Bribery & Corruption (CIABOC)","1"
"13699","2","Arrests, Bribery & Corruption (CIABOC)","1"
"13700","0","Cricket","1"
"13701","8","Electricity Tariffs & CEB","1"
"13702","0","Cricket","1"
"13703","0","Cricket","1"
"13704","3","Violence, Shootings & Fatal Accidents","1"
"13705","3","Violence, Shootings & Fatal Accidents","1"
"13706","5","Iran War & Geopolitics (Trump/Hormuz)","1"
"13707","0","Cricket","1"
"13708","14","US/China Trade & Tariffs","1"
"13709","1","General Sri Lanka News (Cyclone Ditwah relief, Rupee, Tourism)","1"
"13710","6","Transport & Railways","1"
"13711","8","Electricity Tariffs & CEB","1"
"13712","3","Violence, Shootings & Fatal Accidents","1"
"13713","0","Cricket","1"
"13714","0","Cricket","1"
"13715","8","Electricity Tariffs & CEB","1"
"13716","4","Weather & Flood Warnings","1"
"13717","13","Media, Online Safety & News Digests","1"
"13718","12","Consumer Prices & Food (Rice/CAA)","1"
"13719","1","General Sri Lanka News (Cyclone Ditwah relief, Rupee, Tourism)","1"
"13720","1","General Sri Lanka News (Cyclone Ditwah relief, Rupee, Tourism)","1"
"13721","8","Electricity Tariffs & CEB","1"
"13722","0","Cricket","1"
"13723","0","Cricket","1"
"13724","0","Cricket","1"
"13725","0","Cricket","1"
"13726","0","Cricket","1"
"13727","6","Transport & Railways","1"
"13728","0","Cricket","1"
"13729","0","Cricket","1"
"13730","0","Cricket","1"
"13731","12","Consumer Prices & Food (Rice/CAA)","1"
"13732","0","Cricket","1"
"13733","7","Health & Dengue","1"
"13734","0","Cricket","1"
"13735","0","Cricket","1"
"13736","0","Cricket","1"
"13737","9","Fuel & Oil Prices (CPC)","1"
"13738","6","Transport & Railways","1"
"13739","4","Weather & Flood Warnings","1"
"13740","1","General Sri Lanka News (Cyclone Ditwah relief, Rupee, Tourism)","1"
"13741","5","Iran War & Geopolitics (Trump/Hormuz)","1"
"13742","0","Cricket","1"
"13743","2","Arrests, Bribery & Corruption (CIABOC)","1"
"13744","0","Cricket","1"
"13745","17","Healthcare Worker Strikes (GMOA)","1"
"13746","15","Public Holidays & Special Traffic Plans","1"
"13747","0","Cricket","1"
"13748","9","Fuel & Oil Prices (CPC)","1"
"13749","0","Cricket","1"
"13750","1","General Sri Lanka News (Cyclone Ditwah relief, Rupee, Tourism)","1"
"13751","23","Elon Musk & Global Business News","1"
"13752","4","Weather & Flood Warnings","1"
"13753","0","Cricket","1"
"13754","1","General Sri Lanka News (Cyclone Ditwah relief, Rupee, Tourism)","1"
"13755","1","General Sri Lanka News (Cyclone Ditwah relief, Rupee, Tourism)","1"
"13756","1","General Sri Lanka News (Cyclone Ditwah relief, Rupee, Tourism)","1"
"13757","8","Electricity Tariffs & CEB","1"
"13758","2","Arrests, Bribery & Corruption (CIABOC)","1"
"13759","0","Cricket","1"
"13760","2","Arrests, Bribery & Corruption (CIABOC)","1"
"13761","18","Easter Sunday Attacks (Retrospective/Legal)","1"
"13762","0","Cricket","1"
"13763","12","Consumer Prices & Food (Rice/CAA)","1"
"13764","13","Media, Online Safety & News Digests","1"
"13765","2","Arrests, Bribery & Corruption (CIABOC)","1"
"13766","2","Arrests, Bribery & Corruption (CIABOC)","1"
"13767","0","Cricket","1"
"13768","0","Cricket","1"
"13769","13","Media, Online Safety & News Digests","1"
"13770","1","General Sri Lanka News (Cyclone Ditwah relief, Rupee, Tourism)","1"
"13771","0","Cricket","1"
"13772","11","Wildlife & Human-Elephant Conflict","1"
"13773","16","Stock Market (CSE)","1"
"13774","12","Consumer Prices & Food (Rice/CAA)","1"
"13775","0","Cricket","1"
"13776","2","Arrests, Bribery & Corruption (CIABOC)","1"
"13777","1","General Sri Lanka News (Cyclone Ditwah relief, Rupee, Tourism)","1"
"13778","2","Arrests, Bribery & Corruption (CIABOC)","1"
"13779","4","Weather & Flood Warnings","1"
"13780","0","Cricket","1"
"13781","2","Arrests, Bribery & Corruption (CIABOC)","1"
"13782","10","Education & Examinations","1"
"13783","2","Arrests, Bribery & Corruption (CIABOC)","1"
"13784","2","Arrests, Bribery & Corruption (CIABOC)","1"
"13785","3","Violence, Shootings & Fatal Accidents","1"
"13786","0","Cricket","1"
"13787","3","Violence, Shootings & Fatal Accidents","1"
"13788","2","Arrests, Bribery & Corruption (CIABOC)","1"
"13789","0","Cricket","1"
"13790","0","Cricket","1"
"13791","1","General Sri Lanka News (Cyclone Ditwah relief, Rupee, Tourism)","1"
"13792","1","General Sri Lanka News (Cyclone Ditwah relief, Rupee, Tourism)","1"
"13793","0","Cricket","1"
"13794","8","Electricity Tariffs & CEB","1"
"13795","0","Cricket","1"
"13796","0","Cricket","1"
"13797","0","Cricket","1"
"13798","3","Violence, Shootings & Fatal Accidents","1"
"13799","1","General Sri Lanka News (Cyclone Ditwah relief, Rupee, Tourism)","1"
"13800","2","Arrests, Bribery & Corruption (CIABOC)","1"
"13801","0","Cricket","1"
"13802","0","Cricket","1"
"13803","12","Consumer Prices & Food (Rice/CAA)","1"
"13804","0","Cricket","1"
"13805","1","General Sri Lanka News (Cyclone Ditwah relief, Rupee, Tourism)","1"
"13806","8","Electricity Tariffs & CEB","1"
"13807","12","Consumer Prices & Food (Rice/CAA)","1"
"13808","0","Cricket","1"
"13809","2","Arrests, Bribery & Corruption (CIABOC)","1"
"13810","10","Education & Examinations","1"
"13811","17","Healthcare Worker Strikes (GMOA)","1"
"13812","1","General Sri Lanka News (Cyclone Ditwah relief, Rupee, Tourism)","1"
"13813","0","Cricket","1"
"13814","13","Media, Online Safety & News Digests","1"
"13815","0","Cricket","1"
"13816","3","Violence, Shootings & Fatal Accidents","1"
"13817","12","Consumer Prices & Food (Rice/CAA)","1"
"13818","0","Cricket","1"
"13819","12","Consumer Prices & Food (Rice/CAA)","1"
"13820","17","Healthcare Worker Strikes (GMOA)","1"
"13821","0","Cricket","1"
"13822","2","Arrests, Bribery & Corruption (CIABOC)","1"
"13823","0","Cricket","1"
"13824","0","Cricket","1"
"13825","0","Cricket","1"
"13826","0","Cricket","1"
"13827","1","General Sri Lanka News (Cyclone Ditwah relief, Rupee, Tourism)","1"
"13828","13","Media, Online Safety & News Digests","1"
"13829","2","Arrests, Bribery & Corruption (CIABOC)","1"
"13830","7","Health & Dengue","1"
"13831","3","Violence, Shootings & Fatal Accidents","1"
"13832","1","General Sri Lanka News (Cyclone Ditwah relief, Rupee, Tourism)","1"
"13833","2","Arrests, Bribery & Corruption (CIABOC)","1"
"13834","16","Stock Market (CSE)","1"
"13835","1","General Sri Lanka News (Cyclone Ditwah relief, Rupee, Tourism)","1"
"13836","0","Cricket","1"
"13837","0","Cricket","1"
"13838","0","Cricket","1"
"13839","0","Cricket","1"
"13840","2","Arrests, Bribery & Corruption (CIABOC)","1"
"13841","2","Arrests, Bribery & Corruption (CIABOC)","1"
"13842","10","Education & Examinations","1"
"13843","0","Cricket","1"
"13844","0","Cricket","1"
"13845","0","Cricket","1"
"13846","0","Cricket","1"
"13847","2","Arrests, Bribery & Corruption (CIABOC)","1"
"13848","0","Cricket","1"
"13849","3","Violence, Shootings & Fatal Accidents","1"
"13850","0","Cricket","1"
"13851","12","Consumer Prices & Food (Rice/CAA)","1"
"13852","0","Cricket","1"
"13853","6","Transport & Railways","1"
"13854","6","Transport & Railways","1"
"13855","7","Health & Dengue","1"
"13856","0","Cricket","1"
"13857","7","Health & Dengue","1"
"13858","7","Health & Dengue","1"
"13859","8","Electricity Tariffs & CEB","1"
"13860","15","Public Holidays & Special Traffic Plans","1"
"13861","2","Arrests, Bribery & Corruption (CIABOC)","1"
"13862","0","Cricket","1"
"13863","2","Arrests, Bribery & Corruption (CIABOC)","1"
"13864","0","Cricket","1"
"13865","0","Cricket","1"
"13866","18","Easter Sunday Attacks (Retrospective/Legal)","1"
"13867","17","Healthcare Worker Strikes (GMOA)","1"
"13868","15","Public Holidays & Special Traffic Plans","1"
"13869","0","Cricket","1"
"13870","3","Violence, Shootings & Fatal Accidents","1"
"13871","0","Cricket","1"
"13872","0","Cricket","1"
"13873","1","General Sri Lanka News (Cyclone Ditwah relief, Rupee, Tourism)","1"
"13874","1","General Sri Lanka News (Cyclone Ditwah relief, Rupee, Tourism)","1"
"13875","0","Cricket","1"
"13876","15","Public Holidays & Special Traffic Plans","1"
"13877","2","Arrests, Bribery & Corruption (CIABOC)","1"
"13878","2","Arrests, Bribery & Corruption (CIABOC)","1"
"13879","0","Cricket","1"
"13880","0","Cricket","1"
"13881","13","Media, Online Safety & News Digests","1"
"13882","1","General Sri Lanka News (Cyclone Ditwah relief, Rupee, Tourism)","1"
"13883","3","Violence, Shootings & Fatal Accidents","1"
"13884","2","Arrests, Bribery & Corruption (CIABOC)","1"
"13885","2","Arrests, Bribery & Corruption (CIABOC)","1"
"13886","0","Cricket","1"
"13887","1","General Sri Lanka News (Cyclone Ditwah relief, Rupee, Tourism)","1"
"13888","0","Cricket","1"
"13889","0","Cricket","1"
"13890","3","Violence, Shootings & Fatal Accidents","1"
"13891","15","Public Holidays & Special Traffic Plans","1"
"13892","0","Cricket","1"
"13893","2","Arrests, Bribery & Corruption (CIABOC)","1"
"13894","2","Arrests, Bribery & Corruption (CIABOC)","1"
"13895","13","Media, Online Safety & News Digests","1"
"13896","0","Cricket","1"
"13897","2","Arrests, Bribery & Corruption (CIABOC)","1"
"13898","2","Arrests, Bribery & Corruption (CIABOC)","1"
"13899","3","Violence, Shootings & Fatal Accidents","1"
"13900","2","Arrests, Bribery & Corruption (CIABOC)","1"
"13901","0","Cricket","1"
"13902","0","Cricket","1"
"13903","2","Arrests, Bribery & Corruption (CIABOC)","1"
"13904","2","Arrests, Bribery & Corruption (CIABOC)","1"
"13905","17","Healthcare Worker Strikes (GMOA)","1"
"13906","0","Cricket","1"
"13907","13","Media, Online Safety & News Digests","1"
"13908","0","Cricket","1"
"13909","13","Media, Online Safety & News Digests","1"
"13910","2","Arrests, Bribery & Corruption (CIABOC)","1"
"13911","1","General Sri Lanka News (Cyclone Ditwah relief, Rupee, Tourism)","1"
"13912","0","Cricket","1"
"13913","1","General Sri Lanka News (Cyclone Ditwah relief, Rupee, Tourism)","1"
"13914","10","Education & Examinations","1"
"13915","12","Consumer Prices & Food (Rice/CAA)","1"
"13916","9","Fuel & Oil Prices (CPC)","1"
"13917","3","Violence, Shootings & Fatal Accidents","1"
"13918","1","General Sri Lanka News (Cyclone Ditwah relief, Rupee, Tourism)","1"
"13919","2","Arrests, Bribery & Corruption (CIABOC)","1"
"13920","0","Cricket","1"
"13921","15","Public Holidays & Special Traffic Plans","1"
"13922","2","Arrests, Bribery & Corruption (CIABOC)","1"
"13923","17","Healthcare Worker Strikes (GMOA)","1"
"13924","21","AI & Digital Education","1"
"13925","1","General Sri Lanka News (Cyclone Ditwah relief, Rupee, Tourism)","1"
"13926","10","Education & Examinations","1"
"13927","1","General Sri Lanka News (Cyclone Ditwah relief, Rupee, Tourism)","1"
"13928","0","Cricket","1"
"13929","0","Cricket","1"
"13930","0","Cricket","1"
"13931","0","Cricket","1"
"13932","2","Arrests, Bribery & Corruption (CIABOC)","1"
"13933","0","Cricket","1"
"13934","6","Transport & Railways","1"
"13935","10","Education & Examinations","1"
"13936","17","Healthcare Worker Strikes (GMOA)","1"
"13937","6","Transport & Railways","1"
"13938","15","Public Holidays & Special Traffic Plans","1"
"13939","6","Transport & Railways","1"
"13940","0","Cricket","1"
"13941","22","Liquor Shop Regulations","1"
"13942","0","Cricket","1"
"13943","13","Media, Online Safety & News Digests","1"
"13944","17","Healthcare Worker Strikes (GMOA)","1"
"13945","14","US/China Trade & Tariffs","1"
"13946","9","Fuel & Oil Prices (CPC)","1"
"13947","1","General Sri Lanka News (Cyclone Ditwah relief, Rupee, Tourism)","1"
"13948","2","Arrests, Bribery & Corruption (CIABOC)","1"
"13949","6","Transport & Railways","1"
"13950","6","Transport & Railways","1"
"13951","2","Arrests, Bribery & Corruption (CIABOC)","1"
"13952","9","Fuel & Oil Prices (CPC)","1"
"13953","0","Cricket","1"
"13954","12","Consumer Prices & Food (Rice/CAA)","1"
"13955","2","Arrests, Bribery & Corruption (CIABOC)","1"
"13956","8","Electricity Tariffs & CEB","1"
"13957","1","General Sri Lanka News (Cyclone Ditwah relief, Rupee, Tourism)","1"
"13958","1","General Sri Lanka News (Cyclone Ditwah relief, Rupee, Tourism)","1"
"13959","15","Public Holidays & Special Traffic Plans","1"
"13960","0","Cricket","1"
"13961","2","Arrests, Bribery & Corruption (CIABOC)","1"
"13962","15","Public Holidays & Special Traffic Plans","1"
"13963","0","Cricket","1"
"13964","0","Cricket","1"
"13965","17","Healthcare Worker Strikes (GMOA)","1"
"13966","3","Violence, Shootings & Fatal Accidents","1"
"13967","0","Cricket","1"
"13968","1","General Sri Lanka News (Cyclone Ditwah relief, Rupee, Tourism)","1"
"13969","2","Arrests, Bribery & Corruption (CIABOC)","1"
"13970","1","General Sri Lanka News (Cyclone Ditwah relief, Rupee, Tourism)","1"
"13971","2","Arrests, Bribery & Corruption (CIABOC)","1"
"13972","7","Health & Dengue","1"
"13973","0","Cricket","1"
"13974","1","General Sri Lanka News (Cyclone Ditwah relief, Rupee, Tourism)","1"
"13975","0","Cricket","1"
"13976","1","General Sri Lanka News (Cyclone Ditwah relief, Rupee, Tourism)","1"
"13977","0","Cricket","1"
"13978","14","US/China Trade & Tariffs","1"
"13979","2","Arrests, Bribery & Corruption (CIABOC)","1"
"13980","0","Cricket","1"
"13981","0","Cricket","1"
"13982","2","Arrests, Bribery & Corruption (CIABOC)","1"
"13983","1","General Sri Lanka News (Cyclone Ditwah relief, Rupee, Tourism)","1"
"13984","0","Cricket","1"
"13985","1","General Sri Lanka News (Cyclone Ditwah relief, Rupee, Tourism)","1"
"13986","1","General Sri Lanka News (Cyclone Ditwah relief, Rupee, Tourism)","1"
"13987","3","Violence, Shootings & Fatal Accidents","1"
"13988","0","Cricket","1"
"13989","3","Violence, Shootings & Fatal Accidents","1"
"13990","0","Cricket","1"
"13991","1","General Sri Lanka News (Cyclone Ditwah relief, Rupee, Tourism)","1"
"13992","6","Transport & Railways","1"
"13993","1","General Sri Lanka News (Cyclone Ditwah relief, Rupee, Tourism)","1"
"13994","17","Healthcare Worker Strikes (GMOA)","1"
"13995","2","Arrests, Bribery & Corruption (CIABOC)","1"
"13996","15","Public Holidays & Special Traffic Plans","1"
"13997","2","Arrests, Bribery & Corruption (CIABOC)","1"
"13998","3","Violence, Shootings & Fatal Accidents","1"
"13999","0","Cricket","1"
"14000","0","Cricket","1"
"14001","0","Cricket","1"
"14002","3","Violence, Shootings & Fatal Accidents","1"
"14003","23","Elon Musk & Global Business News","1"
"14004","2","Arrests, Bribery & Corruption (CIABOC)","1"
"14005","2","Arrests, Bribery & Corruption (CIABOC)","1"
"14006","12","Consumer Prices & Food (Rice/CAA)","1"
"14007","0","Cricket","1"
"14008","7","Health & Dengue","1"
"14009","8","Electricity Tariffs & CEB","1"
"14010","2","Arrests, Bribery & Corruption (CIABOC)","1"
"14011","0","Cricket","1"
"14012","12","Consumer Prices & Food (Rice/CAA)","1"
"14013","2","Arrests, Bribery & Corruption (CIABOC)","1"
"14014","0","Cricket","1"
"14015","2","Arrests, Bribery & Corruption (CIABOC)","1"
"14016","13","Media, Online Safety & News Digests","1"
"14017","8","Electricity Tariffs & CEB","1"
"14018","1","General Sri Lanka News (Cyclone Ditwah relief, Rupee, Tourism)","1"
"14019","0","Cricket","1"
"14020","18","Easter Sunday Attacks (Retrospective/Legal)","1"
"14021","0","Cricket","1"
"14022","3","Violence, Shootings & Fatal Accidents","1"
"14023","0","Cricket","1"
"14024","0","Cricket","1"
"14025","0","Cricket","1"
"14026","4","Weather & Flood Warnings","1"
"14027","1","General Sri Lanka News (Cyclone Ditwah relief, Rupee, Tourism)","1"
"14028","1","General Sri Lanka News (Cyclone Ditwah relief, Rupee, Tourism)","1"
"14029","1","General Sri Lanka News (Cyclone Ditwah relief, Rupee, Tourism)","1"
"14030","2","Arrests, Bribery & Corruption (CIABOC)","1"
"14031","0","Cricket","1"
"14032","2","Arrests, Bribery & Corruption (CIABOC)","1"
"14033","0","Cricket","1"
"14034","6","Transport & Railways","1"
"14035","6","Transport & Railways","1"
"14036","1","General Sri Lanka News (Cyclone Ditwah relief, Rupee, Tourism)","1"
"14037","3","Violence, Shootings & Fatal Accidents","1"
"14038","1","General Sri Lanka News (Cyclone Ditwah relief, Rupee, Tourism)","1"
"14039","10","Education & Examinations","1"
"14040","2","Arrests, Bribery & Corruption (CIABOC)","1"
"14041","1","General Sri Lanka News (Cyclone Ditwah relief, Rupee, Tourism)","1"
"14042","15","Public Holidays & Special Traffic Plans","1"
"14043","3","Violence, Shootings & Fatal Accidents","1"
"14044","2","Arrests, Bribery & Corruption (CIABOC)","1"
"14045","6","Transport & Railways","1"
"14046","14","US/China Trade & Tariffs","1"
"14047","10","Education & Examinations","1"
"14048","0","Cricket","1"
"14049","6","Transport & Railways","1"
"14050","1","General Sri Lanka News (Cyclone Ditwah relief, Rupee, Tourism)","1"
"14051","4","Weather & Flood Warnings","1"
"14052","1","General Sri Lanka News (Cyclone Ditwah relief, Rupee, Tourism)","1"
"14053","1","General Sri Lanka News (Cyclone Ditwah relief, Rupee, Tourism)","1"
"14054","3","Violence, Shootings & Fatal Accidents","1"
"14055","3","Violence, Shootings & Fatal Accidents","1"
"14056","3","Violence, Shootings & Fatal Accidents","1"
"14057","23","Elon Musk & Global Business News","1"
"14058","15","Public Holidays & Special Traffic Plans","1"
"14059","1","General Sri Lanka News (Cyclone Ditwah relief, Rupee, Tourism)","1"
"14060","11","Wildlife & Human-Elephant Conflict","1"
"14061","6","Transport & Railways","1"
"14062","1","General Sri Lanka News (Cyclone Ditwah relief, Rupee, Tourism)","1"
"14063","2","Arrests, Bribery & Corruption (CIABOC)","1"
"14064","3","Violence, Shootings & Fatal Accidents","1"
"14065","8","Electricity Tariffs & CEB","1"
"14066","0","Cricket","1"
"14067","5","Iran War & Geopolitics (Trump/Hormuz)","1"
"14068","1","General Sri Lanka News (Cyclone Ditwah relief, Rupee, Tourism)","1"
"14069","0","Cricket","1"
"14070","0","Cricket","1"
"14071","0","Cricket","1"
"14072","1","General Sri Lanka News (Cyclone Ditwah relief, Rupee, Tourism)","1"
"14073","2","Arrests, Bribery & Corruption (CIABOC)","1"
"14074","0","Cricket","1"
"14075","2","Arrests, Bribery & Corruption (CIABOC)","1"
"14076","3","Violence, Shootings & Fatal Accidents","1"
"14077","5","Iran War & Geopolitics (Trump/Hormuz)","1"
"14078","2","Arrests, Bribery & Corruption (CIABOC)","1"
"14079","0","Cricket","1"
"14080","3","Violence, Shootings & Fatal Accidents","1"
"14081","2","Arrests, Bribery & Corruption (CIABOC)","1"
"14082","1","General Sri Lanka News (Cyclone Ditwah relief, Rupee, Tourism)","1"
"14083","8","Electricity Tariffs & CEB","1"
"14084","6","Transport & Railways","1"
"14085","3","Violence, Shootings & Fatal Accidents","1"
"14086","2","Arrests, Bribery & Corruption (CIABOC)","1"
"14087","2","Arrests, Bribery & Corruption (CIABOC)","1"
"14088","8","Electricity Tariffs & CEB","1"
"14089","13","Media, Online Safety & News Digests","1"
"14090","10","Education & Examinations","1"
"14091","0","Cricket","1"
"14092","2","Arrests, Bribery & Corruption (CIABOC)","1"
"14093","2","Arrests, Bribery & Corruption (CIABOC)","1"
"14094","13","Media, Online Safety & News Digests","1"
"14095","1","General Sri Lanka News (Cyclone Ditwah relief, Rupee, Tourism)","1"
"14096","0","Cricket","1"
"14097","0","Cricket","1"
"14098","3","Violence, Shootings & Fatal Accidents","1"
"14099","3","Violence, Shootings & Fatal Accidents","1"
"14100","3","Violence, Shootings & Fatal Accidents","1"
"14101","11","Wildlife & Human-Elephant Conflict","1"
"14102","15","Public Holidays & Special Traffic Plans","1"
"14103","3","Violence, Shootings & Fatal Accidents","1"
"14104","13","Media, Online Safety & News Digests","1"
"14105","13","Media, Online Safety & News Digests","1"
"14106","3","Violence, Shootings & Fatal Accidents","1"
"14107","8","Electricity Tariffs & CEB","1"
"14108","1","General Sri Lanka News (Cyclone Ditwah relief, Rupee, Tourism)","1"
"14109","2","Arrests, Bribery & Corruption (CIABOC)","1"
"14110","0","Cricket","1"
"14111","2","Arrests, Bribery & Corruption (CIABOC)","1"
"14112","6","Transport & Railways","1"
"14113","3","Violence, Shootings & Fatal Accidents","1"
"14114","11","Wildlife & Human-Elephant Conflict","1"
"14115","13","Media, Online Safety & News Digests","1"
"14116","12","Consumer Prices & Food (Rice/CAA)","1"
"14117","13","Media, Online Safety & News Digests","1"
"14118","0","Cricket","1"
"14119","2","Arrests, Bribery & Corruption (CIABOC)","1"
"14120","3","Violence, Shootings & Fatal Accidents","1"
"14121","6","Transport & Railways","1"
"14122","7","Health & Dengue","1"
"14123","3","Violence, Shootings & Fatal Accidents","1"
"14124","3","Violence, Shootings & Fatal Accidents","1"
"14125","0","Cricket","1"
"14126","0","Cricket","1"
"14127","2","Arrests, Bribery & Corruption (CIABOC)","1"
"14128","4","Weather & Flood Warnings","1"
"14129","15","Public Holidays & Special Traffic Plans","1"
"14130","2","Arrests, Bribery & Corruption (CIABOC)","1"
"14131","4","Weather & Flood Warnings","1"
"14132","1","General Sri Lanka News (Cyclone Ditwah relief, Rupee, Tourism)","1"
"14133","12","Consumer Prices & Food (Rice/CAA)","1"
"14134","1","General Sri Lanka News (Cyclone Ditwah relief, Rupee, Tourism)","1"
"14135","13","Media, Online Safety & News Digests","1"
"14136","1","General Sri Lanka News (Cyclone Ditwah relief, Rupee, Tourism)","1"
"14137","0","Cricket","1"
"14138","1","General Sri Lanka News (Cyclone Ditwah relief, Rupee, Tourism)","1"
"14139","9","Fuel & Oil Prices (CPC)","1"
"14140","0","Cricket","1"
"14141","0","Cricket","1"
"14142","13","Media, Online Safety & News Digests","1"
"14143","13","Media, Online Safety & News Digests","1"
"14144","23","Elon Musk & Global Business News","1"
"14145","0","Cricket","1"
"14146","2","Arrests, Bribery & Corruption (CIABOC)","1"
"14147","3","Violence, Shootings & Fatal Accidents","1"
"14148","3","Violence, Shootings & Fatal Accidents","1"
"14149","0","Cricket","1"
"14150","1","General Sri Lanka News (Cyclone Ditwah relief, Rupee, Tourism)","1"
"14151","10","Education & Examinations","1"
"14152","17","Healthcare Worker Strikes (GMOA)","1"
"14153","6","Transport & Railways","1"
"14154","3","Violence, Shootings & Fatal Accidents","1"
"14155","1","General Sri Lanka News (Cyclone Ditwah relief, Rupee, Tourism)","1"
"14156","6","Transport & Railways","1"
"14157","17","Healthcare Worker Strikes (GMOA)","1"
"14158","8","Electricity Tariffs & CEB","1"
"14159","3","Violence, Shootings & Fatal Accidents","1"
"14160","13","Media, Online Safety & News Digests","1"
"14161","3","Violence, Shootings & Fatal Accidents","1"
"14162","13","Media, Online Safety & News Digests","1"
"14163","6","Transport & Railways","1"
"14164","1","General Sri Lanka News (Cyclone Ditwah relief, Rupee, Tourism)","1"
"14165","0","Cricket","1"
"14166","8","Electricity Tariffs & CEB","1"
"14167","13","Media, Online Safety & News Digests","1"
"14168","13","Media, Online Safety & News Digests","1"
"14169","3","Violence, Shootings & Fatal Accidents","1"
"14170","2","Arrests, Bribery & Corruption (CIABOC)","1"
"14171","4","Weather & Flood Warnings","1"
"14172","13","Media, Online Safety & News Digests","1"
"14173","2","Arrests, Bribery & Corruption (CIABOC)","1"
"14174","1","General Sri Lanka News (Cyclone Ditwah relief, Rupee, Tourism)","1"
"14175","12","Consumer Prices & Food (Rice/CAA)","1"
"14176","1","General Sri Lanka News (Cyclone Ditwah relief, Rupee, Tourism)","1"
"14177","2","Arrests, Bribery & Corruption (CIABOC)","1"
"14178","3","Violence, Shootings & Fatal Accidents","1"
"14179","0","Cricket","1"
"14180","13","Media, Online Safety & News Digests","1"
"14181","8","Electricity Tariffs & CEB","1"
"14182","8","Electricity Tariffs & CEB","1"
"14183","6","Transport & Railways","1"
"14184","13","Media, Online Safety & News Digests","1"
"14185","10","Education & Examinations","1"
"14186","10","Education & Examinations","1"
"14187","0","Cricket","1"
"14188","0","Cricket","1"
"14189","15","Public Holidays & Special Traffic Plans","1"
"14190","3","Violence, Shootings & Fatal Accidents","1"
"14191","6","Transport & Railways","1"
"14192","3","Violence, Shootings & Fatal Accidents","1"
"14193","0","Cricket","1"
"14194","3","Violence, Shootings & Fatal Accidents","1"
"14195","3","Violence, Shootings & Fatal Accidents","1"
"14196","2","Arrests, Bribery & Corruption (CIABOC)","1"
"14197","2","Arrests, Bribery & Corruption (CIABOC)","1"
"14198","12","Consumer Prices & Food (Rice/CAA)","1"
"14199","13","Media, Online Safety & News Digests","1"
"14200","0","Cricket","1"
"14201","1","General Sri Lanka News (Cyclone Ditwah relief, Rupee, Tourism)","1"
"14202","0","Cricket","1"
"14203","0","Cricket","1"
"14204","0","Cricket","1"
"14205","0","Cricket","1"
"14206","18","Easter Sunday Attacks (Retrospective/Legal)","1"
"14207","2","Arrests, Bribery & Corruption (CIABOC)","1"
"14208","12","Consumer Prices & Food (Rice/CAA)","1"
"14209","2","Arrests, Bribery & Corruption (CIABOC)","1"
"14210","6","Transport & Railways","1"
"14211","2","Arrests, Bribery & Corruption (CIABOC)","1"
"14212","0","Cricket","1"
"14213","5","Iran War & Geopolitics (Trump/Hormuz)","1"
"14214","2","Arrests, Bribery & Corruption (CIABOC)","1"
"14215","3","Violence, Shootings & Fatal Accidents","1"
"14216","2","Arrests, Bribery & Corruption (CIABOC)","1"
"14217","1","General Sri Lanka News (Cyclone Ditwah relief, Rupee, Tourism)","1"
"14218","0","Cricket","1"
"14219","7","Health & Dengue","1"
"14220","0","Cricket","1"
"14221","0","Cricket","1"
"14222","0","Cricket","1"
"14223","2","Arrests, Bribery & Corruption (CIABOC)","1"
"14224","2","Arrests, Bribery & Corruption (CIABOC)","1"
"14225","12","Consumer Prices & Food (Rice/CAA)","1"
"14226","2","Arrests, Bribery & Corruption (CIABOC)","1"
"14227","1","General Sri Lanka News (Cyclone Ditwah relief, Rupee, Tourism)","1"
"14228","1","General Sri Lanka News (Cyclone Ditwah relief, Rupee, Tourism)","1"
"14229","19","NASA & Space (Artemis)","1"
"14230","15","Public Holidays & Special Traffic Plans","1"
"14231","1","General Sri Lanka News (Cyclone Ditwah relief, Rupee, Tourism)","1"
"14232","1","General Sri Lanka News (Cyclone Ditwah relief, Rupee, Tourism)","1"
"14233","1","General Sri Lanka News (Cyclone Ditwah relief, Rupee, Tourism)","1"
"14234","13","Media, Online Safety & News Digests","1"
"14235","1","General Sri Lanka News (Cyclone Ditwah relief, Rupee, Tourism)","1"
"14236","1","General Sri Lanka News (Cyclone Ditwah relief, Rupee, Tourism)","1"
"14237","0","Cricket","1"
"14238","19","NASA & Space (Artemis)","1"
"14239","1","General Sri Lanka News (Cyclone Ditwah relief, Rupee, Tourism)","1"
"14240","2","Arrests, Bribery & Corruption (CIABOC)","1"
"14241","5","Iran War & Geopolitics (Trump/Hormuz)","1"
"14242","0","Cricket","1"
"14243","0","Cricket","1"
"14244","6","Transport & Railways","1"
"14245","2","Arrests, Bribery & Corruption (CIABOC)","1"
"14246","14","US/China Trade & Tariffs","1"
"14247","0","Cricket","1"
"14248","8","Electricity Tariffs & CEB","1"
"14249","17","Healthcare Worker Strikes (GMOA)","1"
"14250","2","Arrests, Bribery & Corruption (CIABOC)","1"
"14251","3","Violence, Shootings & Fatal Accidents","1"
"14252","8","Electricity Tariffs & CEB","1"
"14253","0","Cricket","1"
"14254","7","Health & Dengue","1"
"14255","1","General Sri Lanka News (Cyclone Ditwah relief, Rupee, Tourism)","1"
"14256","3","Violence, Shootings & Fatal Accidents","1"
"14257","17","Healthcare Worker Strikes (GMOA)","1"
"14258","1","General Sri Lanka News (Cyclone Ditwah relief, Rupee, Tourism)","1"
"14259","6","Transport & Railways","1"
"14260","1","General Sri Lanka News (Cyclone Ditwah relief, Rupee, Tourism)","1"
"14261","1","General Sri Lanka News (Cyclone Ditwah relief, Rupee, Tourism)","1"
"14262","2","Arrests, Bribery & Corruption (CIABOC)","1"
"14263","1","General Sri Lanka News (Cyclone Ditwah relief, Rupee, Tourism)","1"
"14264","0","Cricket","1"
"14265","0","Cricket","1"
"14266","0","Cricket","1"
"14267","1","General Sri Lanka News (Cyclone Ditwah relief, Rupee, Tourism)","1"
"14268","0","Cricket","1"
"14269","0","Cricket","1"
"14270","17","Healthcare Worker Strikes (GMOA)","1"
"14271","0","Cricket","1"
"14272","0","Cricket","1"
"14273","0","Cricket","1"
"14274","13","Media, Online Safety & News Digests","1"
"14275","2","Arrests, Bribery & Corruption (CIABOC)","1"
"14276","0","Cricket","1"
"14277","17","Healthcare Worker Strikes (GMOA)","1"
"14278","5","Iran War & Geopolitics (Trump/Hormuz)","1"
"14279","8","Electricity Tariffs & CEB","1"
"14280","6","Transport & Railways","1"
"14281","15","Public Holidays & Special Traffic Plans","1"
"14282","2","Arrests, Bribery & Corruption (CIABOC)","1"
"14283","8","Electricity Tariffs & CEB","1"
"14284","0","Cricket","1"
"14285","3","Violence, Shootings & Fatal Accidents","1"
"14286","2","Arrests, Bribery & Corruption (CIABOC)","1"
"14287","10","Education & Examinations","1"
"14288","6","Transport & Railways","1"
"14289","11","Wildlife & Human-Elephant Conflict","1"
"14290","0","Cricket","1"
"14291","2","Arrests, Bribery & Corruption (CIABOC)","1"
"14292","2","Arrests, Bribery & Corruption (CIABOC)","1"
"14293","8","Electricity Tariffs & CEB","1"
"14294","0","Cricket","1"
"14295","12","Consumer Prices & Food (Rice/CAA)","1"
"14296","0","Cricket","1"
"14297","1","General Sri Lanka News (Cyclone Ditwah relief, Rupee, Tourism)","1"
"14298","0","Cricket","1"
"14299","0","Cricket","1"
"14300","6","Transport & Railways","1"
"14301","0","Cricket","1"
"14302","2","Arrests, Bribery & Corruption (CIABOC)","1"
"14303","13","Media, Online Safety & News Digests","1"
"14304","17","Healthcare Worker Strikes (GMOA)","1"
"14305","3","Violence, Shootings & Fatal Accidents","1"
"14306","9","Fuel & Oil Prices (CPC)","1"
"14307","7","Health & Dengue","1"
"14308","0","Cricket","1"
"14309","1","General Sri Lanka News (Cyclone Ditwah relief, Rupee, Tourism)","1"
"14310","1","General Sri Lanka News (Cyclone Ditwah relief, Rupee, Tourism)","1"
"14311","12","Consumer Prices & Food (Rice/CAA)","1"
"14312","2","Arrests, Bribery & Corruption (CIABOC)","1"
"14313","10","Education & Examinations","1"
"14314","0","Cricket","1"
"14315","0","Cricket","1"
"14316","5","Iran War & Geopolitics (Trump/Hormuz)","1"
"14317","10","Education & Examinations","1"
"14318","1","General Sri Lanka News (Cyclone Ditwah relief, Rupee, Tourism)","1"
"14319","4","Weather & Flood Warnings","1"
"14320","12","Consumer Prices & Food (Rice/CAA)","1"
"14321","7","Health & Dengue","1"
"14322","1","General Sri Lanka News (Cyclone Ditwah relief, Rupee, Tourism)","1"
"14323","1","General Sri Lanka News (Cyclone Ditwah relief, Rupee, Tourism)","1"
"14324","1","General Sri Lanka News (Cyclone Ditwah relief, Rupee, Tourism)","1"
"14325","0","Cricket","1"
"14326","10","Education & Examinations","1"
"14327","0","Cricket","1"
"14328","0","Cricket","1"
"14329","0","Cricket","1"
"14330","1","General Sri Lanka News (Cyclone Ditwah relief, Rupee, Tourism)","1"
"14331","14","US/China Trade & Tariffs","1"
"14332","0","Cricket","1"
"14333","1","General Sri Lanka News (Cyclone Ditwah relief, Rupee, Tourism)","1"
"14334","17","Healthcare Worker Strikes (GMOA)","1"
"14335","0","Cricket","1"
"14336","13","Media, Online Safety & News Digests","1"
"14337","2","Arrests, Bribery & Corruption (CIABOC)","1"
"14338","3","Violence, Shootings & Fatal Accidents","1"
"14339","17","Healthcare Worker Strikes (GMOA)","1"
"14340","2","Arrests, Bribery & Corruption (CIABOC)","1"
"14341","7","Health & Dengue","1"
"14342","17","Healthcare Worker Strikes (GMOA)","1"
"14343","13","Media, Online Safety & News Digests","1"
"14344","0","Cricket","1"
"14345","1","General Sri Lanka News (Cyclone Ditwah relief, Rupee, Tourism)","1"
"14346","5","Iran War & Geopolitics (Trump/Hormuz)","1"
"14347","17","Healthcare Worker Strikes (GMOA)","1"
"14348","0","Cricket","1"
"14349","13","Media, Online Safety & News Digests","1"
"14350","1","General Sri Lanka News (Cyclone Ditwah relief, Rupee, Tourism)","1"
"14351","3","Violence, Shootings & Fatal Accidents","1"
"14352","0","Cricket","1"
"14353","0","Cricket","1"
"14354","17","Healthcare Worker Strikes (GMOA)","1"
"14355","2","Arrests, Bribery & Corruption (CIABOC)","1"
"14356","2","Arrests, Bribery & Corruption (CIABOC)","1"
"14357","1","General Sri Lanka News (Cyclone Ditwah relief, Rupee, Tourism)","1"
"14358","0","Cricket","1"
"14359","8","Electricity Tariffs & CEB","1"
"14360","2","Arrests, Bribery & Corruption (CIABOC)","1"
"14361","0","Cricket","1"
"14362","1","General Sri Lanka News (Cyclone Ditwah relief, Rupee, Tourism)","1"
"14363","2","Arrests, Bribery & Corruption (CIABOC)","1"
"14364","2","Arrests, Bribery & Corruption (CIABOC)","1"
"14365","0","Cricket","1"
"14366","1","General Sri Lanka News (Cyclone Ditwah relief, Rupee, Tourism)","1"
"14367","0","Cricket","1"
"14368","3","Violence, Shootings & Fatal Accidents","1"
"14369","18","Easter Sunday Attacks (Retrospective/Legal)","1"
"14370","18","Easter Sunday Attacks (Retrospective/Legal)","1"
"14371","12","Consumer Prices & Food (Rice/CAA)","1"
"14372","1","General Sri Lanka News (Cyclone Ditwah relief, Rupee, Tourism)","1"
"14373","8","Electricity Tariffs & CEB","1"
"14374","1","General Sri Lanka News (Cyclone Ditwah relief, Rupee, Tourism)","1"
"14375","0","Cricket","1"
"14376","2","Arrests, Bribery & Corruption (CIABOC)","1"
"14377","0","Cricket","1"
"14378","3","Violence, Shootings & Fatal Accidents","1"
"14379","17","Healthcare Worker Strikes (GMOA)","1"
"14380","14","US/China Trade & Tariffs","1"
"14381","2","Arrests, Bribery & Corruption (CIABOC)","1"
"14382","5","Iran War & Geopolitics (Trump/Hormuz)","1"
"14383","1","General Sri Lanka News (Cyclone Ditwah relief, Rupee, Tourism)","1"
"14384","2","Arrests, Bribery & Corruption (CIABOC)","1"
"14385","1","General Sri Lanka News (Cyclone Ditwah relief, Rupee, Tourism)","1"
"14386","0","Cricket","1"
"14387","5","Iran War & Geopolitics (Trump/Hormuz)","1"
"14388","1","General Sri Lanka News (Cyclone Ditwah relief, Rupee, Tourism)","1"
"14389","2","Arrests, Bribery & Corruption (CIABOC)","1"
"14390","5","Iran War & Geopolitics (Trump/Hormuz)","1"
"14391","2","Arrests, Bribery & Corruption (CIABOC)","1"
"14392","1","General Sri Lanka News (Cyclone Ditwah relief, Rupee, Tourism)","1"
"14393","0","Cricket","1"
"14394","10","Education & Examinations","1"
"14395","1","General Sri Lanka News (Cyclone Ditwah relief, Rupee, Tourism)","1"
"14396","0","Cricket","1"
"14397","8","Electricity Tariffs & CEB","1"
"14398","1","General Sri Lanka News (Cyclone Ditwah relief, Rupee, Tourism)","1"
"14399","4","Weather & Flood Warnings","1"
"14400","8","Electricity Tariffs & CEB","1"
"14401","0","Cricket","1"
"14402","13","Media, Online Safety & News Digests","1"
"14403","17","Healthcare Worker Strikes (GMOA)","1"
"14404","12","Consumer Prices & Food (Rice/CAA)","1"
"14405","5","Iran War & Geopolitics (Trump/Hormuz)","1"
"14406","0","Cricket","1"
"14407","17","Healthcare Worker Strikes (GMOA)","1"
"14408","0","Cricket","1"
"14409","14","US/China Trade & Tariffs","1"
"14410","0","Cricket","1"
"14411","1","General Sri Lanka News (Cyclone Ditwah relief, Rupee, Tourism)","1"
"14412","0","Cricket","1"
"14413","0","Cricket","1"
"14414","8","Electricity Tariffs & CEB","1"
"14415","0","Cricket","1"
"14416","4","Weather & Flood Warnings","1"
"14417","0","Cricket","1"
"14418","2","Arrests, Bribery & Corruption (CIABOC)","1"
"14419","0","Cricket","1"
"14420","0","Cricket","1"
"14421","0","Cricket","1"
"14422","7","Health & Dengue","1"
"14423","0","Cricket","1"
"14424","1","General Sri Lanka News (Cyclone Ditwah relief, Rupee, Tourism)","1"
"14425","2","Arrests, Bribery & Corruption (CIABOC)","1"
"14426","13","Media, Online Safety & News Digests","1"
"14427","2","Arrests, Bribery & Corruption (CIABOC)","1"
"14428","9","Fuel & Oil Prices (CPC)","1"
"14429","0","Cricket","1"
"14430","0","Cricket","1"
"14431","2","Arrests, Bribery & Corruption (CIABOC)","1"
"14432","0","Cricket","1"
"14433","0","Cricket","1"
"14434","0","Cricket","1"
"14435","4","Weather & Flood Warnings","1"
"14436","17","Healthcare Worker Strikes (GMOA)","1"
"14437","1","General Sri Lanka News (Cyclone Ditwah relief, Rupee, Tourism)","1"
"14438","0","Cricket","1"
"14439","0","Cricket","1"
"14440","1","General Sri Lanka News (Cyclone Ditwah relief, Rupee, Tourism)","1"
"14441","0","Cricket","1"
"14442","0","Cricket","1"
"14443","8","Electricity Tariffs & CEB","1"
"14444","7","Health & Dengue","1"
"14445","0","Cricket","1"
"14446","2","Arrests, Bribery & Corruption (CIABOC)","1"
"14447","1","General Sri Lanka News (Cyclone Ditwah relief, Rupee, Tourism)","1"
"14448","0","Cricket","1"
"14449","1","General Sri Lanka News (Cyclone Ditwah relief, Rupee, Tourism)","1"
"14450","1","General Sri Lanka News (Cyclone Ditwah relief, Rupee, Tourism)","1"
"14451","1","General Sri Lanka News (Cyclone Ditwah relief, Rupee, Tourism)","1"
"14452","4","Weather & Flood Warnings","1"
"14453","3","Violence, Shootings & Fatal Accidents","1"
"14454","0","Cricket","1"
"14455","2","Arrests, Bribery & Corruption (CIABOC)","1"
"14456","0","Cricket","1"
"14457","8","Electricity Tariffs & CEB","1"
"14458","1","General Sri Lanka News (Cyclone Ditwah relief, Rupee, Tourism)","1"
"14459","0","Cricket","1"
"14460","0","Cricket","1"
"14461","0","Cricket","1"
"14462","4","Weather & Flood Warnings","1"
"14463","8","Electricity Tariffs & CEB","1"
"14464","1","General Sri Lanka News (Cyclone Ditwah relief, Rupee, Tourism)","1"
"14465","0","Cricket","1"
"14466","11","Wildlife & Human-Elephant Conflict","1"
"14467","6","Transport & Railways","1"
"14468","12","Consumer Prices & Food (Rice/CAA)","1"
"14469","1","General Sri Lanka News (Cyclone Ditwah relief, Rupee, Tourism)","1"
"14470","0","Cricket","1"
"14471","17","Healthcare Worker Strikes (GMOA)","1"
"14472","0","Cricket","1"
"14473","0","Cricket","1"
"14474","0","Cricket","1"
"14475","0","Cricket","1"
"14476","3","Violence, Shootings & Fatal Accidents","1"
"14477","1","General Sri Lanka News (Cyclone Ditwah relief, Rupee, Tourism)","1"
"14478","4","Weather & Flood Warnings","1"
"14479","2","Arrests, Bribery & Corruption (CIABOC)","1"
"14480","2","Arrests, Bribery & Corruption (CIABOC)","1"
"14481","2","Arrests, Bribery & Corruption (CIABOC)","1"
"14482","1","General Sri Lanka News (Cyclone Ditwah relief, Rupee, Tourism)","1"
"14483","8","Electricity Tariffs & CEB","1"
"14484","0","Cricket","1"
"14485","0","Cricket","1"
"14486","8","Electricity Tariffs & CEB","1"
"14487","2","Arrests, Bribery & Corruption (CIABOC)","1"
"14488","3","Violence, Shootings & Fatal Accidents","1"
"14489","1","General Sri Lanka News (Cyclone Ditwah relief, Rupee, Tourism)","1"
"14490","0","Cricket","1"
"14491","0","Cricket","1"
"14492","0","Cricket","1"
"14493","8","Electricity Tariffs & CEB","1"
"14494","1","General Sri Lanka News (Cyclone Ditwah relief, Rupee, Tourism)","1"
"14495","8","Electricity Tariffs & CEB","1"
"14496","7","Health & Dengue","1"
"14497","7","Health & Dengue","1"
"14498","1","General Sri Lanka News (Cyclone Ditwah relief, Rupee, Tourism)","1"
"14499","3","Violence, Shootings & Fatal Accidents","1"
"14500","12","Consumer Prices & Food (Rice/CAA)","1"
"14501","4","Weather & Flood Warnings","1"
"14502","3","Violence, Shootings & Fatal Accidents","1"
"14503","8","Electricity Tariffs & CEB","1"
"14504","15","Public Holidays & Special Traffic Plans","1"
"14505","1","General Sri Lanka News (Cyclone Ditwah relief, Rupee, Tourism)","1"
"14506","0","Cricket","1"
"14507","3","Violence, Shootings & Fatal Accidents","1"
"14508","0","Cricket","1"
"14509","12","Consumer Prices & Food (Rice/CAA)","1"
"14510","0","Cricket","1"
"14511","18","Easter Sunday Attacks (Retrospective/Legal)","1"
"14512","0","Cricket","1"
"14513","1","General Sri Lanka News (Cyclone Ditwah relief, Rupee, Tourism)","1"
"14514","2","Arrests, Bribery & Corruption (CIABOC)","1"
"14515","0","Cricket","1"
"14516","0","Cricket","1"
"14517","2","Arrests, Bribery & Corruption (CIABOC)","1"
"14518","1","General Sri Lanka News (Cyclone Ditwah relief, Rupee, Tourism)","1"
"14519","0","Cricket","1"
"14520","8","Electricity Tariffs & CEB","1"
"14521","0","Cricket","1"
"14522","0","Cricket","1"
"14523","6","Transport & Railways","1"
"14524","1","General Sri Lanka News (Cyclone Ditwah relief, Rupee, Tourism)","1"
"14525","1","General Sri Lanka News (Cyclone Ditwah relief, Rupee, Tourism)","1"
"14526","2","Arrests, Bribery & Corruption (CIABOC)","1"
"14527","2","Arrests, Bribery & Corruption (CIABOC)","1"
"14528","0","Cricket","1"
"14529","3","Violence, Shootings & Fatal Accidents","1"
"14530","14","US/China Trade & Tariffs","1"
"14531","2","Arrests, Bribery & Corruption (CIABOC)","1"
"14532","0","Cricket","1"
"14533","12","Consumer Prices & Food (Rice/CAA)","1"
"14534","0","Cricket","1"
"14535","8","Electricity Tariffs & CEB","1"
"14536","13","Media, Online Safety & News Digests","1"
"14537","1","General Sri Lanka News (Cyclone Ditwah relief, Rupee, Tourism)","1"
"14538","0","Cricket","1"
"14539","1","General Sri Lanka News (Cyclone Ditwah relief, Rupee, Tourism)","1"
"14540","2","Arrests, Bribery & Corruption (CIABOC)","1"
"14541","6","Transport & Railways","1"
"14542","1","General Sri Lanka News (Cyclone Ditwah relief, Rupee, Tourism)","1"
"14543","8","Electricity Tariffs & CEB","1"
"14544","1","General Sri Lanka News (Cyclone Ditwah relief, Rupee, Tourism)","1"
"14545","2","Arrests, Bribery & Corruption (CIABOC)","1"
"14546","2","Arrests, Bribery & Corruption (CIABOC)","1"
"14547","1","General Sri Lanka News (Cyclone Ditwah relief, Rupee, Tourism)","1"
"14548","6","Transport & Railways","1"
"14549","0","Cricket","1"
"14550","5","Iran War & Geopolitics (Trump/Hormuz)","1"
"14551","8","Electricity Tariffs & CEB","1"
"14552","0","Cricket","1"
"14553","2","Arrests, Bribery & Corruption (CIABOC)","1"
"14554","2","Arrests, Bribery & Corruption (CIABOC)","1"
"14555","0","Cricket","1"
"14556","2","Arrests, Bribery & Corruption (CIABOC)","1"
"14557","7","Health & Dengue","1"
"14558","3","Violence, Shootings & Fatal Accidents","1"
"14559","2","Arrests, Bribery & Corruption (CIABOC)","1"
"14560","7","Health & Dengue","1"
"14561","13","Media, Online Safety & News Digests","1"
"14562","7","Health & Dengue","1"
"14563","0","Cricket","1"
"14564","2","Arrests, Bribery & Corruption (CIABOC)","1"
"14565","1","General Sri Lanka News (Cyclone Ditwah relief, Rupee, Tourism)","1"
"14566","6","Transport & Railways","1"
"14567","0","Cricket","1"
"14568","2","Arrests, Bribery & Corruption (CIABOC)","1"
"14569","0","Cricket","1"
"14570","12","Consumer Prices & Food (Rice/CAA)","1"
"14571","1","General Sri Lanka News (Cyclone Ditwah relief, Rupee, Tourism)","1"
"14572","2","Arrests, Bribery & Corruption (CIABOC)","1"
"14573","7","Health & Dengue","1"
"14574","12","Consumer Prices & Food (Rice/CAA)","1"
"14575","8","Electricity Tariffs & CEB","1"
"14576","2","Arrests, Bribery & Corruption (CIABOC)","1"
"14577","8","Electricity Tariffs & CEB","1"
"14578","8","Electricity Tariffs & CEB","1"
"14579","6","Transport & Railways","1"
"14580","0","Cricket","1"
"14581","0","Cricket","1"
"14582","10","Education & Examinations","1"
"14583","6","Transport & Railways","1"
"14584","1","General Sri Lanka News (Cyclone Ditwah relief, Rupee, Tourism)","1"
"14585","6","Transport & Railways","1"
"14586","0","Cricket","1"
"14587","0","Cricket","1"
"14588","0","Cricket","1"
"14589","0","Cricket","1"
"14590","2","Arrests, Bribery & Corruption (CIABOC)","1"
"14591","8","Electricity Tariffs & CEB","1"
"14592","2","Arrests, Bribery & Corruption (CIABOC)","1"
"14593","4","Weather & Flood Warnings","1"
"14594","2","Arrests, Bribery & Corruption (CIABOC)","1"
"14595","0","Cricket","1"
"14596","13","Media, Online Safety & News Digests","1"
"14597","8","Electricity Tariffs & CEB","1"
"14598","2","Arrests, Bribery & Corruption (CIABOC)","1"
"14599","7","Health & Dengue","1"
"14600","5","Iran War & Geopolitics (Trump/Hormuz)","1"
"14601","5","Iran War & Geopolitics (Trump/Hormuz)","1"
"14602","2","Arrests, Bribery & Corruption (CIABOC)","1"
"14603","8","Electricity Tariffs & CEB","1"
"14604","0","Cricket","1"
"14605","0","Cricket","1"
"14606","7","Health & Dengue","1"
"14607","1","General Sri Lanka News (Cyclone Ditwah relief, Rupee, Tourism)","1"
"14608","0","Cricket","1"
"14609","6","Transport & Railways","1"
"14610","3","Violence, Shootings & Fatal Accidents","1"
"14611","4","Weather & Flood Warnings","1"
"14612","3","Violence, Shootings & Fatal Accidents","1"
"14613","1","General Sri Lanka News (Cyclone Ditwah relief, Rupee, Tourism)","1"
"14614","1","General Sri Lanka News (Cyclone Ditwah relief, Rupee, Tourism)","1"
"14615","0","Cricket","1"
"14616","0","Cricket","1"
"14617","0","Cricket","1"
"14618","4","Weather & Flood Warnings","1"
"14619","6","Transport & Railways","1"
"14620","9","Fuel & Oil Prices (CPC)","1"
"14621","3","Violence, Shootings & Fatal Accidents","1"
"14622","8","Electricity Tariffs & CEB","1"
"14623","3","Violence, Shootings & Fatal Accidents","1"
"14624","11","Wildlife & Human-Elephant Conflict","1"
"14625","8","Electricity Tariffs & CEB","1"
"14626","0","Cricket","1"
"14627","0","Cricket","1"
"14628","0","Cricket","1"
"14629","8","Electricity Tariffs & CEB","1"
"14630","0","Cricket","1"
"14631","0","Cricket","1"
"14632","0","Cricket","1"
"14633","8","Electricity Tariffs & CEB","1"
"14634","1","General Sri Lanka News (Cyclone Ditwah relief, Rupee, Tourism)","1"
"14635","15","Public Holidays & Special Traffic Plans","1"
"14636","6","Transport & Railways","1"
"14637","4","Weather & Flood Warnings","1"
"14638","2","Arrests, Bribery & Corruption (CIABOC)","1"
"14639","3","Violence, Shootings & Fatal Accidents","1"
"14640","0","Cricket","1"
"14641","9","Fuel & Oil Prices (CPC)","1"
"14642","15","Public Holidays & Special Traffic Plans","1"
"14643","9","Fuel & Oil Prices (CPC)","1"
"14644","0","Cricket","1"
"14645","0","Cricket","1"
"14646","15","Public Holidays & Special Traffic Plans","1"
"14647","10","Education & Examinations","1"
"14648","8","Electricity Tariffs & CEB","1"
"14649","9","Fuel & Oil Prices (CPC)","1"
"14650","7","Health & Dengue","1"
"14651","2","Arrests, Bribery & Corruption (CIABOC)","1"
"14652","6","Transport & Railways","1"
"14653","0","Cricket","1"
"14654","8","Electricity Tariffs & CEB","1"
"14655","15","Public Holidays & Special Traffic Plans","1"
"14656","6","Transport & Railways","1"
"14657","7","Health & Dengue","1"
"14658","1","General Sri Lanka News (Cyclone Ditwah relief, Rupee, Tourism)","1"
"14659","0","Cricket","1"
"14660","15","Public Holidays & Special Traffic Plans","1"
"14661","3","Violence, Shootings & Fatal Accidents","1"
"14662","0","Cricket","1"
"14663","2","Arrests, Bribery & Corruption (CIABOC)","1"
"14664","1","General Sri Lanka News (Cyclone Ditwah relief, Rupee, Tourism)","1"
"14665","2","Arrests, Bribery & Corruption (CIABOC)","1"
"14666","3","Violence, Shootings & Fatal Accidents","1"
"14667","7","Health & Dengue","1"
"14668","8","Electricity Tariffs & CEB","1"
"14669","15","Public Holidays & Special Traffic Plans","1"
"14670","4","Weather & Flood Warnings","1"
"14671","1","General Sri Lanka News (Cyclone Ditwah relief, Rupee, Tourism)","1"
"14672","0","Cricket","1"
"14673","8","Electricity Tariffs & CEB","1"
"14674","12","Consumer Prices & Food (Rice/CAA)","1"
"14675","8","Electricity Tariffs & CEB","1"
"14676","1","General Sri Lanka News (Cyclone Ditwah relief, Rupee, Tourism)","1"
"14677","12","Consumer Prices & Food (Rice/CAA)","1"
"14678","0","Cricket","1"
"14679","1","General Sri Lanka News (Cyclone Ditwah relief, Rupee, Tourism)","1"
"14680","6","Transport & Railways","1"
"14681","2","Arrests, Bribery & Corruption (CIABOC)","1"
"14682","8","Electricity Tariffs & CEB","1"
"14683","5","Iran War & Geopolitics (Trump/Hormuz)","1"
"14684","0","Cricket","1"
"14685","7","Health & Dengue","1"
"14686","2","Arrests, Bribery & Corruption (CIABOC)","1"
"14687","5","Iran War & Geopolitics (Trump/Hormuz)","1"
"14688","6","Transport & Railways","1"
"14689","9","Fuel & Oil Prices (CPC)","1"
"14690","8","Electricity Tariffs & CEB","1"
"14691","3","Violence, Shootings & Fatal Accidents","1"
"14692","0","Cricket","1"
"14693","1","General Sri Lanka News (Cyclone Ditwah relief, Rupee, Tourism)","1"
"14694","2","Arrests, Bribery & Corruption (CIABOC)","1"
"14695","1","General Sri Lanka News (Cyclone Ditwah relief, Rupee, Tourism)","1"
"14696","13","Media, Online Safety & News Digests","1"
"14697","6","Transport & Railways","1"
"14698","4","Weather & Flood Warnings","1"
"14699","1","General Sri Lanka News (Cyclone Ditwah relief, Rupee, Tourism)","1"
"14700","7","Health & Dengue","1"
"14701","2","Arrests, Bribery & Corruption (CIABOC)","1"
"14702","1","General Sri Lanka News (Cyclone Ditwah relief, Rupee, Tourism)","1"
"14703","2","Arrests, Bribery & Corruption (CIABOC)","1"
"14704","9","Fuel & Oil Prices (CPC)","1"
"14705","7","Health & Dengue","1"
"14706","8","Electricity Tariffs & CEB","1"
"14707","2","Arrests, Bribery & Corruption (CIABOC)","1"
"14708","1","General Sri Lanka News (Cyclone Ditwah relief, Rupee, Tourism)","1"
"14709","0","Cricket","1"
"14710","2","Arrests, Bribery & Corruption (CIABOC)","1"
"14711","2","Arrests, Bribery & Corruption (CIABOC)","1"
"14712","2","Arrests, Bribery & Corruption (CIABOC)","1"
"14713","3","Violence, Shootings & Fatal Accidents","1"
"14714","18","Easter Sunday Attacks (Retrospective/Legal)","1"
"14715","2","Arrests, Bribery & Corruption (CIABOC)","1"
"14716","1","General Sri Lanka News (Cyclone Ditwah relief, Rupee, Tourism)","1"
"14717","12","Consumer Prices & Food (Rice/CAA)","1"
"14718","7","Health & Dengue","1"
"14719","8","Electricity Tariffs & CEB","1"
"14720","8","Electricity Tariffs & CEB","1"
"14721","8","Electricity Tariffs & CEB","1"
"14722","1","General Sri Lanka News (Cyclone Ditwah relief, Rupee, Tourism)","1"
"14723","1","General Sri Lanka News (Cyclone Ditwah relief, Rupee, Tourism)","1"
"14724","6","Transport & Railways","1"
"14725","1","General Sri Lanka News (Cyclone Ditwah relief, Rupee, Tourism)","1"
"14726","6","Transport & Railways","1"
"14727","15","Public Holidays & Special Traffic Plans","1"
"14728","1","General Sri Lanka News (Cyclone Ditwah relief, Rupee, Tourism)","1"
"14729","18","Easter Sunday Attacks (Retrospective/Legal)","1"
"14730","3","Violence, Shootings & Fatal Accidents","1"
"14731","2","Arrests, Bribery & Corruption (CIABOC)","1"
"14732","1","General Sri Lanka News (Cyclone Ditwah relief, Rupee, Tourism)","1"
"14733","15","Public Holidays & Special Traffic Plans","1"
"14734","2","Arrests, Bribery & Corruption (CIABOC)","1"
"14735","13","Media, Online Safety & News Digests","1"
"14736","8","Electricity Tariffs & CEB","1"
"14737","1","General Sri Lanka News (Cyclone Ditwah relief, Rupee, Tourism)","1"
"14738","2","Arrests, Bribery & Corruption (CIABOC)","1"
"14739","18","Easter Sunday Attacks (Retrospective/Legal)","1"
"14740","3","Violence, Shootings & Fatal Accidents","1"
"14741","5","Iran War & Geopolitics (Trump/Hormuz)","1"
"14742","5","Iran War & Geopolitics (Trump/Hormuz)","1"
"14743","2","Arrests, Bribery & Corruption (CIABOC)","1"
"14744","2","Arrests, Bribery & Corruption (CIABOC)","1"
"14745","7","Health & Dengue","1"
"14746","9","Fuel & Oil Prices (CPC)","1"
"14747","22","Liquor Shop Regulations","1"
"14748","2","Arrests, Bribery & Corruption (CIABOC)","1"
"14749","11","Wildlife & Human-Elephant Conflict","1"
"14750","8","Electricity Tariffs & CEB","1"
"14751","8","Electricity Tariffs & CEB","1"
"14752","7","Health & Dengue","1"
"14753","2","Arrests, Bribery & Corruption (CIABOC)","1"
"14754","0","Cricket","1"
"14755","3","Violence, Shootings & Fatal Accidents","1"
"14756","2","Arrests, Bribery & Corruption (CIABOC)","1"
"14757","2","Arrests, Bribery & Corruption (CIABOC)","1"
"14758","1","General Sri Lanka News (Cyclone Ditwah relief, Rupee, Tourism)","1"
"14759","8","Electricity Tariffs & CEB","1"
"14760","2","Arrests, Bribery & Corruption (CIABOC)","1"
"14761","2","Arrests, Bribery & Corruption (CIABOC)","1"
"14762","7","Health & Dengue","1"
"14763","14","US/China Trade & Tariffs","1"
"14764","8","Electricity Tariffs & CEB","1"
"14765","2","Arrests, Bribery & Corruption (CIABOC)","1"
"14766","0","Cricket","1"
"14767","2","Arrests, Bribery & Corruption (CIABOC)","1"
"14768","2","Arrests, Bribery & Corruption (CIABOC)","1"
"14769","1","General Sri Lanka News (Cyclone Ditwah relief, Rupee, Tourism)","1"
"14770","0","Cricket","1"
"14771","3","Violence, Shootings & Fatal Accidents","1"
"14772","13","Media, Online Safety & News Digests","1"
"14773","2","Arrests, Bribery & Corruption (CIABOC)","1"
"14774","8","Electricity Tariffs & CEB","1"
"14775","7","Health & Dengue","1"
"14776","12","Consumer Prices & Food (Rice/CAA)","1"
"14777","1","General Sri Lanka News (Cyclone Ditwah relief, Rupee, Tourism)","1"
"14778","3","Violence, Shootings & Fatal Accidents","1"
"14779","2","Arrests, Bribery & Corruption (CIABOC)","1"
"14780","3","Violence, Shootings & Fatal Accidents","1"
"14781","0","Cricket","1"
"14782","1","General Sri Lanka News (Cyclone Ditwah relief, Rupee, Tourism)","1"
"14783","0","Cricket","1"
"14784","0","Cricket","1"
"14785","7","Health & Dengue","1"
"14786","11","Wildlife & Human-Elephant Conflict","1"
"14787","8","Electricity Tariffs & CEB","1"
"14788","8","Electricity Tariffs & CEB","1"
"14789","2","Arrests, Bribery & Corruption (CIABOC)","1"
"14790","8","Electricity Tariffs & CEB","1"
"14791","10","Education & Examinations","1"
"14792","2","Arrests, Bribery & Corruption (CIABOC)","1"
"14793","2","Arrests, Bribery & Corruption (CIABOC)","1"
"14794","0","Cricket","1"
"14795","6","Transport & Railways","1"
"14796","8","Electricity Tariffs & CEB","1"
"14797","8","Electricity Tariffs & CEB","1"
"14798","13","Media, Online Safety & News Digests","1"
"14799","0","Cricket","1"
"14800","2","Arrests, Bribery & Corruption (CIABOC)","1"
"14801","0","Cricket","1"
"14802","1","General Sri Lanka News (Cyclone Ditwah relief, Rupee, Tourism)","1"
"14803","2","Arrests, Bribery & Corruption (CIABOC)","1"
"14804","0","Cricket","1"
"14805","8","Electricity Tariffs & CEB","1"
"14806","0","Cricket","1"
"14807","0","Cricket","1"
"14808","2","Arrests, Bribery & Corruption (CIABOC)","1"
"14809","1","General Sri Lanka News (Cyclone Ditwah relief, Rupee, Tourism)","1"
"14810","7","Health & Dengue","1"
"14811","12","Consumer Prices & Food (Rice/CAA)","1"
"14812","10","Education & Examinations","1"
"14813","2","Arrests, Bribery & Corruption (CIABOC)","1"
"14814","13","Media, Online Safety & News Digests","1"
"14815","1","General Sri Lanka News (Cyclone Ditwah relief, Rupee, Tourism)","1"
"14816","0","Cricket","1"
"14817","1","General Sri Lanka News (Cyclone Ditwah relief, Rupee, Tourism)","1"
"14818","1","General Sri Lanka News (Cyclone Ditwah relief, Rupee, Tourism)","1"
"14819","1","General Sri Lanka News (Cyclone Ditwah relief, Rupee, Tourism)","1"
"14820","0","Cricket","1"
"14821","10","Education & Examinations","1"
"14822","3","Violence, Shootings & Fatal Accidents","1"
"14823","0","Cricket","1"
"14824","0","Cricket","1"
"14825","1","General Sri Lanka News (Cyclone Ditwah relief, Rupee, Tourism)","1"
"14826","2","Arrests, Bribery & Corruption (CIABOC)","1"
"14827","0","Cricket","1"
"14828","0","Cricket","1"
"14829","0","Cricket","1"
"14830","12","Consumer Prices & Food (Rice/CAA)","1"
"14831","0","Cricket","1"
"14832","7","Health & Dengue","1"
"14833","0","Cricket","1"
"14834","0","Cricket","1"
"14835","12","Consumer Prices & Food (Rice/CAA)","1"
"14836","2","Arrests, Bribery & Corruption (CIABOC)","1"
"14837","2","Arrests, Bribery & Corruption (CIABOC)","1"
"14838","18","Easter Sunday Attacks (Retrospective/Legal)","1"
"14839","0","Cricket","1"
"14840","1","General Sri Lanka News (Cyclone Ditwah relief, Rupee, Tourism)","1"
"14841","8","Electricity Tariffs & CEB","1"
"14842","9","Fuel & Oil Prices (CPC)","1"
"14843","5","Iran War & Geopolitics (Trump/Hormuz)","1"
"14844","6","Transport & Railways","1"
"14845","2","Arrests, Bribery & Corruption (CIABOC)","1"
"14846","2","Arrests, Bribery & Corruption (CIABOC)","1"
"14847","1","General Sri Lanka News (Cyclone Ditwah relief, Rupee, Tourism)","1"
"14848","0","Cricket","1"
"14849","4","Weather & Flood Warnings","1"
"14850","8","Electricity Tariffs & CEB","1"
"14851","1","General Sri Lanka News (Cyclone Ditwah relief, Rupee, Tourism)","1"
"14852","1","General Sri Lanka News (Cyclone Ditwah relief, Rupee, Tourism)","1"
"14853","2","Arrests, Bribery & Corruption (CIABOC)","1"
"14854","1","General Sri Lanka News (Cyclone Ditwah relief, Rupee, Tourism)","1"
"14855","10","Education & Examinations","1"
"14856","0","Cricket","1"
"14857","1","General Sri Lanka News (Cyclone Ditwah relief, Rupee, Tourism)","1"
"14858","12","Consumer Prices & Food (Rice/CAA)","1"
"14859","0","Cricket","1"
"14860","2","Arrests, Bribery & Corruption (CIABOC)","1"
"14861","0","Cricket","1"
"14862","12","Consumer Prices & Food (Rice/CAA)","1"
"14863","4","Weather & Flood Warnings","1"
"14864","7","Health & Dengue","1"
"14865","3","Violence, Shootings & Fatal Accidents","1"
"14866","0","Cricket","1"
"14867","0","Cricket","1"
"14868","0","Cricket","1"
"14869","10","Education & Examinations","1"
"14870","12","Consumer Prices & Food (Rice/CAA)","1"
"14871","0","Cricket","1"
"14872","4","Weather & Flood Warnings","1"
"14873","7","Health & Dengue","1"
"14874","7","Health & Dengue","1"
"14875","2","Arrests, Bribery & Corruption (CIABOC)","1"
"14876","0","Cricket","1"
"14877","8","Electricity Tariffs & CEB","1"
"14878","1","General Sri Lanka News (Cyclone Ditwah relief, Rupee, Tourism)","1"
"14879","1","General Sri Lanka News (Cyclone Ditwah relief, Rupee, Tourism)","1"
"14880","0","Cricket","1"
"14881","0","Cricket","1"
"14882","8","Electricity Tariffs & CEB","1"
"14883","1","General Sri Lanka News (Cyclone Ditwah relief, Rupee, Tourism)","1"
"14884","2","Arrests, Bribery & Corruption (CIABOC)","1"
"14885","3","Violence, Shootings & Fatal Accidents","1"
"14886","2","Arrests, Bribery & Corruption (CIABOC)","1"
"14887","0","Cricket","1"
"14888","0","Cricket","1"
"14889","7","Health & Dengue","1"
"14890","2","Arrests, Bribery & Corruption (CIABOC)","1"
"14891","7","Health & Dengue","1"
"14892","15","Public Holidays & Special Traffic Plans","1"
"14893","5","Iran War & Geopolitics (Trump/Hormuz)","1"
"14894","12","Consumer Prices & Food (Rice/CAA)","1"
"14895","0","Cricket","1"
"14896","0","Cricket","1"
"14897","0","Cricket","1"
"14898","11","Wildlife & Human-Elephant Conflict","1"
"14899","4","Weather & Flood Warnings","1"
"14900","3","Violence, Shootings & Fatal Accidents","1"
"14901","17","Healthcare Worker Strikes (GMOA)","1"
"14902","6","Transport & Railways","1"
"14903","0","Cricket","1"
"14904","8","Electricity Tariffs & CEB","1"
"14905","1","General Sri Lanka News (Cyclone Ditwah relief, Rupee, Tourism)","1"
"14906","4","Weather & Flood Warnings","1"
"14907","1","General Sri Lanka News (Cyclone Ditwah relief, Rupee, Tourism)","1"
"14908","2","Arrests, Bribery & Corruption (CIABOC)","1"
"14909","0","Cricket","1"
"14910","0","Cricket","1"
"14911","3","Violence, Shootings & Fatal Accidents","1"
"14912","0","Cricket","1"
"14913","7","Health & Dengue","1"
"14914","4","Weather & Flood Warnings","1"
"14915","12","Consumer Prices & Food (Rice/CAA)","1"
"14916","12","Consumer Prices & Food (Rice/CAA)","1"
"14917","0","Cricket","1"
"14918","12","Consumer Prices & Food (Rice/CAA)","1"
"14919","2","Arrests, Bribery & Corruption (CIABOC)","1"
"14920","3","Violence, Shootings & Fatal Accidents","1"
"14921","3","Violence, Shootings & Fatal Accidents","1"
"14922","0","Cricket","1"
"14923","0","Cricket","1"
"14924","0","Cricket","1"
"14925","2","Arrests, Bribery & Corruption (CIABOC)","1"
"14926","7","Health & Dengue","1"
"14927","16","Stock Market (CSE)","1"
"14928","0","Cricket","1"
"14929","2","Arrests, Bribery & Corruption (CIABOC)","1"
"14930","0","Cricket","1"
"14931","15","Public Holidays & Special Traffic Plans","1"
"14932","2","Arrests, Bribery & Corruption (CIABOC)","1"
"14933","8","Electricity Tariffs & CEB","1"
"14934","2","Arrests, Bribery & Corruption (CIABOC)","1"
"14935","1","General Sri Lanka News (Cyclone Ditwah relief, Rupee, Tourism)","1"
"14936","0","Cricket","1"
"14937","2","Arrests, Bribery & Corruption (CIABOC)","1"
"14938","6","Transport & Railways","1"
"14939","17","Healthcare Worker Strikes (GMOA)","1"
"14940","1","General Sri Lanka News (Cyclone Ditwah relief, Rupee, Tourism)","1"
"14941","0","Cricket","1"
"14942","4","Weather & Flood Warnings","1"
"14943","22","Liquor Shop Regulations","1"
"14944","7","Health & Dengue","1"
"14945","8","Electricity Tariffs & CEB","1"
"14946","0","Cricket","1"
"14947","1","General Sri Lanka News (Cyclone Ditwah relief, Rupee, Tourism)","1"
"14948","0","Cricket","1"
"14949","10","Education & Examinations","1"
"14950","0","Cricket","1"
"14951","0","Cricket","1"
"14952","8","Electricity Tariffs & CEB","1"
"14953","8","Electricity Tariffs & CEB","1"
"14954","17","Healthcare Worker Strikes (GMOA)","1"
"14955","0","Cricket","1"
"14956","1","General Sri Lanka News (Cyclone Ditwah relief, Rupee, Tourism)","1"
"14957","0","Cricket","1"
"14958","6","Transport & Railways","1"
"14959","2","Arrests, Bribery & Corruption (CIABOC)","1"
"14960","1","General Sri Lanka News (Cyclone Ditwah relief, Rupee, Tourism)","1"
"14961","1","General Sri Lanka News (Cyclone Ditwah relief, Rupee, Tourism)","1"
"14962","12","Consumer Prices & Food (Rice/CAA)","1"
"14963","0","Cricket","1"
"14964","0","Cricket","1"
"14965","10","Education & Examinations","1"
"14966","2","Arrests, Bribery & Corruption (CIABOC)","1"
"14967","11","Wildlife & Human-Elephant Conflict","1"
"14968","0","Cricket","1"
"14969","1","General Sri Lanka News (Cyclone Ditwah relief, Rupee, Tourism)","1"
"14970","8","Electricity Tariffs & CEB","1"
"14971","1","General Sri Lanka News (Cyclone Ditwah relief, Rupee, Tourism)","1"
"14972","1","General Sri Lanka News (Cyclone Ditwah relief, Rupee, Tourism)","1"
"14973","1","General Sri Lanka News (Cyclone Ditwah relief, Rupee, Tourism)","1"
"14974","7","Health & Dengue","1"
"14975","8","Electricity Tariffs & CEB","1"
"14976","1","General Sri Lanka News (Cyclone Ditwah relief, Rupee, Tourism)","1"
"14977","2","Arrests, Bribery & Corruption (CIABOC)","1"
"14978","11","Wildlife & Human-Elephant Conflict","1"
"14979","0","Cricket","1"
"14980","8","Electricity Tariffs & CEB","1"
"14981","3","Violence, Shootings & Fatal Accidents","1"
"14982","0","Cricket","1"
"14983","8","Electricity Tariffs & CEB","1"
"14984","8","Electricity Tariffs & CEB","1"
"14985","11","Wildlife & Human-Elephant Conflict","1"
"14986","13","Media, Online Safety & News Digests","1"
"14987","13","Media, Online Safety & News Digests","1"
"14988","12","Consumer Prices & Food (Rice/CAA)","1"
"14989","17","Healthcare Worker Strikes (GMOA)","1"
"14990","1","General Sri Lanka News (Cyclone Ditwah relief, Rupee, Tourism)","1"
"14991","3","Violence, Shootings & Fatal Accidents","1"
"14992","1","General Sri Lanka News (Cyclone Ditwah relief, Rupee, Tourism)","1"
"14993","8","Electricity Tariffs & CEB","1"
"14994","7","Health & Dengue","1"
"14995","0","Cricket","1"
"14996","17","Healthcare Worker Strikes (GMOA)","1"
"14997","4","Weather & Flood Warnings","1"
"14998","1","General Sri Lanka News (Cyclone Ditwah relief, Rupee, Tourism)","1"
"14999","12","Consumer Prices & Food (Rice/CAA)","1"
"15000","2","Arrests, Bribery & Corruption (CIABOC)","1"
"15001","0","Cricket","1"
"15002","0","Cricket","1"
"15003","8","Electricity Tariffs & CEB","1"
"15004","0","Cricket","1"
"15005","4","Weather & Flood Warnings","1"
"15006","0","Cricket","1"
"15007","8","Electricity Tariffs & CEB","1"
"15008","1","General Sri Lanka News (Cyclone Ditwah relief, Rupee, Tourism)","1"
"15009","1","General Sri Lanka News (Cyclone Ditwah relief, Rupee, Tourism)","1"
"15010","8","Electricity Tariffs & CEB","1"
"15011","14","US/China Trade & Tariffs","1"
"15012","0","Cricket","1"
"15013","7","Health & Dengue","1"
"15014","0","Cricket","1"
"15015","2","Arrests, Bribery & Corruption (CIABOC)","1"
"15016","0","Cricket","1"
"15017","8","Electricity Tariffs & CEB","1"
"15018","2","Arrests, Bribery & Corruption (CIABOC)","1"
"15019","1","General Sri Lanka News (Cyclone Ditwah relief, Rupee, Tourism)","1"
"15020","8","Electricity Tariffs & CEB","1"
"15021","7","Health & Dengue","1"
"15022","8","Electricity Tariffs & CEB","1"
"15023","1","General Sri Lanka News (Cyclone Ditwah relief, Rupee, Tourism)","1"
"15024","2","Arrests, Bribery & Corruption (CIABOC)","1"
"15025","0","Cricket","1"
"15026","0","Cricket","1"
"15027","6","Transport & Railways","1"
"15028","2","Arrests, Bribery & Corruption (CIABOC)","1"
"15029","0","Cricket","1"
"15030","1","General Sri Lanka News (Cyclone Ditwah relief, Rupee, Tourism)","1"
"15031","0","Cricket","1"
"15032","2","Arrests, Bribery & Corruption (CIABOC)","1"
"15033","8","Electricity Tariffs & CEB","1"
"15034","8","Electricity Tariffs & CEB","1"
"15035","3","Violence, Shootings & Fatal Accidents","1"
"15036","0","Cricket","1"
"15037","0","Cricket","1"
"15038","8","Electricity Tariffs & CEB","1"
"15039","8","Electricity Tariffs & CEB","1"
"15040","8","Electricity Tariffs & CEB","1"
"15041","8","Electricity Tariffs & CEB","1"
"15042","8","Electricity Tariffs & CEB","1"
"15043","3","Violence, Shootings & Fatal Accidents","1"
"15044","1","General Sri Lanka News (Cyclone Ditwah relief, Rupee, Tourism)","1"
"15045","2","Arrests, Bribery & Corruption (CIABOC)","1"
"15046","8","Electricity Tariffs & CEB","1"
"15047","3","Violence, Shootings & Fatal Accidents","1"
"15048","2","Arrests, Bribery & Corruption (CIABOC)","1"
"15049","1","General Sri Lanka News (Cyclone Ditwah relief, Rupee, Tourism)","1"
"15050","0","Cricket","1"
"15051","11","Wildlife & Human-Elephant Conflict","1"
"15052","1","General Sri Lanka News (Cyclone Ditwah relief, Rupee, Tourism)","1"
"15053","1","General Sri Lanka News (Cyclone Ditwah relief, Rupee, Tourism)","1"
"15054","10","Education & Examinations","1"
"15055","1","General Sri Lanka News (Cyclone Ditwah relief, Rupee, Tourism)","1"
"15056","0","Cricket","1"
"15057","14","US/China Trade & Tariffs","1"
"15058","0","Cricket","1"
"15059","22","Liquor Shop Regulations","1"
"15060","1","General Sri Lanka News (Cyclone Ditwah relief, Rupee, Tourism)","1"
"15061","1","General Sri Lanka News (Cyclone Ditwah relief, Rupee, Tourism)","1"
"15062","0","Cricket","1"
"15063","0","Cricket","1"
"15064","1","General Sri Lanka News (Cyclone Ditwah relief, Rupee, Tourism)","1"
"15065","12","Consumer Prices & Food (Rice/CAA)","1"
"15066","0","Cricket","1"
"15067","7","Health & Dengue","1"
"15068","0","Cricket","1"
"15069","8","Electricity Tariffs & CEB","1"
"15070","18","Easter Sunday Attacks (Retrospective/Legal)","1"
"15071","15","Public Holidays & Special Traffic Plans","1"
"15072","11","Wildlife & Human-Elephant Conflict","1"
"15073","5","Iran War & Geopolitics (Trump/Hormuz)","1"
"15074","0","Cricket","1"
"15075","8","Electricity Tariffs & CEB","1"
"15076","1","General Sri Lanka News (Cyclone Ditwah relief, Rupee, Tourism)","1"
"15077","2","Arrests, Bribery & Corruption (CIABOC)","1"
"15078","14","US/China Trade & Tariffs","1"
"15079","0","Cricket","1"
"15080","1","General Sri Lanka News (Cyclone Ditwah relief, Rupee, Tourism)","1"
"15081","1","General Sri Lanka News (Cyclone Ditwah relief, Rupee, Tourism)","1"
"15082","2","Arrests, Bribery & Corruption (CIABOC)","1"
"15083","6","Transport & Railways","1"
"15084","4","Weather & Flood Warnings","1"
"15085","1","General Sri Lanka News (Cyclone Ditwah relief, Rupee, Tourism)","1"
"15086","2","Arrests, Bribery & Corruption (CIABOC)","1"
"15087","17","Healthcare Worker Strikes (GMOA)","1"
"15088","7","Health & Dengue","1"
"15089","14","US/China Trade & Tariffs","1"
"15090","0","Cricket","1"
"15091","2","Arrests, Bribery & Corruption (CIABOC)","1"
"15092","3","Violence, Shootings & Fatal Accidents","1"
"15093","0","Cricket","1"
"15094","0","Cricket","1"
"15095","1","General Sri Lanka News (Cyclone Ditwah relief, Rupee, Tourism)","1"
"15096","1","General Sri Lanka News (Cyclone Ditwah relief, Rupee, Tourism)","1"
"15097","7","Health & Dengue","1"
"15098","0","Cricket","1"
"15099","3","Violence, Shootings & Fatal Accidents","1"
"15100","1","General Sri Lanka News (Cyclone Ditwah relief, Rupee, Tourism)","1"
"15101","10","Education & Examinations","1"
"15102","11","Wildlife & Human-Elephant Conflict","1"
"15103","18","Easter Sunday Attacks (Retrospective/Legal)","1"
"15104","0","Cricket","1"
"15105","11","Wildlife & Human-Elephant Conflict","1"
"15106","6","Transport & Railways","1"
"15107","0","Cricket","1"
"15108","1","General Sri Lanka News (Cyclone Ditwah relief, Rupee, Tourism)","1"
"15109","7","Health & Dengue","1"
"15110","0","Cricket","1"
"15111","2","Arrests, Bribery & Corruption (CIABOC)","1"
"15112","0","Cricket","1"
"15113","1","General Sri Lanka News (Cyclone Ditwah relief, Rupee, Tourism)","1"
"15114","7","Health & Dengue","1"
"15115","0","Cricket","1"
"15116","8","Electricity Tariffs & CEB","1"
"15117","2","Arrests, Bribery & Corruption (CIABOC)","1"
"15118","0","Cricket","1"
"15119","1","General Sri Lanka News (Cyclone Ditwah relief, Rupee, Tourism)","1"
"15120","8","Electricity Tariffs & CEB","1"
"15121","3","Violence, Shootings & Fatal Accidents","1"
"15122","4","Weather & Flood Warnings","1"
"15123","11","Wildlife & Human-Elephant Conflict","1"
"15124","1","General Sri Lanka News (Cyclone Ditwah relief, Rupee, Tourism)","1"
"15125","0","Cricket","1"
"15126","1","General Sri Lanka News (Cyclone Ditwah relief, Rupee, Tourism)","1"
"15127","7","Health & Dengue","1"
"15128","0","Cricket","1"
"15129","4","Weather & Flood Warnings","1"
"15130","8","Electricity Tariffs & CEB","1"
"15131","2","Arrests, Bribery & Corruption (CIABOC)","1"
"15132","0","Cricket","1"
"15133","0","Cricket","1"
"15134","2","Arrests, Bribery & Corruption (CIABOC)","1"
"15135","8","Electricity Tariffs & CEB","1"
"15136","7","Health & Dengue","1"
"15137","1","General Sri Lanka News (Cyclone Ditwah relief, Rupee, Tourism)","1"
"15138","8","Electricity Tariffs & CEB","1"
"15139","8","Electricity Tariffs & CEB","1"
"15140","0","Cricket","1"
"15141","3","Violence, Shootings & Fatal Accidents","1"
"15142","8","Electricity Tariffs & CEB","1"
"15143","10","Education & Examinations","1"
"15144","10","Education & Examinations","1"
"15145","10","Education & Examinations","1"
"15146","23","Elon Musk & Global Business News","1"
"15147","1","General Sri Lanka News (Cyclone Ditwah relief, Rupee, Tourism)","1"
"15148","11","Wildlife & Human-Elephant Conflict","1"
"15149","1","General Sri Lanka News (Cyclone Ditwah relief, Rupee, Tourism)","1"
"15150","1","General Sri Lanka News (Cyclone Ditwah relief, Rupee, Tourism)","1"
"15151","11","Wildlife & Human-Elephant Conflict","1"
"15152","13","Media, Online Safety & News Digests","1"
"15153","0","Cricket","1"
"15154","3","Violence, Shootings & Fatal Accidents","1"
"15155","0","Cricket","1"
"15156","10","Education & Examinations","1"
"15157","10","Education & Examinations","1"
"15158","0","Cricket","1"
"15159","1","General Sri Lanka News (Cyclone Ditwah relief, Rupee, Tourism)","1"
"15160","0","Cricket","1"
"15161","0","Cricket","1"
"15162","0","Cricket","1"
"15163","0","Cricket","1"
"15164","17","Healthcare Worker Strikes (GMOA)","1"
"15165","2","Arrests, Bribery & Corruption (CIABOC)","1"
"15166","7","Health & Dengue","1"
"15167","0","Cricket","1"
"15168","8","Electricity Tariffs & CEB","1"
"15169","0","Cricket","1"
"15170","8","Electricity Tariffs & CEB","1"
"15171","4","Weather & Flood Warnings","1"
"15172","3","Violence, Shootings & Fatal Accidents","1"
"15173","7","Health & Dengue","1"
"15174","1","General Sri Lanka News (Cyclone Ditwah relief, Rupee, Tourism)","1"
"15175","0","Cricket","1"
"15176","2","Arrests, Bribery & Corruption (CIABOC)","1"
"15177","0","Cricket","1"
"15178","0","Cricket","1"
"15179","0","Cricket","1"
"15180","1","General Sri Lanka News (Cyclone Ditwah relief, Rupee, Tourism)","1"
"15181","2","Arrests, Bribery & Corruption (CIABOC)","1"
"15182","7","Health & Dengue","1"
"15183","3","Violence, Shootings & Fatal Accidents","1"
"15184","8","Electricity Tariffs & CEB","1"
"15185","0","Cricket","1"
"15186","1","General Sri Lanka News (Cyclone Ditwah relief, Rupee, Tourism)","1"
"15187","7","Health & Dengue","1"
"15188","0","Cricket","1"
"15189","9","Fuel & Oil Prices (CPC)","1"
"15190","0","Cricket","1"
"15191","8","Electricity Tariffs & CEB","1"
"15192","22","Liquor Shop Regulations","1"
"15193","4","Weather & Flood Warnings","1"
"15194","2","Arrests, Bribery & Corruption (CIABOC)","1"
"15195","0","Cricket","1"
"15196","1","General Sri Lanka News (Cyclone Ditwah relief, Rupee, Tourism)","1"
"15197","0","Cricket","1"
"15198","1","General Sri Lanka News (Cyclone Ditwah relief, Rupee, Tourism)","1"
"15199","8","Electricity Tariffs & CEB","1"
"15200","5","Iran War & Geopolitics (Trump/Hormuz)","1"
"15201","1","General Sri Lanka News (Cyclone Ditwah relief, Rupee, Tourism)","1"
"15202","1","General Sri Lanka News (Cyclone Ditwah relief, Rupee, Tourism)","1"
"15203","4","Weather & Flood Warnings","1"
"15204","0","Cricket","1"
"15205","10","Education & Examinations","1"
"15206","0","Cricket","1"
"15207","10","Education & Examinations","1"
"15208","3","Violence, Shootings & Fatal Accidents","1"
"15209","6","Transport & Railways","1"
"15210","2","Arrests, Bribery & Corruption (CIABOC)","1"
"15211","22","Liquor Shop Regulations","1"
"15212","0","Cricket","1"
"15213","11","Wildlife & Human-Elephant Conflict","1"
"15214","10","Education & Examinations","1"
"15215","2","Arrests, Bribery & Corruption (CIABOC)","1"
"15216","10","Education & Examinations","1"
"15217","2","Arrests, Bribery & Corruption (CIABOC)","1"
"15218","5","Iran War & Geopolitics (Trump/Hormuz)","1"
"15219","0","Cricket","1"
"15220","0","Cricket","1"
"15221","6","Transport & Railways","1"
"15222","1","General Sri Lanka News (Cyclone Ditwah relief, Rupee, Tourism)","1"
"15223","0","Cricket","1"
"15224","4","Weather & Flood Warnings","1"
"15225","6","Transport & Railways","1"
"15226","7","Health & Dengue","1"
"15227","10","Education & Examinations","1"
"15228","10","Education & Examinations","1"
"15229","9","Fuel & Oil Prices (CPC)","1"
"15230","8","Electricity Tariffs & CEB","1"
"15231","1","General Sri Lanka News (Cyclone Ditwah relief, Rupee, Tourism)","1"
"15232","1","General Sri Lanka News (Cyclone Ditwah relief, Rupee, Tourism)","1"
"15233","21","AI & Digital Education","1"
"15234","1","General Sri Lanka News (Cyclone Ditwah relief, Rupee, Tourism)","1"
"15235","6","Transport & Railways","1"
"15236","18","Easter Sunday Attacks (Retrospective/Legal)","1"
"15237","2","Arrests, Bribery & Corruption (CIABOC)","1"
"15238","7","Health & Dengue","1"
"15239","2","Arrests, Bribery & Corruption (CIABOC)","1"
"15240","0","Cricket","1"
"15241","7","Health & Dengue","1"
"15242","7","Health & Dengue","1"
"15243","0","Cricket","1"
"15244","0","Cricket","1"
"15245","0","Cricket","1"
"15246","2","Arrests, Bribery & Corruption (CIABOC)","1"
"15247","0","Cricket","1"
"15248","4","Weather & Flood Warnings","1"
"15249","6","Transport & Railways","1"
"15250","0","Cricket","1"
"15251","11","Wildlife & Human-Elephant Conflict","1"
"15252","0","Cricket","1"
"15253","0","Cricket","1"
"15254","3","Violence, Shootings & Fatal Accidents","1"
"15255","2","Arrests, Bribery & Corruption (CIABOC)","1"
"15256","11","Wildlife & Human-Elephant Conflict","1"
"15257","10","Education & Examinations","1"
"15258","0","Cricket","1"
"15259","8","Electricity Tariffs & CEB","1"
"15260","0","Cricket","1"
"15261","0","Cricket","1"
"15262","10","Education & Examinations","1"
"15263","1","General Sri Lanka News (Cyclone Ditwah relief, Rupee, Tourism)","1"
"15264","2","Arrests, Bribery & Corruption (CIABOC)","1"
"15265","2","Arrests, Bribery & Corruption (CIABOC)","1"
"15266","1","General Sri Lanka News (Cyclone Ditwah relief, Rupee, Tourism)","1"
"15267","1","General Sri Lanka News (Cyclone Ditwah relief, Rupee, Tourism)","1"
"15268","0","Cricket","1"
"15269","1","General Sri Lanka News (Cyclone Ditwah relief, Rupee, Tourism)","1"
"15270","1","General Sri Lanka News (Cyclone Ditwah relief, Rupee, Tourism)","1"
"15271","3","Violence, Shootings & Fatal Accidents","1"
"15272","1","General Sri Lanka News (Cyclone Ditwah relief, Rupee, Tourism)","1"
"15273","0","Cricket","1"
"15274","12","Consumer Prices & Food (Rice/CAA)","1"
"15275","0","Cricket","1"
"15276","0","Cricket","1"
"15277","8","Electricity Tariffs & CEB","1"
"15278","2","Arrests, Bribery & Corruption (CIABOC)","1"
"15279","1","General Sri Lanka News (Cyclone Ditwah relief, Rupee, Tourism)","1"
"15280","1","General Sri Lanka News (Cyclone Ditwah relief, Rupee, Tourism)","1"
"15281","0","Cricket","1"
"15282","1","General Sri Lanka News (Cyclone Ditwah relief, Rupee, Tourism)","1"
"15283","8","Electricity Tariffs & CEB","1"
"15284","1","General Sri Lanka News (Cyclone Ditwah relief, Rupee, Tourism)","1"
"15285","0","Cricket","1"
"15286","20","Fuel Quota & QR System","1"
"15287","0","Cricket","1"
"15288","0","Cricket","1"
"15289","3","Violence, Shootings & Fatal Accidents","1"
"15290","2","Arrests, Bribery & Corruption (CIABOC)","1"
"15291","2","Arrests, Bribery & Corruption (CIABOC)","1"
"15292","4","Weather & Flood Warnings","1"
"15293","0","Cricket","1"
"15294","0","Cricket","1"
"15295","0","Cricket","1"
"15296","3","Violence, Shootings & Fatal Accidents","1"
"15297","13","Media, Online Safety & News Digests","1"
"15298","1","General Sri Lanka News (Cyclone Ditwah relief, Rupee, Tourism)","1"
"15299","0","Cricket","1"
"15300","2","Arrests, Bribery & Corruption (CIABOC)","1"
"15301","0","Cricket","1"
"15302","0","Cricket","1"
"15303","1","General Sri Lanka News (Cyclone Ditwah relief, Rupee, Tourism)","1"
"15304","7","Health & Dengue","1"
"15305","0","Cricket","1"
"15306","0","Cricket","1"
"15307","1","General Sri Lanka News (Cyclone Ditwah relief, Rupee, Tourism)","1"
"15308","0","Cricket","1"
"15309","3","Violence, Shootings & Fatal Accidents","1"
"15310","5","Iran War & Geopolitics (Trump/Hormuz)","1"
"15311","1","General Sri Lanka News (Cyclone Ditwah relief, Rupee, Tourism)","1"
"15312","1","General Sri Lanka News (Cyclone Ditwah relief, Rupee, Tourism)","1"
"15313","1","General Sri Lanka News (Cyclone Ditwah relief, Rupee, Tourism)","1"
"15314","0","Cricket","1"
"15315","9","Fuel & Oil Prices (CPC)","1"
"15316","0","Cricket","1"
"15317","3","Violence, Shootings & Fatal Accidents","1"
"15318","0","Cricket","1"
"15319","2","Arrests, Bribery & Corruption (CIABOC)","1"
"15320","2","Arrests, Bribery & Corruption (CIABOC)","1"
"15321","15","Public Holidays & Special Traffic Plans","1"
"15322","0","Cricket","1"
"15323","0","Cricket","1"
"15324","7","Health & Dengue","1"
"15325","0","Cricket","1"
"15326","0","Cricket","1"
"15327","0","Cricket","1"
"15328","7","Health & Dengue","1"
"15329","8","Electricity Tariffs & CEB","1"
"15330","10","Education & Examinations","1"
"15331","2","Arrests, Bribery & Corruption (CIABOC)","1"
"15332","6","Transport & Railways","1"
"15333","1","General Sri Lanka News (Cyclone Ditwah relief, Rupee, Tourism)","1"
"15334","8","Electricity Tariffs & CEB","1"
"15335","0","Cricket","1"
"15336","17","Healthcare Worker Strikes (GMOA)","1"
"15337","5","Iran War & Geopolitics (Trump/Hormuz)","1"
"15338","7","Health & Dengue","1"
"15339","4","Weather & Flood Warnings","1"
"15340","7","Health & Dengue","1"
"15341","0","Cricket","1"
"15342","5","Iran War & Geopolitics (Trump/Hormuz)","1"
"15343","10","Education & Examinations","1"
"15344","0","Cricket","1"
"15345","2","Arrests, Bribery & Corruption (CIABOC)","1"
"15346","2","Arrests, Bribery & Corruption (CIABOC)","1"
"15347","14","US/China Trade & Tariffs","1"
"15348","0","Cricket","1"
"15349","12","Consumer Prices & Food (Rice/CAA)","1"
"15350","7","Health & Dengue","1"
"15351","0","Cricket","1"
"15352","8","Electricity Tariffs & CEB","1"
"15353","13","Media, Online Safety & News Digests","1"
"15354","1","General Sri Lanka News (Cyclone Ditwah relief, Rupee, Tourism)","1"
"15355","2","Arrests, Bribery & Corruption (CIABOC)","1"
"15356","2","Arrests, Bribery & Corruption (CIABOC)","1"
"15357","3","Violence, Shootings & Fatal Accidents","1"
"15358","0","Cricket","1"
"15359","8","Electricity Tariffs & CEB","1"
"15360","0","Cricket","1"
"15361","2","Arrests, Bribery & Corruption (CIABOC)","1"
"15362","11","Wildlife & Human-Elephant Conflict","1"
"15363","5","Iran War & Geopolitics (Trump/Hormuz)","1"
"15364","0","Cricket","1"
"15365","3","Violence, Shootings & Fatal Accidents","1"
"15366","1","General Sri Lanka News (Cyclone Ditwah relief, Rupee, Tourism)","1"
"15367","0","Cricket","1"
"15368","17","Healthcare Worker Strikes (GMOA)","1"
"15369","2","Arrests, Bribery & Corruption (CIABOC)","1"
"15370","17","Healthcare Worker Strikes (GMOA)","1"
"15371","8","Electricity Tariffs & CEB","1"
"15372","8","Electricity Tariffs & CEB","1"
"15373","0","Cricket","1"
"15374","2","Arrests, Bribery & Corruption (CIABOC)","1"
"15375","1","General Sri Lanka News (Cyclone Ditwah relief, Rupee, Tourism)","1"
"15376","1","General Sri Lanka News (Cyclone Ditwah relief, Rupee, Tourism)","1"
"15377","2","Arrests, Bribery & Corruption (CIABOC)","1"
"15378","5","Iran War & Geopolitics (Trump/Hormuz)","1"
"15379","2","Arrests, Bribery & Corruption (CIABOC)","1"
"15380","0","Cricket","1"
"15381","3","Violence, Shootings & Fatal Accidents","1"
"15382","8","Electricity Tariffs & CEB","1"
"15383","2","Arrests, Bribery & Corruption (CIABOC)","1"
"15384","1","General Sri Lanka News (Cyclone Ditwah relief, Rupee, Tourism)","1"
"15385","1","General Sri Lanka News (Cyclone Ditwah relief, Rupee, Tourism)","1"
"15386","14","US/China Trade & Tariffs","1"
"15387","0","Cricket","1"
"15388","2","Arrests, Bribery & Corruption (CIABOC)","1"
"15389","2","Arrests, Bribery & Corruption (CIABOC)","1"
"15390","0","Cricket","1"
"15391","0","Cricket","1"
"15392","0","Cricket","1"
"15393","19","NASA & Space (Artemis)","1"
"15394","1","General Sri Lanka News (Cyclone Ditwah relief, Rupee, Tourism)","1"
"15395","3","Violence, Shootings & Fatal Accidents","1"
"15396","0","Cricket","1"
"15397","6","Transport & Railways","1"
"15398","21","AI & Digital Education","1"
"15399","7","Health & Dengue","1"
"15400","0","Cricket","1"
"15401","4","Weather & Flood Warnings","1"
"15402","2","Arrests, Bribery & Corruption (CIABOC)","1"
"15403","7","Health & Dengue","1"
"15404","5","Iran War & Geopolitics (Trump/Hormuz)","1"
"15405","3","Violence, Shootings & Fatal Accidents","1"
"15406","0","Cricket","1"
"15407","0","Cricket","1"
"15408","4","Weather & Flood Warnings","1"
"15409","0","Cricket","1"
"15410","7","Health & Dengue","1"
"15411","0","Cricket","1"
"15412","7","Health & Dengue","1"
"15413","0","Cricket","1"
"15414","0","Cricket","1"
"15415","0","Cricket","1"
"15416","10","Education & Examinations","1"
"15417","0","Cricket","1"
"15418","2","Arrests, Bribery & Corruption (CIABOC)","1"
"15419","11","Wildlife & Human-Elephant Conflict","1"
"15420","6","Transport & Railways","1"
"15421","5","Iran War & Geopolitics (Trump/Hormuz)","1"
"15422","8","Electricity Tariffs & CEB","1"
"15423","1","General Sri Lanka News (Cyclone Ditwah relief, Rupee, Tourism)","1"
"15424","7","Health & Dengue","1"
"15425","6","Transport & Railways","1"
"15426","0","Cricket","1"
"15427","0","Cricket","1"
"15428","0","Cricket","1"
"15429","3","Violence, Shootings & Fatal Accidents","1"
"15430","6","Transport & Railways","1"
"15431","8","Electricity Tariffs & CEB","1"
"15432","0","Cricket","1"
"15433","8","Electricity Tariffs & CEB","1"
"15434","18","Easter Sunday Attacks (Retrospective/Legal)","1"
"15435","10","Education & Examinations","1"
"15436","0","Cricket","1"
"15437","5","Iran War & Geopolitics (Trump/Hormuz)","1"
"15438","10","Education & Examinations","1"
"15439","1","General Sri Lanka News (Cyclone Ditwah relief, Rupee, Tourism)","1"
"15440","0","Cricket","1"
"15441","4","Weather & Flood Warnings","1"
"15442","1","General Sri Lanka News (Cyclone Ditwah relief, Rupee, Tourism)","1"
"15443","0","Cricket","1"
"15444","2","Arrests, Bribery & Corruption (CIABOC)","1"
"15445","0","Cricket","1"
"15446","0","Cricket","1"
"15447","2","Arrests, Bribery & Corruption (CIABOC)","1"
"15448","6","Transport & Railways","1"
"15449","0","Cricket","1"
"15450","0","Cricket","1"
"15451","6","Transport & Railways","1"
"15452","0","Cricket","1"
"15453","2","Arrests, Bribery & Corruption (CIABOC)","1"
"15454","1","General Sri Lanka News (Cyclone Ditwah relief, Rupee, Tourism)","1"
"15455","8","Electricity Tariffs & CEB","1"
"15456","5","Iran War & Geopolitics (Trump/Hormuz)","1"
"15457","10","Education & Examinations","1"
"15458","12","Consumer Prices & Food (Rice/CAA)","1"
"15459","22","Liquor Shop Regulations","1"
"15460","0","Cricket","1"
"15461","8","Electricity Tariffs & CEB","1"
"15462","11","Wildlife & Human-Elephant Conflict","1"
"15463","1","General Sri Lanka News (Cyclone Ditwah relief, Rupee, Tourism)","1"
"15464","0","Cricket","1"
"15465","0","Cricket","1"
"15466","12","Consumer Prices & Food (Rice/CAA)","1"
"15467","8","Electricity Tariffs & CEB","1"
"15468","0","Cricket","1"
"15469","2","Arrests, Bribery & Corruption (CIABOC)","1"
"15470","3","Violence, Shootings & Fatal Accidents","1"
"15471","0","Cricket","1"
"15472","0","Cricket","1"
"15473","13","Media, Online Safety & News Digests","1"
"15474","13","Media, Online Safety & News Digests","1"
"15475","0","Cricket","1"
"15476","9","Fuel & Oil Prices (CPC)","1"
"15477","12","Consumer Prices & Food (Rice/CAA)","1"
"15478","3","Violence, Shootings & Fatal Accidents","1"
"15479","0","Cricket","1"
"15480","3","Violence, Shootings & Fatal Accidents","1"
"15481","14","US/China Trade & Tariffs","1"
"15482","1","General Sri Lanka News (Cyclone Ditwah relief, Rupee, Tourism)","1"
"15483","1","General Sri Lanka News (Cyclone Ditwah relief, Rupee, Tourism)","1"
"15484","4","Weather & Flood Warnings","1"
"15485","4","Weather & Flood Warnings","1"
"15486","12","Consumer Prices & Food (Rice/CAA)","1"
"15487","8","Electricity Tariffs & CEB","1"
"15488","1","General Sri Lanka News (Cyclone Ditwah relief, Rupee, Tourism)","1"
"15489","0","Cricket","1"
"15490","2","Arrests, Bribery & Corruption (CIABOC)","1"
"15491","2","Arrests, Bribery & Corruption (CIABOC)","1"
"15492","1","General Sri Lanka News (Cyclone Ditwah relief, Rupee, Tourism)","1"
"15493","8","Electricity Tariffs & CEB","1"
"15494","5","Iran War & Geopolitics (Trump/Hormuz)","1"
"15495","2","Arrests, Bribery & Corruption (CIABOC)","1"
"15496","23","Elon Musk & Global Business News","1"
"15497","2","Arrests, Bribery & Corruption (CIABOC)","1"
"15498","7","Health & Dengue","1"
"15499","12","Consumer Prices & Food (Rice/CAA)","1"
"15500","0","Cricket","1"
"15501","0","Cricket","1"
"15502","8","Electricity Tariffs & CEB","1"
"15503","2","Arrests, Bribery & Corruption (CIABOC)","1"
"15504","0","Cricket","1"
"15505","0","Cricket","1"
"15506","0","Cricket","1"
"15507","7","Health & Dengue","1"
"15508","0","Cricket","1"
"15509","7","Health & Dengue","1"
"15510","0","Cricket","1"
"15511","0","Cricket","1"
"15512","0","Cricket","1"
"15513","8","Electricity Tariffs & CEB","1"
"15514","8","Electricity Tariffs & CEB","1"
"15515","0","Cricket","1"
"15516","0","Cricket","1"
"15517","12","Consumer Prices & Food (Rice/CAA)","1"
"15518","0","Cricket","1"
"15519","4","Weather & Flood Warnings","1"
"15520","6","Transport & Railways","1"
"15521","4","Weather & Flood Warnings","1"
"15522","6","Transport & Railways","1"
"15523","1","General Sri Lanka News (Cyclone Ditwah relief, Rupee, Tourism)","1"
"15524","0","Cricket","1"
"15525","0","Cricket","1"
"15526","0","Cricket","1"
"15527","0","Cricket","1"
"15528","1","General Sri Lanka News (Cyclone Ditwah relief, Rupee, Tourism)","1"
"15529","0","Cricket","1"
"15530","1","General Sri Lanka News (Cyclone Ditwah relief, Rupee, Tourism)","1"
"15531","8","Electricity Tariffs & CEB","1"
"15532","0","Cricket","1"
"15533","3","Violence, Shootings & Fatal Accidents","1"
"15534","8","Electricity Tariffs & CEB","1"
"15535","14","US/China Trade & Tariffs","1"
"15536","15","Public Holidays & Special Traffic Plans","1"
"15537","3","Violence, Shootings & Fatal Accidents","1"
"15538","14","US/China Trade & Tariffs","1"
"15539","0","Cricket","1"
"15540","1","General Sri Lanka News (Cyclone Ditwah relief, Rupee, Tourism)","1"
"15541","0","Cricket","1"
"15542","0","Cricket","1"
"15543","1","General Sri Lanka News (Cyclone Ditwah relief, Rupee, Tourism)","1"
"15544","1","General Sri Lanka News (Cyclone Ditwah relief, Rupee, Tourism)","1"
"15545","4","Weather & Flood Warnings","1"
"15546","19","NASA & Space (Artemis)","1"
"15547","1","General Sri Lanka News (Cyclone Ditwah relief, Rupee, Tourism)","1"
"15548","0","Cricket","1"
"15549","0","Cricket","1"
"15550","0","Cricket","1"
"15551","10","Education & Examinations","1"
"15552","1","General Sri Lanka News (Cyclone Ditwah relief, Rupee, Tourism)","1"
"15553","8","Electricity Tariffs & CEB","1"
"15554","1","General Sri Lanka News (Cyclone Ditwah relief, Rupee, Tourism)","1"
"15555","14","US/China Trade & Tariffs","1"
"15556","0","Cricket","1"
"15557","3","Violence, Shootings & Fatal Accidents","1"
"15558","15","Public Holidays & Special Traffic Plans","1"
"15559","0","Cricket","1"
"15560","1","General Sri Lanka News (Cyclone Ditwah relief, Rupee, Tourism)","1"
"15561","0","Cricket","1"
"15562","0","Cricket","1"
"15563","15","Public Holidays & Special Traffic Plans","1"
"15564","0","Cricket","1"
"15565","1","General Sri Lanka News (Cyclone Ditwah relief, Rupee, Tourism)","1"
"15566","0","Cricket","1"
"15567","0","Cricket","1"
"15568","6","Transport & Railways","1"
"15569","8","Electricity Tariffs & CEB","1"
"15570","2","Arrests, Bribery & Corruption (CIABOC)","1"
"15571","0","Cricket","1"
"15572","6","Transport & Railways","1"
"15573","1","General Sri Lanka News (Cyclone Ditwah relief, Rupee, Tourism)","1"
"15574","0","Cricket","1"
"15575","8","Electricity Tariffs & CEB","1"
"15576","10","Education & Examinations","1"
"15577","3","Violence, Shootings & Fatal Accidents","1"
"15578","10","Education & Examinations","1"
"15579","2","Arrests, Bribery & Corruption (CIABOC)","1"
"15580","10","Education & Examinations","1"
"15581","0","Cricket","1"
"15582","9","Fuel & Oil Prices (CPC)","1"
"15583","2","Arrests, Bribery & Corruption (CIABOC)","1"
"15584","1","General Sri Lanka News (Cyclone Ditwah relief, Rupee, Tourism)","1"
"15585","0","Cricket","1"
"15586","2","Arrests, Bribery & Corruption (CIABOC)","1"
"15587","10","Education & Examinations","1"
"15588","2","Arrests, Bribery & Corruption (CIABOC)","1"
"15589","2","Arrests, Bribery & Corruption (CIABOC)","1"
"15590","11","Wildlife & Human-Elephant Conflict","1"
"15591","1","General Sri Lanka News (Cyclone Ditwah relief, Rupee, Tourism)","1"
"15592","18","Easter Sunday Attacks (Retrospective/Legal)","1"
"15593","0","Cricket","1"
"15594","9","Fuel & Oil Prices (CPC)","1"
"15595","18","Easter Sunday Attacks (Retrospective/Legal)","1"
"15596","14","US/China Trade & Tariffs","1"
"15597","2","Arrests, Bribery & Corruption (CIABOC)","1"
"15598","0","Cricket","1"
"15599","0","Cricket","1"
"15600","4","Weather & Flood Warnings","1"
"15601","0","Cricket","1"
"15602","6","Transport & Railways","1"
"15603","0","Cricket","1"
"15604","0","Cricket","1"
"15605","2","Arrests, Bribery & Corruption (CIABOC)","1"
"15606","1","General Sri Lanka News (Cyclone Ditwah relief, Rupee, Tourism)","1"
"15607","1","General Sri Lanka News (Cyclone Ditwah relief, Rupee, Tourism)","1"
"15608","0","Cricket","1"
"15609","0","Cricket","1"
"15610","10","Education & Examinations","1"
"15611","3","Violence, Shootings & Fatal Accidents","1"
"15612","4","Weather & Flood Warnings","1"
"15613","0","Cricket","1"
"15614","4","Weather & Flood Warnings","1"
"15615","0","Cricket","1"
"15616","0","Cricket","1"
"15617","1","General Sri Lanka News (Cyclone Ditwah relief, Rupee, Tourism)","1"
"15618","1","General Sri Lanka News (Cyclone Ditwah relief, Rupee, Tourism)","1"
"15619","10","Education & Examinations","1"
"15620","3","Violence, Shootings & Fatal Accidents","1"
"15621","0","Cricket","1"
"15622","0","Cricket","1"
"15623","7","Health & Dengue","1"
"15624","8","Electricity Tariffs & CEB","1"
"15625","0","Cricket","1"
"15626","0","Cricket","1"
"15627","0","Cricket","1"
"15628","5","Iran War & Geopolitics (Trump/Hormuz)","1"
"15629","0","Cricket","1"
"15630","14","US/China Trade & Tariffs","1"
"15631","0","Cricket","1"
"15632","8","Electricity Tariffs & CEB","1"
"15633","8","Electricity Tariffs & CEB","1"
"15634","0","Cricket","1"
"15635","11","Wildlife & Human-Elephant Conflict","1"
"15636","0","Cricket","1"
"15637","8","Electricity Tariffs & CEB","1"
"15638","1","General Sri Lanka News (Cyclone Ditwah relief, Rupee, Tourism)","1"
"15639","0","Cricket","1"
"15640","0","Cricket","1"
"15641","2","Arrests, Bribery & Corruption (CIABOC)","1"
"15642","1","General Sri Lanka News (Cyclone Ditwah relief, Rupee, Tourism)","1"
"15643","4","Weather & Flood Warnings","1"
"15644","3","Violence, Shootings & Fatal Accidents","1"
"15645","0","Cricket","1"
"15646","0","Cricket","1"
"15647","12","Consumer Prices & Food (Rice/CAA)","1"
"15648","6","Transport & Railways","1"
"15649","0","Cricket","1"
"15650","0","Cricket","1"
"15651","8","Electricity Tariffs & CEB","1"
"15652","0","Cricket","1"
"15653","13","Media, Online Safety & News Digests","1"
"15654","4","Weather & Flood Warnings","1"
"15655","0","Cricket","1"
"15656","1","General Sri Lanka News (Cyclone Ditwah relief, Rupee, Tourism)","1"
"15657","12","Consumer Prices & Food (Rice/CAA)","1"
"15658","0","Cricket","1"
"15659","0","Cricket","1"
"15660","0","Cricket","1"
"15661","2","Arrests, Bribery & Corruption (CIABOC)","1"
"15662","2","Arrests, Bribery & Corruption (CIABOC)","1"
"15663","10","Education & Examinations","1"
"15664","8","Electricity Tariffs & CEB","1"
"15665","0","Cricket","1"
"15666","13","Media, Online Safety & News Digests","1"
"15667","0","Cricket","1"
"15668","22","Liquor Shop Regulations","1"
"15669","8","Electricity Tariffs & CEB","1"
"15670","22","Liquor Shop Regulations","1"
"15671","0","Cricket","1"
"15672","0","Cricket","1"
"15673","0","Cricket","1"
"15674","2","Arrests, Bribery & Corruption (CIABOC)","1"
"15675","0","Cricket","1"
"15676","15","Public Holidays & Special Traffic Plans","1"
"15677","0","Cricket","1"
"15678","12","Consumer Prices & Food (Rice/CAA)","1"
"15679","2","Arrests, Bribery & Corruption (CIABOC)","1"
"15680","6","Transport & Railways","1"
"15681","0","Cricket","1"
"15682","6","Transport & Railways","1"
"15683","8","Electricity Tariffs & CEB","1"
"15684","10","Education & Examinations","1"
"15685","1","General Sri Lanka News (Cyclone Ditwah relief, Rupee, Tourism)","1"
"15686","8","Electricity Tariffs & CEB","1"
"15687","1","General Sri Lanka News (Cyclone Ditwah relief, Rupee, Tourism)","1"
"15688","8","Electricity Tariffs & CEB","1"
"15689","8","Electricity Tariffs & CEB","1"
"15690","0","Cricket","1"
"15691","12","Consumer Prices & Food (Rice/CAA)","1"
"15692","0","Cricket","1"
"15693","8","Electricity Tariffs & CEB","1"
"15694","1","General Sri Lanka News (Cyclone Ditwah relief, Rupee, Tourism)","1"
"15695","7","Health & Dengue","1"
"15696","0","Cricket","1"
"15697","3","Violence, Shootings & Fatal Accidents","1"
"15698","1","General Sri Lanka News (Cyclone Ditwah relief, Rupee, Tourism)","1"
"15699","8","Electricity Tariffs & CEB","1"
"15700","5","Iran War & Geopolitics (Trump/Hormuz)","1"
"15701","8","Electricity Tariffs & CEB","1"
"15702","0","Cricket","1"
"15703","10","Education & Examinations","1"
"15704","2","Arrests, Bribery & Corruption (CIABOC)","1"
"15705","0","Cricket","1"
"15706","0","Cricket","1"
"15707","6","Transport & Railways","1"
"15708","1","General Sri Lanka News (Cyclone Ditwah relief, Rupee, Tourism)","1"
"15709","0","Cricket","1"
"15710","8","Electricity Tariffs & CEB","1"
"15711","0","Cricket","1"
"15712","2","Arrests, Bribery & Corruption (CIABOC)","1"
"15713","2","Arrests, Bribery & Corruption (CIABOC)","1"
"15714","2","Arrests, Bribery & Corruption (CIABOC)","1"
"15715","18","Easter Sunday Attacks (Retrospective/Legal)","1"
"15716","2","Arrests, Bribery & Corruption (CIABOC)","1"
"15717","4","Weather & Flood Warnings","1"
"15718","0","Cricket","1"
"15719","0","Cricket","1"
"15720","0","Cricket","1"
"15721","0","Cricket","1"
"15722","3","Violence, Shootings & Fatal Accidents","1"
"15723","2","Arrests, Bribery & Corruption (CIABOC)","1"
"15724","6","Transport & Railways","1"
"15725","1","General Sri Lanka News (Cyclone Ditwah relief, Rupee, Tourism)","1"
"15726","5","Iran War & Geopolitics (Trump/Hormuz)","1"
"15727","11","Wildlife & Human-Elephant Conflict","1"
"15728","12","Consumer Prices & Food (Rice/CAA)","1"
"15729","4","Weather & Flood Warnings","1"
"15730","1","General Sri Lanka News (Cyclone Ditwah relief, Rupee, Tourism)","1"
"15731","6","Transport & Railways","1"
"15732","0","Cricket","1"
"15733","0","Cricket","1"
"15734","1","General Sri Lanka News (Cyclone Ditwah relief, Rupee, Tourism)","1"
"15735","0","Cricket","1"
"15736","2","Arrests, Bribery & Corruption (CIABOC)","1"
"15737","2","Arrests, Bribery & Corruption (CIABOC)","1"
"15738","13","Media, Online Safety & News Digests","1"
"15739","0","Cricket","1"
"15740","10","Education & Examinations","1"
"15741","0","Cricket","1"
"15742","2","Arrests, Bribery & Corruption (CIABOC)","1"
"15743","1","General Sri Lanka News (Cyclone Ditwah relief, Rupee, Tourism)","1"
"15744","1","General Sri Lanka News (Cyclone Ditwah relief, Rupee, Tourism)","1"
"15745","0","Cricket","1"
"15746","0","Cricket","1"
"15747","0","Cricket","1"
"15748","8","Electricity Tariffs & CEB","1"
"15749","1","General Sri Lanka News (Cyclone Ditwah relief, Rupee, Tourism)","1"
"15750","0","Cricket","1"
"15751","1","General Sri Lanka News (Cyclone Ditwah relief, Rupee, Tourism)","1"
"15752","0","Cricket","1"
"15753","4","Weather & Flood Warnings","1"
"15754","0","Cricket","1"
"15755","8","Electricity Tariffs & CEB","1"
"15756","9","Fuel & Oil Prices (CPC)","1"
"15757","10","Education & Examinations","1"
"15758","0","Cricket","1"
"15759","0","Cricket","1"
"15760","0","Cricket","1"
"15761","0","Cricket","1"
"15762","17","Healthcare Worker Strikes (GMOA)","1"
"15763","3","Violence, Shootings & Fatal Accidents","1"
"15764","0","Cricket","1"
"15765","8","Electricity Tariffs & CEB","1"
"15766","2","Arrests, Bribery & Corruption (CIABOC)","1"
"15767","11","Wildlife & Human-Elephant Conflict","1"
"15768","0","Cricket","1"
"15769","0","Cricket","1"
"15770","0","Cricket","1"
"15771","0","Cricket","1"
"15772","15","Public Holidays & Special Traffic Plans","1"
"15773","3","Violence, Shootings & Fatal Accidents","1"
"15774","0","Cricket","1"
"15775","6","Transport & Railways","1"
"15776","0","Cricket","1"
"15777","0","Cricket","1"
"15778","8","Electricity Tariffs & CEB","1"
"15779","2","Arrests, Bribery & Corruption (CIABOC)","1"
"15780","0","Cricket","1"
"15781","9","Fuel & Oil Prices (CPC)","1"
"15782","1","General Sri Lanka News (Cyclone Ditwah relief, Rupee, Tourism)","1"
"15783","0","Cricket","1"
"15784","0","Cricket","1"
"15785","0","Cricket","1"
"15786","0","Cricket","1"
"15787","0","Cricket","1"
"15788","10","Education & Examinations","1"
"15789","6","Transport & Railways","1"
"15790","0","Cricket","1"
"15791","0","Cricket","1"
"15792","0","Cricket","1"
"15793","3","Violence, Shootings & Fatal Accidents","1"
"15794","0","Cricket","1"
"15795","7","Health & Dengue","1"
"15796","0","Cricket","1"
"15797","14","US/China Trade & Tariffs","1"
"15798","0","Cricket","1"
"15799","0","Cricket","1"
"15800","0","Cricket","1"
"15801","0","Cricket","1"
"15802","4","Weather & Flood Warnings","1"
"15803","1","General Sri Lanka News (Cyclone Ditwah relief, Rupee, Tourism)","1"
"15804","0","Cricket","1"
"15805","1","General Sri Lanka News (Cyclone Ditwah relief, Rupee, Tourism)","1"
"15806","8","Electricity Tariffs & CEB","1"
"15807","1","General Sri Lanka News (Cyclone Ditwah relief, Rupee, Tourism)","1"
"15808","0","Cricket","1"
"15809","1","General Sri Lanka News (Cyclone Ditwah relief, Rupee, Tourism)","1"
"15810","0","Cricket","1"
"15811","0","Cricket","1"
"15812","9","Fuel & Oil Prices (CPC)","1"
"15813","0","Cricket","1"
"15814","4","Weather & Flood Warnings","1"
"15815","6","Transport & Railways","1"
"15816","8","Electricity Tariffs & CEB","1"
"15817","6","Transport & Railways","1"
"15818","6","Transport & Railways","1"
"15819","0","Cricket","1"
"15820","8","Electricity Tariffs & CEB","1"
"15821","8","Electricity Tariffs & CEB","1"
"15822","17","Healthcare Worker Strikes (GMOA)","1"
"15823","0","Cricket","1"
"15824","15","Public Holidays & Special Traffic Plans","1"
"15825","0","Cricket","1"
"15826","0","Cricket","1"
"15827","0","Cricket","1"
"15828","2","Arrests, Bribery & Corruption (CIABOC)","1"
"15829","13","Media, Online Safety & News Digests","1"
"15830","2","Arrests, Bribery & Corruption (CIABOC)","1"
"15831","0","Cricket","1"
"15832","2","Arrests, Bribery & Corruption (CIABOC)","1"
"15833","9","Fuel & Oil Prices (CPC)","1"
"15834","9","Fuel & Oil Prices (CPC)","1"
"15835","1","General Sri Lanka News (Cyclone Ditwah relief, Rupee, Tourism)","1"
"15836","0","Cricket","1"
"15837","0","Cricket","1"
"15838","4","Weather & Flood Warnings","1"
"15839","0","Cricket","1"
"15840","2","Arrests, Bribery & Corruption (CIABOC)","1"
"15841","0","Cricket","1"
"15842","0","Cricket","1"
"15843","2","Arrests, Bribery & Corruption (CIABOC)","1"
"15844","1","General Sri Lanka News (Cyclone Ditwah relief, Rupee, Tourism)","1"
"15845","0","Cricket","1"
"15846","10","Education & Examinations","1"
"15847","10","Education & Examinations","1"
"15848","2","Arrests, Bribery & Corruption (CIABOC)","1"
"15849","3","Violence, Shootings & Fatal Accidents","1"
"15850","0","Cricket","1"
"15851","2","Arrests, Bribery & Corruption (CIABOC)","1"
"15852","0","Cricket","1"
"15853","2","Arrests, Bribery & Corruption (CIABOC)","1"
"15854","0","Cricket","1"
"15855","4","Weather & Flood Warnings","1"
"15856","12","Consumer Prices & Food (Rice/CAA)","1"
"15857","6","Transport & Railways","1"
"15858","12","Consumer Prices & Food (Rice/CAA)","1"
"15859","1","General Sri Lanka News (Cyclone Ditwah relief, Rupee, Tourism)","1"
"15860","0","Cricket","1"
"15861","2","Arrests, Bribery & Corruption (CIABOC)","1"
"15862","9","Fuel & Oil Prices (CPC)","1"
"15863","0","Cricket","1"
"15864","3","Violence, Shootings & Fatal Accidents","1"
"15865","12","Consumer Prices & Food (Rice/CAA)","1"
"15866","0","Cricket","1"
"15867","0","Cricket","1"
"15868","12","Consumer Prices & Food (Rice/CAA)","1"
"15869","0","Cricket","1"
"15870","8","Electricity Tariffs & CEB","1"
"15871","0","Cricket","1"
"15872","12","Consumer Prices & Food (Rice/CAA)","1"
"15873","2","Arrests, Bribery & Corruption (CIABOC)","1"
"15874","6","Transport & Railways","1"
"15875","6","Transport & Railways","1"
"15876","12","Consumer Prices & Food (Rice/CAA)","1"
"15877","0","Cricket","1"
"15878","0","Cricket","1"
"15879","1","General Sri Lanka News (Cyclone Ditwah relief, Rupee, Tourism)","1"
"15880","2","Arrests, Bribery & Corruption (CIABOC)","1"
"15881","8","Electricity Tariffs & CEB","1"
"15882","0","Cricket","1"
"15883","0","Cricket","1"
"15884","3","Violence, Shootings & Fatal Accidents","1"
"15885","2","Arrests, Bribery & Corruption (CIABOC)","1"
"15886","10","Education & Examinations","1"
"15887","3","Violence, Shootings & Fatal Accidents","1"
"15888","10","Education & Examinations","1"
"15889","11","Wildlife & Human-Elephant Conflict","1"
"15890","2","Arrests, Bribery & Corruption (CIABOC)","1"
"15891","7","Health & Dengue","1"
"15892","10","Education & Examinations","1"
"15893","3","Violence, Shootings & Fatal Accidents","1"
"15894","0","Cricket","1"
"15895","12","Consumer Prices & Food (Rice/CAA)","1"
"15896","9","Fuel & Oil Prices (CPC)","1"
"15897","1","General Sri Lanka News (Cyclone Ditwah relief, Rupee, Tourism)","1"
"15898","21","AI & Digital Education","1"
"15899","4","Weather & Flood Warnings","1"
"15900","3","Violence, Shootings & Fatal Accidents","1"
"15901","11","Wildlife & Human-Elephant Conflict","1"
"15902","7","Health & Dengue","1"
"15903","0","Cricket","1"
"15904","12","Consumer Prices & Food (Rice/CAA)","1"
"15905","4","Weather & Flood Warnings","1"
"15906","1","General Sri Lanka News (Cyclone Ditwah relief, Rupee, Tourism)","1"
"15907","0","Cricket","1"
"15908","7","Health & Dengue","1"
"15909","10","Education & Examinations","1"
"15910","0","Cricket","1"
"15911","6","Transport & Railways","1"
"15912","1","General Sri Lanka News (Cyclone Ditwah relief, Rupee, Tourism)","1"
"15913","0","Cricket","1"
"15914","0","Cricket","1"
"15915","3","Violence, Shootings & Fatal Accidents","1"
"15916","9","Fuel & Oil Prices (CPC)","1"
"15917","0","Cricket","1"
"15918","10","Education & Examinations","1"
"15919","17","Healthcare Worker Strikes (GMOA)","1"
"15920","14","US/China Trade & Tariffs","1"
"15921","0","Cricket","1"
"15922","2","Arrests, Bribery & Corruption (CIABOC)","1"
"15923","0","Cricket","1"
"15924","3","Violence, Shootings & Fatal Accidents","1"
"15925","1","General Sri Lanka News (Cyclone Ditwah relief, Rupee, Tourism)","1"
"15926","1","General Sri Lanka News (Cyclone Ditwah relief, Rupee, Tourism)","1"
"15927","0","Cricket","1"
"15928","8","Electricity Tariffs & CEB","1"
"15929","0","Cricket","1"
"15930","1","General Sri Lanka News (Cyclone Ditwah relief, Rupee, Tourism)","1"
"15931","4","Weather & Flood Warnings","1"
"15932","1","General Sri Lanka News (Cyclone Ditwah relief, Rupee, Tourism)","1"
"15933","4","Weather & Flood Warnings","1"
"15934","0","Cricket","1"
"15935","1","General Sri Lanka News (Cyclone Ditwah relief, Rupee, Tourism)","1"
"15936","7","Health & Dengue","1"
"15937","1","General Sri Lanka News (Cyclone Ditwah relief, Rupee, Tourism)","1"
"15938","2","Arrests, Bribery & Corruption (CIABOC)","1"
"15939","3","Violence, Shootings & Fatal Accidents","1"
"15940","8","Electricity Tariffs & CEB","1"
"15941","7","Health & Dengue","1"
"15942","0","Cricket","1"
"15943","10","Education & Examinations","1"
"15944","0","Cricket","1"
"15945","0","Cricket","1"
"15946","0","Cricket","1"
"15947","17","Healthcare Worker Strikes (GMOA)","1"
"15948","1","General Sri Lanka News (Cyclone Ditwah relief, Rupee, Tourism)","1"
"15949","12","Consumer Prices & Food (Rice/CAA)","1"
"15950","22","Liquor Shop Regulations","1"
"15951","1","General Sri Lanka News (Cyclone Ditwah relief, Rupee, Tourism)","1"
"15952","2","Arrests, Bribery & Corruption (CIABOC)","1"
"15953","0","Cricket","1"
"15954","1","General Sri Lanka News (Cyclone Ditwah relief, Rupee, Tourism)","1"
"15955","0","Cricket","1"
"15956","4","Weather & Flood Warnings","1"
"15957","1","General Sri Lanka News (Cyclone Ditwah relief, Rupee, Tourism)","1"
"15958","0","Cricket","1"
"15959","3","Violence, Shootings & Fatal Accidents","1"
"15960","0","Cricket","1"
"15961","0","Cricket","1"
"15962","0","Cricket","1"
"15963","4","Weather & Flood Warnings","1"
"15964","4","Weather & Flood Warnings","1"
"15965","7","Health & Dengue","1"
"15966","17","Healthcare Worker Strikes (GMOA)","1"
"15967","1","General Sri Lanka News (Cyclone Ditwah relief, Rupee, Tourism)","1"
"15968","14","US/China Trade & Tariffs","1"
"15969","3","Violence, Shootings & Fatal Accidents","1"
"15970","2","Arrests, Bribery & Corruption (CIABOC)","1"
"15971","1","General Sri Lanka News (Cyclone Ditwah relief, Rupee, Tourism)","1"
"15972","1","General Sri Lanka News (Cyclone Ditwah relief, Rupee, Tourism)","1"
"15973","1","General Sri Lanka News (Cyclone Ditwah relief, Rupee, Tourism)","1"
"15974","0","Cricket","1"
"15975","0","Cricket","1"
"15976","13","Media, Online Safety & News Digests","1"
"15977","8","Electricity Tariffs & CEB","1"
"15978","1","General Sri Lanka News (Cyclone Ditwah relief, Rupee, Tourism)","1"
"15979","11","Wildlife & Human-Elephant Conflict","1"
"15980","0","Cricket","1"
"15981","6","Transport & Railways","1"
"15982","2","Arrests, Bribery & Corruption (CIABOC)","1"
"15983","14","US/China Trade & Tariffs","1"
"15984","2","Arrests, Bribery & Corruption (CIABOC)","1"
"15985","17","Healthcare Worker Strikes (GMOA)","1"
"15986","12","Consumer Prices & Food (Rice/CAA)","1"
"15987","1","General Sri Lanka News (Cyclone Ditwah relief, Rupee, Tourism)","1"
"15988","0","Cricket","1"
"15989","1","General Sri Lanka News (Cyclone Ditwah relief, Rupee, Tourism)","1"
"15990","14","US/China Trade & Tariffs","1"
"15991","1","General Sri Lanka News (Cyclone Ditwah relief, Rupee, Tourism)","1"
"15992","8","Electricity Tariffs & CEB","1"
"15993","2","Arrests, Bribery & Corruption (CIABOC)","1"
"15994","1","General Sri Lanka News (Cyclone Ditwah relief, Rupee, Tourism)","1"
"15995","4","Weather & Flood Warnings","1"
"15996","0","Cricket","1"
"15997","8","Electricity Tariffs & CEB","1"
"15998","1","General Sri Lanka News (Cyclone Ditwah relief, Rupee, Tourism)","1"
"15999","6","Transport & Railways","1"
"16000","0","Cricket","1"
"16001","0","Cricket","1"
"16002","6","Transport & Railways","1"
"16003","9","Fuel & Oil Prices (CPC)","1"
"16004","2","Arrests, Bribery & Corruption (CIABOC)","1"
"16005","0","Cricket","1"
"16006","3","Violence, Shootings & Fatal Accidents","1"
"16007","12","Consumer Prices & Food (Rice/CAA)","1"
"16008","1","General Sri Lanka News (Cyclone Ditwah relief, Rupee, Tourism)","1"
"16009","2","Arrests, Bribery & Corruption (CIABOC)","1"
"16010","6","Transport & Railways","1"
"16011","2","Arrests, Bribery & Corruption (CIABOC)","1"
"16012","6","Transport & Railways","1"
"16013","0","Cricket","1"
"16014","2","Arrests, Bribery & Corruption (CIABOC)","1"
"16015","8","Electricity Tariffs & CEB","1"
"16016","0","Cricket","1"
"16017","9","Fuel & Oil Prices (CPC)","1"
"16018","8","Electricity Tariffs & CEB","1"
"16019","8","Electricity Tariffs & CEB","1"
"16020","2","Arrests, Bribery & Corruption (CIABOC)","1"
"16021","6","Transport & Railways","1"
"16022","0","Cricket","1"
"16023","0","Cricket","1"
"16024","0","Cricket","1"
"16025","4","Weather & Flood Warnings","1"
"16026","11","Wildlife & Human-Elephant Conflict","1"
"16027","3","Violence, Shootings & Fatal Accidents","1"
"16028","1","General Sri Lanka News (Cyclone Ditwah relief, Rupee, Tourism)","1"
"16029","11","Wildlife & Human-Elephant Conflict","1"
"16030","7","Health & Dengue","1"
"16031","2","Arrests, Bribery & Corruption (CIABOC)","1"
"16032","8","Electricity Tariffs & CEB","1"
"16033","8","Electricity Tariffs & CEB","1"
"16034","1","General Sri Lanka News (Cyclone Ditwah relief, Rupee, Tourism)","1"
"16035","13","Media, Online Safety & News Digests","1"
"16036","0","Cricket","1"
"16037","7","Health & Dengue","1"
"16038","8","Electricity Tariffs & CEB","1"
"16039","6","Transport & Railways","1"
"16040","1","General Sri Lanka News (Cyclone Ditwah relief, Rupee, Tourism)","1"
"16041","6","Transport & Railways","1"
"16042","8","Electricity Tariffs & CEB","1"
"16043","3","Violence, Shootings & Fatal Accidents","1"
"16044","0","Cricket","1"
"16045","0","Cricket","1"
"16046","8","Electricity Tariffs & CEB","1"
"16047","6","Transport & Railways","1"
"16048","2","Arrests, Bribery & Corruption (CIABOC)","1"
"16049","0","Cricket","1"
"16050","6","Transport & Railways","1"
"16051","0","Cricket","1"
"16052","8","Electricity Tariffs & CEB","1"
"16053","0","Cricket","1"
"16054","7","Health & Dengue","1"
"16055","1","General Sri Lanka News (Cyclone Ditwah relief, Rupee, Tourism)","1"
"16056","0","Cricket","1"
"16057","3","Violence, Shootings & Fatal Accidents","1"
"16058","1","General Sri Lanka News (Cyclone Ditwah relief, Rupee, Tourism)","1"
"16059","12","Consumer Prices & Food (Rice/CAA)","1"
"16060","7","Health & Dengue","1"
"16061","0","Cricket","1"
"16062","0","Cricket","1"
"16063","8","Electricity Tariffs & CEB","1"
"16064","12","Consumer Prices & Food (Rice/CAA)","1"
"16065","17","Healthcare Worker Strikes (GMOA)","1"
"16066","8","Electricity Tariffs & CEB","1"
"16067","0","Cricket","1"
"16068","11","Wildlife & Human-Elephant Conflict","1"
"16069","0","Cricket","1"
"16070","0","Cricket","1"
"16071","3","Violence, Shootings & Fatal Accidents","1"
"16072","2","Arrests, Bribery & Corruption (CIABOC)","1"
"16073","1","General Sri Lanka News (Cyclone Ditwah relief, Rupee, Tourism)","1"
"16074","0","Cricket","1"
"16075","2","Arrests, Bribery & Corruption (CIABOC)","1"
"16076","1","General Sri Lanka News (Cyclone Ditwah relief, Rupee, Tourism)","1"
"16077","1","General Sri Lanka News (Cyclone Ditwah relief, Rupee, Tourism)","1"
"16078","1","General Sri Lanka News (Cyclone Ditwah relief, Rupee, Tourism)","1"
"16079","3","Violence, Shootings & Fatal Accidents","1"
"16080","15","Public Holidays & Special Traffic Plans","1"
"16081","7","Health & Dengue","1"
"16082","5","Iran War & Geopolitics (Trump/Hormuz)","1"
"16083","5","Iran War & Geopolitics (Trump/Hormuz)","1"
"16084","4","Weather & Flood Warnings","1"
"16085","3","Violence, Shootings & Fatal Accidents","1"
"16086","0","Cricket","1"
"16087","4","Weather & Flood Warnings","1"
"16088","2","Arrests, Bribery & Corruption (CIABOC)","1"
"16089","1","General Sri Lanka News (Cyclone Ditwah relief, Rupee, Tourism)","1"
"16090","12","Consumer Prices & Food (Rice/CAA)","1"
"16091","2","Arrests, Bribery & Corruption (CIABOC)","1"
"16092","0","Cricket","1"
"16093","7","Health & Dengue","1"
"16094","17","Healthcare Worker Strikes (GMOA)","1"
"16095","1","General Sri Lanka News (Cyclone Ditwah relief, Rupee, Tourism)","1"
"16096","0","Cricket","1"
"16097","0","Cricket","1"
"16098","2","Arrests, Bribery & Corruption (CIABOC)","1"
"16099","6","Transport & Railways","1"
"16100","3","Violence, Shootings & Fatal Accidents","1"
"16101","1","General Sri Lanka News (Cyclone Ditwah relief, Rupee, Tourism)","1"
"16102","0","Cricket","1"
"16103","0","Cricket","1"
"16104","3","Violence, Shootings & Fatal Accidents","1"
"16105","14","US/China Trade & Tariffs","1"
"16106","2","Arrests, Bribery & Corruption (CIABOC)","1"
"16107","2","Arrests, Bribery & Corruption (CIABOC)","1"
"16108","0","Cricket","1"
"16109","3","Violence, Shootings & Fatal Accidents","1"
"16110","14","US/China Trade & Tariffs","1"
"16111","6","Transport & Railways","1"
"16112","1","General Sri Lanka News (Cyclone Ditwah relief, Rupee, Tourism)","1"
"16113","2","Arrests, Bribery & Corruption (CIABOC)","1"
"16114","1","General Sri Lanka News (Cyclone Ditwah relief, Rupee, Tourism)","1"
"16115","11","Wildlife & Human-Elephant Conflict","1"
"16116","0","Cricket","1"
"16117","8","Electricity Tariffs & CEB","1"
"16118","0","Cricket","1"
"16119","0","Cricket","1"
"16120","0","Cricket","1"
"16121","10","Education & Examinations","1"
"16122","2","Arrests, Bribery & Corruption (CIABOC)","1"
"16123","0","Cricket","1"
"16124","1","General Sri Lanka News (Cyclone Ditwah relief, Rupee, Tourism)","1"
"16125","1","General Sri Lanka News (Cyclone Ditwah relief, Rupee, Tourism)","1"
"16126","1","General Sri Lanka News (Cyclone Ditwah relief, Rupee, Tourism)","1"
"16127","19","NASA & Space (Artemis)","1"
"16128","3","Violence, Shootings & Fatal Accidents","1"
"16129","0","Cricket","1"
"16130","0","Cricket","1"
"16131","8","Electricity Tariffs & CEB","1"
"16132","7","Health & Dengue","1"
"16133","3","Violence, Shootings & Fatal Accidents","1"
"16134","1","General Sri Lanka News (Cyclone Ditwah relief, Rupee, Tourism)","1"
"16135","4","Weather & Flood Warnings","1"
"16136","1","General Sri Lanka News (Cyclone Ditwah relief, Rupee, Tourism)","1"
"16137","2","Arrests, Bribery & Corruption (CIABOC)","1"
"16138","1","General Sri Lanka News (Cyclone Ditwah relief, Rupee, Tourism)","1"
"16139","9","Fuel & Oil Prices (CPC)","1"
"16140","2","Arrests, Bribery & Corruption (CIABOC)","1"
"16141","10","Education & Examinations","1"
"16142","2","Arrests, Bribery & Corruption (CIABOC)","1"
"16143","15","Public Holidays & Special Traffic Plans","1"
"16144","8","Electricity Tariffs & CEB","1"
"16145","1","General Sri Lanka News (Cyclone Ditwah relief, Rupee, Tourism)","1"
"16146","17","Healthcare Worker Strikes (GMOA)","1"
"16147","0","Cricket","1"
"16148","2","Arrests, Bribery & Corruption (CIABOC)","1"
"16149","0","Cricket","1"
"16150","0","Cricket","1"
"16151","0","Cricket","1"
"16152","12","Consumer Prices & Food (Rice/CAA)","1"
"16153","1","General Sri Lanka News (Cyclone Ditwah relief, Rupee, Tourism)","1"
"16154","1","General Sri Lanka News (Cyclone Ditwah relief, Rupee, Tourism)","1"
"16155","3","Violence, Shootings & Fatal Accidents","1"
"16156","2","Arrests, Bribery & Corruption (CIABOC)","1"
"16157","8","Electricity Tariffs & CEB","1"
"16158","1","General Sri Lanka News (Cyclone Ditwah relief, Rupee, Tourism)","1"
"16159","14","US/China Trade & Tariffs","1"
"16160","7","Health & Dengue","1"
"16161","1","General Sri Lanka News (Cyclone Ditwah relief, Rupee, Tourism)","1"
"16162","22","Liquor Shop Regulations","1"
"16163","1","General Sri Lanka News (Cyclone Ditwah relief, Rupee, Tourism)","1"
"16164","0","Cricket","1"
"16165","1","General Sri Lanka News (Cyclone Ditwah relief, Rupee, Tourism)","1"
"16166","1","General Sri Lanka News (Cyclone Ditwah relief, Rupee, Tourism)","1"
"16167","6","Transport & Railways","1"
"16168","0","Cricket","1"
"16169","3","Violence, Shootings & Fatal Accidents","1"
"16170","5","Iran War & Geopolitics (Trump/Hormuz)","1"
"16171","15","Public Holidays & Special Traffic Plans","1"
"16172","11","Wildlife & Human-Elephant Conflict","1"
"16173","0","Cricket","1"
"16174","0","Cricket","1"
"16175","0","Cricket","1"
"16176","2","Arrests, Bribery & Corruption (CIABOC)","1"
"16177","12","Consumer Prices & Food (Rice/CAA)","1"
"16178","0","Cricket","1"
"16179","11","Wildlife & Human-Elephant Conflict","1"
"16180","0","Cricket","1"
"16181","17","Healthcare Worker Strikes (GMOA)","1"
"16182","3","Violence, Shootings & Fatal Accidents","1"
"16183","0","Cricket","1"
"16184","9","Fuel & Oil Prices (CPC)","1"
"16185","8","Electricity Tariffs & CEB","1"
"16186","7","Health & Dengue","1"
"16187","7","Health & Dengue","1"
"16188","12","Consumer Prices & Food (Rice/CAA)","1"
"16189","2","Arrests, Bribery & Corruption (CIABOC)","1"
"16190","1","General Sri Lanka News (Cyclone Ditwah relief, Rupee, Tourism)","1"
"16191","2","Arrests, Bribery & Corruption (CIABOC)","1"
"16192","12","Consumer Prices & Food (Rice/CAA)","1"
"16193","4","Weather & Flood Warnings","1"
"16194","1","General Sri Lanka News (Cyclone Ditwah relief, Rupee, Tourism)","1"
"16195","2","Arrests, Bribery & Corruption (CIABOC)","1"
"16196","2","Arrests, Bribery & Corruption (CIABOC)","1"
"16197","14","US/China Trade & Tariffs","1"
"16198","3","Violence, Shootings & Fatal Accidents","1"
"16199","17","Healthcare Worker Strikes (GMOA)","1"
"16200","14","US/China Trade & Tariffs","1"
"16201","1","General Sri Lanka News (Cyclone Ditwah relief, Rupee, Tourism)","1"
"16202","8","Electricity Tariffs & CEB","1"
"16203","1","General Sri Lanka News (Cyclone Ditwah relief, Rupee, Tourism)","1"
"16204","0","Cricket","1"
"16205","8","Electricity Tariffs & CEB","1"
"16206","2","Arrests, Bribery & Corruption (CIABOC)","1"
"16207","2","Arrests, Bribery & Corruption (CIABOC)","1"
"16208","0","Cricket","1"
"16209","8","Electricity Tariffs & CEB","1"
"16210","4","Weather & Flood Warnings","1"
"16211","2","Arrests, Bribery & Corruption (CIABOC)","1"
"16212","3","Violence, Shootings & Fatal Accidents","1"
"16213","7","Health & Dengue","1"
"16214","11","Wildlife & Human-Elephant Conflict","1"
"16215","11","Wildlife & Human-Elephant Conflict","1"
"16216","0","Cricket","1"
"16217","1","General Sri Lanka News (Cyclone Ditwah relief, Rupee, Tourism)","1"
"16218","0","Cricket","1"
"16219","3","Violence, Shootings & Fatal Accidents","1"
"16220","7","Health & Dengue","1"
"16221","2","Arrests, Bribery & Corruption (CIABOC)","1"
"16222","2","Arrests, Bribery & Corruption (CIABOC)","1"
"16223","3","Violence, Shootings & Fatal Accidents","1"
"16224","0","Cricket","1"
"16225","1","General Sri Lanka News (Cyclone Ditwah relief, Rupee, Tourism)","1"
"16226","0","Cricket","1"
"16227","13","Media, Online Safety & News Digests","1"
"16228","3","Violence, Shootings & Fatal Accidents","1"
"16229","8","Electricity Tariffs & CEB","1"
"16230","4","Weather & Flood Warnings","1"
"16231","4","Weather & Flood Warnings","1"
"16232","5","Iran War & Geopolitics (Trump/Hormuz)","1"
"16233","0","Cricket","1"
"16234","17","Healthcare Worker Strikes (GMOA)","1"
"16235","3","Violence, Shootings & Fatal Accidents","1"
"16236","2","Arrests, Bribery & Corruption (CIABOC)","1"
"16237","13","Media, Online Safety & News Digests","1"
"16238","0","Cricket","1"
"16239","0","Cricket","1"
"16240","2","Arrests, Bribery & Corruption (CIABOC)","1"
"16241","3","Violence, Shootings & Fatal Accidents","1"
"16242","0","Cricket","1"
"16243","0","Cricket","1"
"16244","0","Cricket","1"
"16245","1","General Sri Lanka News (Cyclone Ditwah relief, Rupee, Tourism)","1"
"16246","0","Cricket","1"
"16247","4","Weather & Flood Warnings","1"
"16248","0","Cricket","1"
"16249","0","Cricket","1"
"16250","3","Violence, Shootings & Fatal Accidents","1"
"16251","2","Arrests, Bribery & Corruption (CIABOC)","1"
"16252","3","Violence, Shootings & Fatal Accidents","1"
"16253","1","General Sri Lanka News (Cyclone Ditwah relief, Rupee, Tourism)","1"
"16254","0","Cricket","1"
"16255","1","General Sri Lanka News (Cyclone Ditwah relief, Rupee, Tourism)","1"
"16256","1","General Sri Lanka News (Cyclone Ditwah relief, Rupee, Tourism)","1"
"16257","2","Arrests, Bribery & Corruption (CIABOC)","1"
"16258","0","Cricket","1"
"16259","11","Wildlife & Human-Elephant Conflict","1"
"16260","1","General Sri Lanka News (Cyclone Ditwah relief, Rupee, Tourism)","1"
"16261","8","Electricity Tariffs & CEB","1"
"16262","0","Cricket","1"
"16263","1","General Sri Lanka News (Cyclone Ditwah relief, Rupee, Tourism)","1"
"16264","5","Iran War & Geopolitics (Trump/Hormuz)","1"
"16265","2","Arrests, Bribery & Corruption (CIABOC)","1"
"16266","0","Cricket","1"
"16267","2","Arrests, Bribery & Corruption (CIABOC)","1"
"16268","3","Violence, Shootings & Fatal Accidents","1"
"16269","1","General Sri Lanka News (Cyclone Ditwah relief, Rupee, Tourism)","1"
"16270","8","Electricity Tariffs & CEB","1"
"16271","1","General Sri Lanka News (Cyclone Ditwah relief, Rupee, Tourism)","1"
"16272","2","Arrests, Bribery & Corruption (CIABOC)","1"
"16273","1","General Sri Lanka News (Cyclone Ditwah relief, Rupee, Tourism)","1"
"16274","0","Cricket","1"
"16275","14","US/China Trade & Tariffs","1"
"16276","8","Electricity Tariffs & CEB","1"
"16277","0","Cricket","1"
"16278","14","US/China Trade & Tariffs","1"
"16279","0","Cricket","1"
"16280","4","Weather & Flood Warnings","1"
"16281","1","General Sri Lanka News (Cyclone Ditwah relief, Rupee, Tourism)","1"
"16282","1","General Sri Lanka News (Cyclone Ditwah relief, Rupee, Tourism)","1"
"16283","14","US/China Trade & Tariffs","1"
"16284","0","Cricket","1"
"16285","7","Health & Dengue","1"
"16286","5","Iran War & Geopolitics (Trump/Hormuz)","1"
"16287","7","Health & Dengue","1"
"16288","0","Cricket","1"
"16289","3","Violence, Shootings & Fatal Accidents","1"
"16290","5","Iran War & Geopolitics (Trump/Hormuz)","1"
"16291","6","Transport & Railways","1"
"16292","11","Wildlife & Human-Elephant Conflict","1"
"16293","0","Cricket","1"
"16294","6","Transport & Railways","1"
"16295","0","Cricket","1"
"16296","0","Cricket","1"
"16297","5","Iran War & Geopolitics (Trump/Hormuz)","1"
"16298","7","Health & Dengue","1"
"16299","0","Cricket","1"
"16300","8","Electricity Tariffs & CEB","1"
"16301","0","Cricket","1"
"16302","1","General Sri Lanka News (Cyclone Ditwah relief, Rupee, Tourism)","1"
"16303","0","Cricket","1"
"16304","2","Arrests, Bribery & Corruption (CIABOC)","1"
"16305","0","Cricket","1"
"16306","0","Cricket","1"
"16307","8","Electricity Tariffs & CEB","1"
"16308","1","General Sri Lanka News (Cyclone Ditwah relief, Rupee, Tourism)","1"
"16309","0","Cricket","1"
"16310","7","Health & Dengue","1"
"16311","0","Cricket","1"
"16312","0","Cricket","1"
"16313","8","Electricity Tariffs & CEB","1"
"16314","0","Cricket","1"
"16315","3","Violence, Shootings & Fatal Accidents","1"
"16316","13","Media, Online Safety & News Digests","1"
"16317","3","Violence, Shootings & Fatal Accidents","1"
"16318","0","Cricket","1"
"16319","5","Iran War & Geopolitics (Trump/Hormuz)","1"
"16320","17","Healthcare Worker Strikes (GMOA)","1"
"16321","22","Liquor Shop Regulations","1"
"16322","5","Iran War & Geopolitics (Trump/Hormuz)","1"
"16323","5","Iran War & Geopolitics (Trump/Hormuz)","1"
"16324","13","Media, Online Safety & News Digests","1"
"16325","13","Media, Online Safety & News Digests","1"
"16326","1","General Sri Lanka News (Cyclone Ditwah relief, Rupee, Tourism)","1"
"16327","5","Iran War & Geopolitics (Trump/Hormuz)","1"
"16328","0","Cricket","1"
"16329","5","Iran War & Geopolitics (Trump/Hormuz)","1"
"16330","0","Cricket","1"
"16331","2","Arrests, Bribery & Corruption (CIABOC)","1"
"16332","0","Cricket","1"
"16333","0","Cricket","1"
"16334","5","Iran War & Geopolitics (Trump/Hormuz)","1"
"16335","0","Cricket","1"
"16336","12","Consumer Prices & Food (Rice/CAA)","1"
"16337","8","Electricity Tariffs & CEB","1"
"16338","0","Cricket","1"
"16339","0","Cricket","1"
"16340","0","Cricket","1"
"16341","0","Cricket","1"
"16342","13","Media, Online Safety & News Digests","1"
"16343","0","Cricket","1"
"16344","2","Arrests, Bribery & Corruption (CIABOC)","1"
"16345","14","US/China Trade & Tariffs","1"
"16346","0","Cricket","1"
"16347","3","Violence, Shootings & Fatal Accidents","1"
"16348","0","Cricket","1"
"16349","5","Iran War & Geopolitics (Trump/Hormuz)","1"
"16350","14","US/China Trade & Tariffs","1"
"16351","6","Transport & Railways","1"
"16352","0","Cricket","1"
"16353","7","Health & Dengue","1"
"16354","13","Media, Online Safety & News Digests","1"
"16355","0","Cricket","1"
"16356","0","Cricket","1"
"16357","0","Cricket","1"
"16358","2","Arrests, Bribery & Corruption (CIABOC)","1"
"16359","4","Weather & Flood Warnings","1"
"16360","5","Iran War & Geopolitics (Trump/Hormuz)","1"
"16361","7","Health & Dengue","1"
"16362","13","Media, Online Safety & News Digests","1"
"16363","20","Fuel Quota & QR System","1"
"16364","0","Cricket","1"
"16365","14","US/China Trade & Tariffs","1"
"16366","12","Consumer Prices & Food (Rice/CAA)","1"
"16367","7","Health & Dengue","1"
"16368","13","Media, Online Safety & News Digests","1"
"16369","1","General Sri Lanka News (Cyclone Ditwah relief, Rupee, Tourism)","1"
"16370","6","Transport & Railways","1"
"16371","3","Violence, Shootings & Fatal Accidents","1"
"16372","0","Cricket","1"
"16373","2","Arrests, Bribery & Corruption (CIABOC)","1"
"16374","1","General Sri Lanka News (Cyclone Ditwah relief, Rupee, Tourism)","1"
"16375","5","Iran War & Geopolitics (Trump/Hormuz)","1"
"16376","5","Iran War & Geopolitics (Trump/Hormuz)","1"
"16377","15","Public Holidays & Special Traffic Plans","1"
"16378","5","Iran War & Geopolitics (Trump/Hormuz)","1"
"16379","4","Weather & Flood Warnings","1"
"16380","5","Iran War & Geopolitics (Trump/Hormuz)","1"
"16381","3","Violence, Shootings & Fatal Accidents","1"
"16382","10","Education & Examinations","1"
"16383","0","Cricket","1"
"16384","0","Cricket","1"
"16385","14","US/China Trade & Tariffs","1"
"16386","0","Cricket","1"
"16387","6","Transport & Railways","1"
"16388","19","NASA & Space (Artemis)","1"
"16389","5","Iran War & Geopolitics (Trump/Hormuz)","1"
"16390","3","Violence, Shootings & Fatal Accidents","1"
"16391","2","Arrests, Bribery & Corruption (CIABOC)","1"
"16392","1","General Sri Lanka News (Cyclone Ditwah relief, Rupee, Tourism)","1"
"16393","14","US/China Trade & Tariffs","1"
"16394","4","Weather & Flood Warnings","1"
"16395","5","Iran War & Geopolitics (Trump/Hormuz)","1"
"16396","0","Cricket","1"
"16397","0","Cricket","1"
"16398","2","Arrests, Bribery & Corruption (CIABOC)","1"
"16399","0","Cricket","1"
"16400","2","Arrests, Bribery & Corruption (CIABOC)","1"
"16401","0","Cricket","1"
"16402","4","Weather & Flood Warnings","1"
"16403","5","Iran War & Geopolitics (Trump/Hormuz)","1"
"16404","1","General Sri Lanka News (Cyclone Ditwah relief, Rupee, Tourism)","1"
"16405","1","General Sri Lanka News (Cyclone Ditwah relief, Rupee, Tourism)","1"
"16406","14","US/China Trade & Tariffs","1"
"16407","1","General Sri Lanka News (Cyclone Ditwah relief, Rupee, Tourism)","1"
"16408","1","General Sri Lanka News (Cyclone Ditwah relief, Rupee, Tourism)","1"
"16409","13","Media, Online Safety & News Digests","1"
"16410","19","NASA & Space (Artemis)","1"
"16411","0","Cricket","1"
"16412","2","Arrests, Bribery & Corruption (CIABOC)","1"
"16413","17","Healthcare Worker Strikes (GMOA)","1"
"16414","12","Consumer Prices & Food (Rice/CAA)","1"
"16415","3","Violence, Shootings & Fatal Accidents","1"
"16416","0","Cricket","1"
"16417","1","General Sri Lanka News (Cyclone Ditwah relief, Rupee, Tourism)","1"
"16418","3","Violence, Shootings & Fatal Accidents","1"
"16419","0","Cricket","1"
"16420","5","Iran War & Geopolitics (Trump/Hormuz)","1"
"16421","4","Weather & Flood Warnings","1"
"16422","5","Iran War & Geopolitics (Trump/Hormuz)","1"
"16423","1","General Sri Lanka News (Cyclone Ditwah relief, Rupee, Tourism)","1"
"16424","14","US/China Trade & Tariffs","1"
"16425","1","General Sri Lanka News (Cyclone Ditwah relief, Rupee, Tourism)","1"
"16426","1","General Sri Lanka News (Cyclone Ditwah relief, Rupee, Tourism)","1"
"16427","1","General Sri Lanka News (Cyclone Ditwah relief, Rupee, Tourism)","1"
"16428","1","General Sri Lanka News (Cyclone Ditwah relief, Rupee, Tourism)","1"
"16429","0","Cricket","1"
"16430","0","Cricket","1"
"16431","0","Cricket","1"
"16432","0","Cricket","1"
"16433","15","Public Holidays & Special Traffic Plans","1"
"16434","6","Transport & Railways","1"
"16435","7","Health & Dengue","1"
"16436","1","General Sri Lanka News (Cyclone Ditwah relief, Rupee, Tourism)","1"
"16437","6","Transport & Railways","1"
"16438","4","Weather & Flood Warnings","1"
"16439","2","Arrests, Bribery & Corruption (CIABOC)","1"
"16440","7","Health & Dengue","1"
"16441","2","Arrests, Bribery & Corruption (CIABOC)","1"
"16442","7","Health & Dengue","1"
"16443","0","Cricket","1"
"16444","10","Education & Examinations","1"
"16445","1","General Sri Lanka News (Cyclone Ditwah relief, Rupee, Tourism)","1"
"16446","1","General Sri Lanka News (Cyclone Ditwah relief, Rupee, Tourism)","1"
"16447","7","Health & Dengue","1"
"16448","4","Weather & Flood Warnings","1"
"16449","1","General Sri Lanka News (Cyclone Ditwah relief, Rupee, Tourism)","1"
"16450","0","Cricket","1"
"16451","3","Violence, Shootings & Fatal Accidents","1"
"16452","10","Education & Examinations","1"
"16453","6","Transport & Railways","1"
"16454","1","General Sri Lanka News (Cyclone Ditwah relief, Rupee, Tourism)","1"
"16455","1","General Sri Lanka News (Cyclone Ditwah relief, Rupee, Tourism)","1"
"16456","0","Cricket","1"
"16457","3","Violence, Shootings & Fatal Accidents","1"
"16458","6","Transport & Railways","1"
"16459","1","General Sri Lanka News (Cyclone Ditwah relief, Rupee, Tourism)","1"
"16460","14","US/China Trade & Tariffs","1"
"16461","18","Easter Sunday Attacks (Retrospective/Legal)","1"
"16462","0","Cricket","1"
"16463","0","Cricket","1"
"16464","3","Violence, Shootings & Fatal Accidents","1"
"16465","0","Cricket","1"
"16466","6","Transport & Railways","1"
"16467","3","Violence, Shootings & Fatal Accidents","1"
"16468","0","Cricket","1"
"16469","2","Arrests, Bribery & Corruption (CIABOC)","1"
"16470","2","Arrests, Bribery & Corruption (CIABOC)","1"
"16471","3","Violence, Shootings & Fatal Accidents","1"
"16472","7","Health & Dengue","1"
"16473","8","Electricity Tariffs & CEB","1"
"16474","1","General Sri Lanka News (Cyclone Ditwah relief, Rupee, Tourism)","1"
"16475","0","Cricket","1"
"16476","3","Violence, Shootings & Fatal Accidents","1"
"16477","0","Cricket","1"
"16478","0","Cricket","1"
"16479","0","Cricket","1"
"16480","3","Violence, Shootings & Fatal Accidents","1"
"16481","0","Cricket","1"
"16482","0","Cricket","1"
"16483","0","Cricket","1"
"16484","1","General Sri Lanka News (Cyclone Ditwah relief, Rupee, Tourism)","1"
"16485","10","Education & Examinations","1"
"16486","10","Education & Examinations","1"
"16487","3","Violence, Shootings & Fatal Accidents","1"
"16488","4","Weather & Flood Warnings","1"
"16489","0","Cricket","1"
"16490","6","Transport & Railways","1"
"16491","0","Cricket","1"
"16492","0","Cricket","1"
"16493","0","Cricket","1"
"16494","0","Cricket","1"
"16495","14","US/China Trade & Tariffs","1"
"16496","3","Violence, Shootings & Fatal Accidents","1"
"16497","10","Education & Examinations","1"
"16498","7","Health & Dengue","1"
"16499","0","Cricket","1"
"16500","3","Violence, Shootings & Fatal Accidents","1"
"16501","0","Cricket","1"
"16502","6","Transport & Railways","1"
"16503","2","Arrests, Bribery & Corruption (CIABOC)","1"
"16504","0","Cricket","1"
"16505","1","General Sri Lanka News (Cyclone Ditwah relief, Rupee, Tourism)","1"
"16506","3","Violence, Shootings & Fatal Accidents","1"
"16507","1","General Sri Lanka News (Cyclone Ditwah relief, Rupee, Tourism)","1"
"16508","0","Cricket","1"
"16509","5","Iran War & Geopolitics (Trump/Hormuz)","1"
"16510","5","Iran War & Geopolitics (Trump/Hormuz)","1"
"16511","0","Cricket","1"
"16512","1","General Sri Lanka News (Cyclone Ditwah relief, Rupee, Tourism)","1"
"16513","4","Weather & Flood Warnings","1"
"16514","1","General Sri Lanka News (Cyclone Ditwah relief, Rupee, Tourism)","1"
"16515","1","General Sri Lanka News (Cyclone Ditwah relief, Rupee, Tourism)","1"
"16516","1","General Sri Lanka News (Cyclone Ditwah relief, Rupee, Tourism)","1"
"16517","0","Cricket","1"
"16518","0","Cricket","1"
"16519","3","Violence, Shootings & Fatal Accidents","1"
"16520","0","Cricket","1"
"16521","10","Education & Examinations","1"
"16522","5","Iran War & Geopolitics (Trump/Hormuz)","1"
"16523","0","Cricket","1"
"16524","3","Violence, Shootings & Fatal Accidents","1"
"16525","0","Cricket","1"
"16526","5","Iran War & Geopolitics (Trump/Hormuz)","1"
"16527","6","Transport & Railways","1"
"16528","1","General Sri Lanka News (Cyclone Ditwah relief, Rupee, Tourism)","1"
"16529","6","Transport & Railways","1"
"16530","1","General Sri Lanka News (Cyclone Ditwah relief, Rupee, Tourism)","1"
"16531","2","Arrests, Bribery & Corruption (CIABOC)","1"
"16532","0","Cricket","1"
"16533","1","General Sri Lanka News (Cyclone Ditwah relief, Rupee, Tourism)","1"
"16534","5","Iran War & Geopolitics (Trump/Hormuz)","1"
"16535","0","Cricket","1"
"16536","10","Education & Examinations","1"
"16537","5","Iran War & Geopolitics (Trump/Hormuz)","1"
"16538","0","Cricket","1"
"16539","13","Media, Online Safety & News Digests","1"
"16540","3","Violence, Shootings & Fatal Accidents","1"
"16541","8","Electricity Tariffs & CEB","1"
"16542","0","Cricket","1"
"16543","0","Cricket","1"
"16544","6","Transport & Railways","1"
"16545","4","Weather & Flood Warnings","1"
"16546","7","Health & Dengue","1"
"16547","0","Cricket","1"
"16548","0","Cricket","1"
"16549","4","Weather & Flood Warnings","1"
"16550","0","Cricket","1"
"16551","0","Cricket","1"
"16552","2","Arrests, Bribery & Corruption (CIABOC)","1"
"16553","1","General Sri Lanka News (Cyclone Ditwah relief, Rupee, Tourism)","1"
"16554","5","Iran War & Geopolitics (Trump/Hormuz)","1"
"16555","10","Education & Examinations","1"
"16556","5","Iran War & Geopolitics (Trump/Hormuz)","1"
"16557","4","Weather & Flood Warnings","1"
"16558","6","Transport & Railways","1"
"16559","2","Arrests, Bribery & Corruption (CIABOC)","1"
"16560","7","Health & Dengue","1"
"16561","0","Cricket","1"
"16562","0","Cricket","1"
"16563","5","Iran War & Geopolitics (Trump/Hormuz)","1"
"16564","8","Electricity Tariffs & CEB","1"
"16565","13","Media, Online Safety & News Digests","1"
"16566","3","Violence, Shootings & Fatal Accidents","1"
"16567","0","Cricket","1"
"16568","4","Weather & Flood Warnings","1"
"16569","10","Education & Examinations","1"
"16570","4","Weather & Flood Warnings","1"
"16571","5","Iran War & Geopolitics (Trump/Hormuz)","1"
"16572","6","Transport & Railways","1"
"16573","6","Transport & Railways","1"
"16574","3","Violence, Shootings & Fatal Accidents","1"
"16575","2","Arrests, Bribery & Corruption (CIABOC)","1"
"16576","0","Cricket","1"
"16577","7","Health & Dengue","1"
"16578","2","Arrests, Bribery & Corruption (CIABOC)","1"
"16579","2","Arrests, Bribery & Corruption (CIABOC)","1"
"16580","0","Cricket","1"
"16581","0","Cricket","1"
"16582","4","Weather & Flood Warnings","1"
"16583","0","Cricket","1"
"16584","2","Arrests, Bribery & Corruption (CIABOC)","1"
"16585","8","Electricity Tariffs & CEB","1"
"16586","0","Cricket","1"
"16587","2","Arrests, Bribery & Corruption (CIABOC)","1"
"16588","0","Cricket","1"
"16589","3","Violence, Shootings & Fatal Accidents","1"
"16590","0","Cricket","1"
"16591","0","Cricket","1"
"16592","1","General Sri Lanka News (Cyclone Ditwah relief, Rupee, Tourism)","1"
"16593","17","Healthcare Worker Strikes (GMOA)","1"
"16594","6","Transport & Railways","1"
"16595","0","Cricket","1"
"16596","0","Cricket","1"
"16597","2","Arrests, Bribery & Corruption (CIABOC)","1"
"16598","3","Violence, Shootings & Fatal Accidents","1"
"16599","0","Cricket","1"
"16600","3","Violence, Shootings & Fatal Accidents","1"
"16601","3","Violence, Shootings & Fatal Accidents","1"
"16602","11","Wildlife & Human-Elephant Conflict","1"
"16603","0","Cricket","1"
"16604","0","Cricket","1"
"16605","13","Media, Online Safety & News Digests","1"
"16606","0","Cricket","1"
"16607","0","Cricket","1"
"16608","2","Arrests, Bribery & Corruption (CIABOC)","1"
"16609","0","Cricket","1"
"16610","5","Iran War & Geopolitics (Trump/Hormuz)","1"
"16611","3","Violence, Shootings & Fatal Accidents","1"
"16612","18","Easter Sunday Attacks (Retrospective/Legal)","1"
"16613","0","Cricket","1"
"16614","0","Cricket","1"
"16615","9","Fuel & Oil Prices (CPC)","1"
"16616","14","US/China Trade & Tariffs","1"
"16617","17","Healthcare Worker Strikes (GMOA)","1"
"16618","8","Electricity Tariffs & CEB","1"
"16619","2","Arrests, Bribery & Corruption (CIABOC)","1"
"16620","11","Wildlife & Human-Elephant Conflict","1"
"16621","3","Violence, Shootings & Fatal Accidents","1"
"16622","2","Arrests, Bribery & Corruption (CIABOC)","1"
"16623","8","Electricity Tariffs & CEB","1"
"16624","2","Arrests, Bribery & Corruption (CIABOC)","1"
"16625","2","Arrests, Bribery & Corruption (CIABOC)","1"
"16626","1","General Sri Lanka News (Cyclone Ditwah relief, Rupee, Tourism)","1"
"16627","11","Wildlife & Human-Elephant Conflict","1"
"16628","8","Electricity Tariffs & CEB","1"
"16629","11","Wildlife & Human-Elephant Conflict","1"
"16630","8","Electricity Tariffs & CEB","1"
"16631","8","Electricity Tariffs & CEB","1"
"16632","8","Electricity Tariffs & CEB","1"
"16633","17","Healthcare Worker Strikes (GMOA)","1"
"16634","0","Cricket","1"
"16635","0","Cricket","1"
"16636","4","Weather & Flood Warnings","1"
"16637","2","Arrests, Bribery & Corruption (CIABOC)","1"
"16638","10","Education & Examinations","1"
"16639","10","Education & Examinations","1"
"16640","17","Healthcare Worker Strikes (GMOA)","1"
"16641","0","Cricket","1"
"16642","10","Education & Examinations","1"
"16643","0","Cricket","1"
"16644","9","Fuel & Oil Prices (CPC)","1"
"16645","1","General Sri Lanka News (Cyclone Ditwah relief, Rupee, Tourism)","1"
"16646","7","Health & Dengue","1"
"16647","9","Fuel & Oil Prices (CPC)","1"
"16648","0","Cricket","1"
"16649","1","General Sri Lanka News (Cyclone Ditwah relief, Rupee, Tourism)","1"
"16650","8","Electricity Tariffs & CEB","1"
"16651","7","Health & Dengue","1"
"16652","17","Healthcare Worker Strikes (GMOA)","1"
"16653","2","Arrests, Bribery & Corruption (CIABOC)","1"
"16654","8","Electricity Tariffs & CEB","1"
"16655","13","Media, Online Safety & News Digests","1"
"16656","3","Violence, Shootings & Fatal Accidents","1"
"16657","11","Wildlife & Human-Elephant Conflict","1"
"16658","14","US/China Trade & Tariffs","1"
"16659","0","Cricket","1"
"16660","0","Cricket","1"
"16661","8","Electricity Tariffs & CEB","1"
"16662","0","Cricket","1"
"16663","0","Cricket","1"
"16664","6","Transport & Railways","1"
"16665","0","Cricket","1"
"16666","4","Weather & Flood Warnings","1"
"16667","13","Media, Online Safety & News Digests","1"
"16668","6","Transport & Railways","1"
"16669","7","Health & Dengue","1"
"16670","18","Easter Sunday Attacks (Retrospective/Legal)","1"
"16671","0","Cricket","1"
"16672","0","Cricket","1"
"16673","6","Transport & Railways","1"
"16674","0","Cricket","1"
"16675","0","Cricket","1"
"16676","13","Media, Online Safety & News Digests","1"
"16677","1","General Sri Lanka News (Cyclone Ditwah relief, Rupee, Tourism)","1"
"16678","0","Cricket","1"
"16679","10","Education & Examinations","1"
"16680","13","Media, Online Safety & News Digests","1"
"16681","2","Arrests, Bribery & Corruption (CIABOC)","1"
"16682","1","General Sri Lanka News (Cyclone Ditwah relief, Rupee, Tourism)","1"
"16683","1","General Sri Lanka News (Cyclone Ditwah relief, Rupee, Tourism)","1"
"16684","0","Cricket","1"
"16685","0","Cricket","1"
"16686","2","Arrests, Bribery & Corruption (CIABOC)","1"
"16687","11","Wildlife & Human-Elephant Conflict","1"
"16688","12","Consumer Prices & Food (Rice/CAA)","1"
"16689","3","Violence, Shootings & Fatal Accidents","1"
"16690","0","Cricket","1"
"16691","2","Arrests, Bribery & Corruption (CIABOC)","1"
"16692","4","Weather & Flood Warnings","1"
"16693","13","Media, Online Safety & News Digests","1"
"16694","18","Easter Sunday Attacks (Retrospective/Legal)","1"
"16695","0","Cricket","1"
"16696","1","General Sri Lanka News (Cyclone Ditwah relief, Rupee, Tourism)","1"
"16697","1","General Sri Lanka News (Cyclone Ditwah relief, Rupee, Tourism)","1"
"16698","2","Arrests, Bribery & Corruption (CIABOC)","1"
"16699","1","General Sri Lanka News (Cyclone Ditwah relief, Rupee, Tourism)","1"
"16700","1","General Sri Lanka News (Cyclone Ditwah relief, Rupee, Tourism)","1"
"16701","22","Liquor Shop Regulations","1"
"16702","4","Weather & Flood Warnings","1"
"16703","0","Cricket","1"
"16704","1","General Sri Lanka News (Cyclone Ditwah relief, Rupee, Tourism)","1"
"16705","1","General Sri Lanka News (Cyclone Ditwah relief, Rupee, Tourism)","1"
"16706","1","General Sri Lanka News (Cyclone Ditwah relief, Rupee, Tourism)","1"
"16707","9","Fuel & Oil Prices (CPC)","1"
"16708","1","General Sri Lanka News (Cyclone Ditwah relief, Rupee, Tourism)","1"
"16709","2","Arrests, Bribery & Corruption (CIABOC)","1"
"16710","2","Arrests, Bribery & Corruption (CIABOC)","1"
"16711","1","General Sri Lanka News (Cyclone Ditwah relief, Rupee, Tourism)","1"
"16712","13","Media, Online Safety & News Digests","1"
"16713","7","Health & Dengue","1"
"16714","6","Transport & Railways","1"
"16715","12","Consumer Prices & Food (Rice/CAA)","1"
"16716","2","Arrests, Bribery & Corruption (CIABOC)","1"
"16717","2","Arrests, Bribery & Corruption (CIABOC)","1"
"16718","6","Transport & Railways","1"
"16719","3","Violence, Shootings & Fatal Accidents","1"
"16720","1","General Sri Lanka News (Cyclone Ditwah relief, Rupee, Tourism)","1"
"16721","9","Fuel & Oil Prices (CPC)","1"
"16722","5","Iran War & Geopolitics (Trump/Hormuz)","1"
"16723","6","Transport & Railways","1"
"16724","4","Weather & Flood Warnings","1"
"16725","18","Easter Sunday Attacks (Retrospective/Legal)","1"
"16726","0","Cricket","1"
"16727","9","Fuel & Oil Prices (CPC)","1"
"16728","8","Electricity Tariffs & CEB","1"
"16729","9","Fuel & Oil Prices (CPC)","1"
"16730","10","Education & Examinations","1"
"16731","8","Electricity Tariffs & CEB","1"
"16732","0","Cricket","1"
"16733","3","Violence, Shootings & Fatal Accidents","1"
"16734","0","Cricket","1"
"16735","0","Cricket","1"
"16736","1","General Sri Lanka News (Cyclone Ditwah relief, Rupee, Tourism)","1"
"16737","0","Cricket","1"
"16738","0","Cricket","1"
"16739","3","Violence, Shootings & Fatal Accidents","1"
"16740","10","Education & Examinations","1"
"16741","11","Wildlife & Human-Elephant Conflict","1"
"16742","0","Cricket","1"
"16743","0","Cricket","1"
"16744","2","Arrests, Bribery & Corruption (CIABOC)","1"
"16745","0","Cricket","1"
"16746","1","General Sri Lanka News (Cyclone Ditwah relief, Rupee, Tourism)","1"
"16747","13","Media, Online Safety & News Digests","1"
"16748","11","Wildlife & Human-Elephant Conflict","1"
"16749","1","General Sri Lanka News (Cyclone Ditwah relief, Rupee, Tourism)","1"
"16750","0","Cricket","1"
"16751","19","NASA & Space (Artemis)","1"
"16752","8","Electricity Tariffs & CEB","1"
"16753","11","Wildlife & Human-Elephant Conflict","1"
"16754","12","Consumer Prices & Food (Rice/CAA)","1"
"16755","6","Transport & Railways","1"
"16756","4","Weather & Flood Warnings","1"
"16757","4","Weather & Flood Warnings","1"
"16758","1","General Sri Lanka News (Cyclone Ditwah relief, Rupee, Tourism)","1"
"16759","4","Weather & Flood Warnings","1"
"16760","0","Cricket","1"
"16761","8","Electricity Tariffs & CEB","1"
"16762","7","Health & Dengue","1"
"16763","0","Cricket","1"
"16764","11","Wildlife & Human-Elephant Conflict","1"
"16765","7","Health & Dengue","1"
"16766","0","Cricket","1"
"16767","0","Cricket","1"
"16768","11","Wildlife & Human-Elephant Conflict","1"
"16769","0","Cricket","1"
"16770","0","Cricket","1"
"16771","7","Health & Dengue","1"
"16772","1","General Sri Lanka News (Cyclone Ditwah relief, Rupee, Tourism)","1"
"16773","11","Wildlife & Human-Elephant Conflict","1"
"16774","3","Violence, Shootings & Fatal Accidents","1"
"16775","8","Electricity Tariffs & CEB","1"
"16776","14","US/China Trade & Tariffs","1"
"16777","0","Cricket","1"
"16778","0","Cricket","1"
"16779","4","Weather & Flood Warnings","1"
"16780","4","Weather & Flood Warnings","1"
"16781","1","General Sri Lanka News (Cyclone Ditwah relief, Rupee, Tourism)","1"
"16782","11","Wildlife & Human-Elephant Conflict","1"
"16783","0","Cricket","1"
"16784","1","General Sri Lanka News (Cyclone Ditwah relief, Rupee, Tourism)","1"
"16785","3","Violence, Shootings & Fatal Accidents","1"
"16786","14","US/China Trade & Tariffs","1"
"16787","1","General Sri Lanka News (Cyclone Ditwah relief, Rupee, Tourism)","1"
"16788","0","Cricket","1"
"16789","1","General Sri Lanka News (Cyclone Ditwah relief, Rupee, Tourism)","1"
"16790","14","US/China Trade & Tariffs","1"
"16791","2","Arrests, Bribery & Corruption (CIABOC)","1"
"16792","0","Cricket","1"
"16793","1","General Sri Lanka News (Cyclone Ditwah relief, Rupee, Tourism)","1"
"16794","11","Wildlife & Human-Elephant Conflict","1"
